code,name,listing_date,exchange,board,provider,snapshot_date
000001,平安银行,19910403,SZSE,主板,bundled_seed,2026-06-02
000002,万科Ａ,19910129,SZSE,主板,bundled_seed,2026-06-02
000004,*ST国华,19901201,SZSE,主板,bundled_seed,2026-06-02
000006,深振业Ａ,19920427,SZSE,主板,bundled_seed,2026-06-02
000007,全新好,19920413,SZSE,主板,bundled_seed,2026-06-02
000008,神州高铁,19920507,SZSE,主板,bundled_seed,2026-06-02
000009,中国宝安,19910625,SZSE,主板,bundled_seed,2026-06-02
000010,*ST美丽,19951027,SZSE,主板,bundled_seed,2026-06-02
000011,深物业A,19920330,SZSE,主板,bundled_seed,2026-06-02
000012,南玻Ａ,19920228,SZSE,主板,bundled_seed,2026-06-02
000014,沙河股份,19920602,SZSE,主板,bundled_seed,2026-06-02
000016,*ST康佳A,19920327,SZSE,主板,bundled_seed,2026-06-02
000017,深中华A,19920331,SZSE,主板,bundled_seed,2026-06-02
000019,深粮控股,19921012,SZSE,主板,bundled_seed,2026-06-02
000020,深华发Ａ,19920428,SZSE,主板,bundled_seed,2026-06-02
000021,深科技,19940202,SZSE,主板,bundled_seed,2026-06-02
000025,特力Ａ,19930621,SZSE,主板,bundled_seed,2026-06-02
000026,飞亚达,19930603,SZSE,主板,bundled_seed,2026-06-02
000027,深圳能源,19930903,SZSE,主板,bundled_seed,2026-06-02
000028,国药一致,19930809,SZSE,主板,bundled_seed,2026-06-02
000029,深深房Ａ,19930915,SZSE,主板,bundled_seed,2026-06-02
000030,富奥股份,19930929,SZSE,主板,bundled_seed,2026-06-02
000031,大悦城,19931008,SZSE,主板,bundled_seed,2026-06-02
000032,深桑达Ａ,19931028,SZSE,主板,bundled_seed,2026-06-02
000034,神州数码,19940509,SZSE,主板,bundled_seed,2026-06-02
000035,中国天楹,19940408,SZSE,主板,bundled_seed,2026-06-02
000036,华联控股,19940617,SZSE,主板,bundled_seed,2026-06-02
000037,深南电A,19940701,SZSE,主板,bundled_seed,2026-06-02
000039,中集集团,19940408,SZSE,主板,bundled_seed,2026-06-02
000042,中洲控股,19940921,SZSE,主板,bundled_seed,2026-06-02
000045,深纺织Ａ,19940815,SZSE,主板,bundled_seed,2026-06-02
000048,京基智农,19941101,SZSE,主板,bundled_seed,2026-06-02
000049,德赛电池,19950320,SZSE,主板,bundled_seed,2026-06-02
000050,深天马Ａ,19950315,SZSE,主板,bundled_seed,2026-06-02
000055,方大集团,19960415,SZSE,主板,bundled_seed,2026-06-02
000056,*ST皇庭,19960708,SZSE,主板,bundled_seed,2026-06-02
000058,深赛格,19961226,SZSE,主板,bundled_seed,2026-06-02
000059,华锦股份,19970130,SZSE,主板,bundled_seed,2026-06-02
000060,中金岭南,19970123,SZSE,主板,bundled_seed,2026-06-02
000061,农产品,19970110,SZSE,主板,bundled_seed,2026-06-02
000062,深圳华强,19970130,SZSE,主板,bundled_seed,2026-06-02
000063,中兴通讯,19971118,SZSE,主板,bundled_seed,2026-06-02
000065,北方国际,19980605,SZSE,主板,bundled_seed,2026-06-02
000066,中国长城,19970626,SZSE,主板,bundled_seed,2026-06-02
000068,华控赛格,19970611,SZSE,主板,bundled_seed,2026-06-02
000069,华侨城Ａ,19970910,SZSE,主板,bundled_seed,2026-06-02
000070,特发信息,20000511,SZSE,主板,bundled_seed,2026-06-02
000078,ST海王,19981218,SZSE,主板,bundled_seed,2026-06-02
000088,盐田港,19970728,SZSE,主板,bundled_seed,2026-06-02
000089,深圳机场,19980420,SZSE,主板,bundled_seed,2026-06-02
000090,天健集团,19990721,SZSE,主板,bundled_seed,2026-06-02
000096,广聚能源,20000724,SZSE,主板,bundled_seed,2026-06-02
000099,中信海直,20000731,SZSE,主板,bundled_seed,2026-06-02
000100,TCL科技,20040130,SZSE,主板,bundled_seed,2026-06-02
000151,中成股份,20000906,SZSE,主板,bundled_seed,2026-06-02
000153,丰原药业,20000920,SZSE,主板,bundled_seed,2026-06-02
000155,川能动力,20000926,SZSE,主板,bundled_seed,2026-06-02
000156,华数传媒,20000906,SZSE,主板,bundled_seed,2026-06-02
000157,中联重科,20001012,SZSE,主板,bundled_seed,2026-06-02
000158,常山北明,20000724,SZSE,主板,bundled_seed,2026-06-02
000159,国际实业,20000926,SZSE,主板,bundled_seed,2026-06-02
000166,申万宏源,20150126,SZSE,主板,bundled_seed,2026-06-02
000301,东方盛虹,20000529,SZSE,主板,bundled_seed,2026-06-02
000333,美的集团,20130918,SZSE,主板,bundled_seed,2026-06-02
000338,潍柴动力,20070430,SZSE,主板,bundled_seed,2026-06-02
000400,许继电气,19970418,SZSE,主板,bundled_seed,2026-06-02
000401,金隅冀东,19960614,SZSE,主板,bundled_seed,2026-06-02
000402,金融街,19960626,SZSE,主板,bundled_seed,2026-06-02
000403,派林生物,19960628,SZSE,主板,bundled_seed,2026-06-02
000404,长虹华意,19960619,SZSE,主板,bundled_seed,2026-06-02
000407,胜利股份,19960703,SZSE,主板,bundled_seed,2026-06-02
000408,藏格矿业,19960628,SZSE,主板,bundled_seed,2026-06-02
000409,云鼎科技,19960627,SZSE,主板,bundled_seed,2026-06-02
000410,沈阳机床,19960718,SZSE,主板,bundled_seed,2026-06-02
000411,英特集团,19960716,SZSE,主板,bundled_seed,2026-06-02
000415,渤海租赁,19960716,SZSE,主板,bundled_seed,2026-06-02
000417,合百集团,19960812,SZSE,主板,bundled_seed,2026-06-02
000419,通程控股,19960816,SZSE,主板,bundled_seed,2026-06-02
000420,吉林化纤,19960802,SZSE,主板,bundled_seed,2026-06-02
000421,南京公用,19960806,SZSE,主板,bundled_seed,2026-06-02
000422,湖北宜化,19960815,SZSE,主板,bundled_seed,2026-06-02
000423,东阿阿胶,19960729,SZSE,主板,bundled_seed,2026-06-02
000425,徐工机械,19960828,SZSE,主板,bundled_seed,2026-06-02
000426,兴业银锡,19960828,SZSE,主板,bundled_seed,2026-06-02
000428,华天酒店,19960808,SZSE,主板,bundled_seed,2026-06-02
000429,粤高速Ａ,19980220,SZSE,主板,bundled_seed,2026-06-02
000430,张家界,19960829,SZSE,主板,bundled_seed,2026-06-02
000488,ST晨鸣,20001120,SZSE,主板,bundled_seed,2026-06-02
000498,山东路桥,19970609,SZSE,主板,bundled_seed,2026-06-02
000501,武商集团,19921120,SZSE,主板,bundled_seed,2026-06-02
000503,国新健康,19921130,SZSE,主板,bundled_seed,2026-06-02
000504,*ST生物,19921208,SZSE,主板,bundled_seed,2026-06-02
000505,京粮控股,19921221,SZSE,主板,bundled_seed,2026-06-02
000506,招金黄金,19930312,SZSE,主板,bundled_seed,2026-06-02
000507,珠海港,19930326,SZSE,主板,bundled_seed,2026-06-02
000509,华塑控股,19930507,SZSE,主板,bundled_seed,2026-06-02
000510,新金路,19930507,SZSE,主板,bundled_seed,2026-06-02
000513,丽珠集团,19931028,SZSE,主板,bundled_seed,2026-06-02
000514,渝开发,19930712,SZSE,主板,bundled_seed,2026-06-02
000516,国际医学,19930809,SZSE,主板,bundled_seed,2026-06-02
000517,荣安地产,19930806,SZSE,主板,bundled_seed,2026-06-02
000518,四环生物,19930908,SZSE,主板,bundled_seed,2026-06-02
000519,中兵红箭,19931008,SZSE,主板,bundled_seed,2026-06-02
000520,凤凰航运,19931025,SZSE,主板,bundled_seed,2026-06-02
000521,长虹美菱,19931018,SZSE,主板,bundled_seed,2026-06-02
000523,红棉股份,19931108,SZSE,主板,bundled_seed,2026-06-02
000524,岭南控股,19931118,SZSE,主板,bundled_seed,2026-06-02
000525,红太阳,19931028,SZSE,主板,bundled_seed,2026-06-02
000526,学大教育,19931101,SZSE,主板,bundled_seed,2026-06-02
000528,柳工,19931118,SZSE,主板,bundled_seed,2026-06-02
000529,广弘控股,19931118,SZSE,主板,bundled_seed,2026-06-02
000530,冰山冷热,19931208,SZSE,主板,bundled_seed,2026-06-02
000531,穗恒运Ａ,19940106,SZSE,主板,bundled_seed,2026-06-02
000532,华金资本,19940103,SZSE,主板,bundled_seed,2026-06-02
000533,顺钠股份,19940103,SZSE,主板,bundled_seed,2026-06-02
000534,万泽股份,19940110,SZSE,主板,bundled_seed,2026-06-02
000536,华映科技,19931126,SZSE,主板,bundled_seed,2026-06-02
000537,绿发电力,19931210,SZSE,主板,bundled_seed,2026-06-02
000538,云南白药,19931215,SZSE,主板,bundled_seed,2026-06-02
000539,粤电力Ａ,19931126,SZSE,主板,bundled_seed,2026-06-02
000541,佛山照明,19931123,SZSE,主板,bundled_seed,2026-06-02
000543,皖能电力,19931220,SZSE,主板,bundled_seed,2026-06-02
000544,中原环保,19931208,SZSE,主板,bundled_seed,2026-06-02
000545,金浦钛业,19931215,SZSE,主板,bundled_seed,2026-06-02
000546,金圆股份,19931215,SZSE,主板,bundled_seed,2026-06-02
000547,航天发展,19931130,SZSE,主板,bundled_seed,2026-06-02
000548,湖南投资,19931220,SZSE,主板,bundled_seed,2026-06-02
000550,江铃汽车,19931201,SZSE,主板,bundled_seed,2026-06-02
000551,创元科技,19940106,SZSE,主板,bundled_seed,2026-06-02
000552,甘肃能化,19940106,SZSE,主板,bundled_seed,2026-06-02
000553,安道麦A,19931203,SZSE,主板,bundled_seed,2026-06-02
000554,泰山石油,19931215,SZSE,主板,bundled_seed,2026-06-02
000555,神州信息,19940408,SZSE,主板,bundled_seed,2026-06-02
000557,西部创业,19940617,SZSE,主板,bundled_seed,2026-06-02
000558,天府文旅,19940509,SZSE,主板,bundled_seed,2026-06-02
000559,万向钱潮,19940110,SZSE,主板,bundled_seed,2026-06-02
000560,我爱我家,19940202,SZSE,主板,bundled_seed,2026-06-02
000561,烽火电子,19940509,SZSE,主板,bundled_seed,2026-06-02
000563,陕国投Ａ,19940110,SZSE,主板,bundled_seed,2026-06-02
000564,供销大集,19940110,SZSE,主板,bundled_seed,2026-06-02
000565,渝三峡Ａ,19940408,SZSE,主板,bundled_seed,2026-06-02
000566,海南海药,19940525,SZSE,主板,bundled_seed,2026-06-02
000567,海德股份,19940525,SZSE,主板,bundled_seed,2026-06-02
000568,泸州老窖,19940509,SZSE,主板,bundled_seed,2026-06-02
000570,苏常柴Ａ,19940701,SZSE,主板,bundled_seed,2026-06-02
000571,新大洲A,19940525,SZSE,主板,bundled_seed,2026-06-02
000572,海马汽车,19940808,SZSE,主板,bundled_seed,2026-06-02
000573,粤宏远Ａ,19940815,SZSE,主板,bundled_seed,2026-06-02
000576,甘化科工,19940907,SZSE,主板,bundled_seed,2026-06-02
000581,威孚高科,19980924,SZSE,主板,bundled_seed,2026-06-02
000582,北部湾港,19951102,SZSE,主板,bundled_seed,2026-06-02
000586,汇源通信,19951220,SZSE,主板,bundled_seed,2026-06-02
000589,贵州轮胎,19960308,SZSE,主板,bundled_seed,2026-06-02
000590,古汉医药,19960119,SZSE,主板,bundled_seed,2026-06-02
000591,太阳能,19960208,SZSE,主板,bundled_seed,2026-06-02
000592,平潭发展,19960327,SZSE,主板,bundled_seed,2026-06-02
000593,德龙汇能,19960312,SZSE,主板,bundled_seed,2026-06-02
000595,*ST宝实,19960419,SZSE,主板,bundled_seed,2026-06-02
000596,古井贡酒,19960927,SZSE,主板,bundled_seed,2026-06-02
000597,东北制药,19960523,SZSE,主板,bundled_seed,2026-06-02
000598,兴蓉环境,19960529,SZSE,主板,bundled_seed,2026-06-02
000599,青岛双星,19960430,SZSE,主板,bundled_seed,2026-06-02
000600,建投能源,19960606,SZSE,主板,bundled_seed,2026-06-02
000601,韶能股份,19960830,SZSE,主板,bundled_seed,2026-06-02
000603,盛达资源,19960823,SZSE,主板,bundled_seed,2026-06-02
000605,渤海股份,19960913,SZSE,主板,bundled_seed,2026-06-02
000607,华媒控股,19960830,SZSE,主板,bundled_seed,2026-06-02
000608,阳光股份,19960919,SZSE,主板,bundled_seed,2026-06-02
000609,*ST中迪,19961010,SZSE,主板,bundled_seed,2026-06-02
000610,*ST西旅,19960926,SZSE,主板,bundled_seed,2026-06-02
000612,焦作万方,19960926,SZSE,主板,bundled_seed,2026-06-02
000615,*ST美谷,19961016,SZSE,主板,bundled_seed,2026-06-02
000617,中油资本,19961022,SZSE,主板,bundled_seed,2026-06-02
000619,海螺新材,19961023,SZSE,主板,bundled_seed,2026-06-02
000620,盈新发展,19961029,SZSE,主板,bundled_seed,2026-06-02
000623,吉林敖东,19961028,SZSE,主板,bundled_seed,2026-06-02
000625,长安汽车,19970610,SZSE,主板,bundled_seed,2026-06-02
000626,远大控股,19961128,SZSE,主板,bundled_seed,2026-06-02
000628,高新发展,19961118,SZSE,主板,bundled_seed,2026-06-02
000629,钒钛股份,19961115,SZSE,主板,bundled_seed,2026-06-02
000630,铜陵有色,19961120,SZSE,主板,bundled_seed,2026-06-02
000631,顺发恒能,19961122,SZSE,主板,bundled_seed,2026-06-02
000632,ST三木,19961121,SZSE,主板,bundled_seed,2026-06-02
000633,合金投资,19961112,SZSE,主板,bundled_seed,2026-06-02
000635,英力特,19961120,SZSE,主板,bundled_seed,2026-06-02
000636,风华高科,19961129,SZSE,主板,bundled_seed,2026-06-02
000637,茂化实华,19961114,SZSE,主板,bundled_seed,2026-06-02
000638,*ST万方,19961126,SZSE,主板,bundled_seed,2026-06-02
000639,ST西王,19961126,SZSE,主板,bundled_seed,2026-06-02
000650,仁和药业,19961210,SZSE,主板,bundled_seed,2026-06-02
000651,格力电器,19961118,SZSE,主板,bundled_seed,2026-06-02
000652,泰达股份,19961128,SZSE,主板,bundled_seed,2026-06-02
000655,金岭矿业,19961128,SZSE,主板,bundled_seed,2026-06-02
000656,*ST金科,19961128,SZSE,主板,bundled_seed,2026-06-02
000657,中钨高新,19961205,SZSE,主板,bundled_seed,2026-06-02
000659,珠海中富,19961203,SZSE,主板,bundled_seed,2026-06-02
000661,长春高新,19961218,SZSE,主板,bundled_seed,2026-06-02
000663,永安林业,19961206,SZSE,主板,bundled_seed,2026-06-02
000665,湖北广电,19961210,SZSE,主板,bundled_seed,2026-06-02
000668,*ST荣控,19961210,SZSE,主板,bundled_seed,2026-06-02
000669,ST金鸿,19961210,SZSE,主板,bundled_seed,2026-06-02
000670,盈方微,19961217,SZSE,主板,bundled_seed,2026-06-02
000672,上峰水泥,19961218,SZSE,主板,bundled_seed,2026-06-02
000676,智度股份,19961224,SZSE,主板,bundled_seed,2026-06-02
000677,ST海龙,19961226,SZSE,主板,bundled_seed,2026-06-02
000678,襄阳轴承,19970106,SZSE,主板,bundled_seed,2026-06-02
000679,大连友谊,19970124,SZSE,主板,bundled_seed,2026-06-02
000680,山推股份,19970122,SZSE,主板,bundled_seed,2026-06-02
000681,视觉中国,19970121,SZSE,主板,bundled_seed,2026-06-02
000682,东方电子,19970121,SZSE,主板,bundled_seed,2026-06-02
000683,博源化工,19970131,SZSE,主板,bundled_seed,2026-06-02
000685,中山公用,19970123,SZSE,主板,bundled_seed,2026-06-02
000686,东北证券,19970227,SZSE,主板,bundled_seed,2026-06-02
000688,国城矿业,19970120,SZSE,主板,bundled_seed,2026-06-02
000690,宝新能源,19970128,SZSE,主板,bundled_seed,2026-06-02
000691,亚太实业,19970228,SZSE,主板,bundled_seed,2026-06-02
000692,惠天热电,19970227,SZSE,主板,bundled_seed,2026-06-02
000695,滨海能源,19970218,SZSE,主板,bundled_seed,2026-06-02
000697,炼石航空,19970325,SZSE,主板,bundled_seed,2026-06-02
000698,ST沈化,19970220,SZSE,主板,bundled_seed,2026-06-02
000700,模塑科技,19970228,SZSE,主板,bundled_seed,2026-06-02
000701,厦门信达,19970226,SZSE,主板,bundled_seed,2026-06-02
000702,正虹科技,19970318,SZSE,主板,bundled_seed,2026-06-02
000703,恒逸石化,19970328,SZSE,主板,bundled_seed,2026-06-02
000705,浙江震元,19970410,SZSE,主板,bundled_seed,2026-06-02
000707,双环科技,19970415,SZSE,主板,bundled_seed,2026-06-02
000708,中信特钢,19970326,SZSE,主板,bundled_seed,2026-06-02
000709,河钢股份,19970416,SZSE,主板,bundled_seed,2026-06-02
000710,贝瑞基因,19970422,SZSE,主板,bundled_seed,2026-06-02
000711,ST京蓝,19970411,SZSE,主板,bundled_seed,2026-06-02
000712,锦龙股份,19970415,SZSE,主板,bundled_seed,2026-06-02
000713,国投丰乐,19970422,SZSE,主板,bundled_seed,2026-06-02
000715,中兴商业,19970508,SZSE,主板,bundled_seed,2026-06-02
000716,黑芝麻,19970418,SZSE,主板,bundled_seed,2026-06-02
000717,中南股份,19970508,SZSE,主板,bundled_seed,2026-06-02
000718,苏宁环球,19970408,SZSE,主板,bundled_seed,2026-06-02
000719,中原传媒,19970331,SZSE,主板,bundled_seed,2026-06-02
000720,新能泰山,19970509,SZSE,主板,bundled_seed,2026-06-02
000721,西安饮食,19970430,SZSE,主板,bundled_seed,2026-06-02
000722,湖南发展,19970522,SZSE,主板,bundled_seed,2026-06-02
000723,美锦能源,19970515,SZSE,主板,bundled_seed,2026-06-02
000725,京东方Ａ,20010112,SZSE,主板,bundled_seed,2026-06-02
000726,鲁泰Ａ,20001225,SZSE,主板,bundled_seed,2026-06-02
000727,冠捷科技,19970520,SZSE,主板,bundled_seed,2026-06-02
000728,国元证券,19970616,SZSE,主板,bundled_seed,2026-06-02
000729,燕京啤酒,19970716,SZSE,主板,bundled_seed,2026-06-02
000731,四川美丰,19970617,SZSE,主板,bundled_seed,2026-06-02
000733,振华科技,19970703,SZSE,主板,bundled_seed,2026-06-02
000735,罗牛山,19970611,SZSE,主板,bundled_seed,2026-06-02
000736,*ST中地,19970425,SZSE,主板,bundled_seed,2026-06-02
000737,北方铜业,19970428,SZSE,主板,bundled_seed,2026-06-02
000738,航发控制,19970626,SZSE,主板,bundled_seed,2026-06-02
000739,普洛药业,19970509,SZSE,主板,bundled_seed,2026-06-02
000750,国海证券,19970709,SZSE,主板,bundled_seed,2026-06-02
000751,锌业股份,19970626,SZSE,主板,bundled_seed,2026-06-02
000752,*ST西发,19970625,SZSE,主板,bundled_seed,2026-06-02
000753,漳州发展,19970626,SZSE,主板,bundled_seed,2026-06-02
000755,山西高速,19970627,SZSE,主板,bundled_seed,2026-06-02
000756,新华制药,19970806,SZSE,主板,bundled_seed,2026-06-02
000757,浩物股份,19970627,SZSE,主板,bundled_seed,2026-06-02
000758,中色股份,19970416,SZSE,主板,bundled_seed,2026-06-02
000759,中百集团,19970519,SZSE,主板,bundled_seed,2026-06-02
000761,本钢板材,19980115,SZSE,主板,bundled_seed,2026-06-02
000762,西藏矿业,19970708,SZSE,主板,bundled_seed,2026-06-02
000766,通化金马,19970430,SZSE,主板,bundled_seed,2026-06-02
000767,晋控电力,19970609,SZSE,主板,bundled_seed,2026-06-02
000768,中航西飞,19970626,SZSE,主板,bundled_seed,2026-06-02
000776,广发证券,19970611,SZSE,主板,bundled_seed,2026-06-02
000777,中核科技,19970710,SZSE,主板,bundled_seed,2026-06-02
000778,新兴铸管,19970606,SZSE,主板,bundled_seed,2026-06-02
000779,甘咨询,19970528,SZSE,主板,bundled_seed,2026-06-02
000782,恒申新材,19970619,SZSE,主板,bundled_seed,2026-06-02
000783,长江证券,19970731,SZSE,主板,bundled_seed,2026-06-02
000785,居然智家,19970711,SZSE,主板,bundled_seed,2026-06-02
000786,北新建材,19970606,SZSE,主板,bundled_seed,2026-06-02
000788,北大医药,19970616,SZSE,主板,bundled_seed,2026-06-02
000789,万年青,19970923,SZSE,主板,bundled_seed,2026-06-02
000790,华神科技,19980327,SZSE,主板,bundled_seed,2026-06-02
000791,甘肃能源,19971014,SZSE,主板,bundled_seed,2026-06-02
000792,盐湖股份,19970904,SZSE,主板,bundled_seed,2026-06-02
000793,*ST华闻,19970729,SZSE,主板,bundled_seed,2026-06-02
000795,英洛华,19970808,SZSE,主板,bundled_seed,2026-06-02
000796,凯撒旅业,19970703,SZSE,主板,bundled_seed,2026-06-02
000797,中国武夷,19970715,SZSE,主板,bundled_seed,2026-06-02
000798,中水渔业,19980212,SZSE,主板,bundled_seed,2026-06-02
000799,酒鬼酒,19970718,SZSE,主板,bundled_seed,2026-06-02
000800,一汽解放,19970618,SZSE,主板,bundled_seed,2026-06-02
000801,四川九洲,19980506,SZSE,主板,bundled_seed,2026-06-02
000802,北京文化,19980108,SZSE,主板,bundled_seed,2026-06-02
000803,山高环能,19980303,SZSE,主板,bundled_seed,2026-06-02
000807,云铝股份,19980408,SZSE,主板,bundled_seed,2026-06-02
000809,和展能源,19980616,SZSE,主板,bundled_seed,2026-06-02
000810,创维数字,19980602,SZSE,主板,bundled_seed,2026-06-02
000811,冰轮环境,19980528,SZSE,主板,bundled_seed,2026-06-02
000812,陕西金叶,19980623,SZSE,主板,bundled_seed,2026-06-02
000813,德展健康,19980519,SZSE,主板,bundled_seed,2026-06-02
000815,美利云,19980609,SZSE,主板,bundled_seed,2026-06-02
000816,智慧农业,19970818,SZSE,主板,bundled_seed,2026-06-02
000818,航锦科技,19971017,SZSE,主板,bundled_seed,2026-06-02
000819,岳阳兴长,19970625,SZSE,主板,bundled_seed,2026-06-02
000820,*ST节能,19980630,SZSE,主板,bundled_seed,2026-06-02
000821,ST京机,19980626,SZSE,主板,bundled_seed,2026-06-02
000822,山东海化,19980703,SZSE,主板,bundled_seed,2026-06-02
000823,超声电子,19971008,SZSE,主板,bundled_seed,2026-06-02
000825,太钢不锈,19981021,SZSE,主板,bundled_seed,2026-06-02
000826,*ST启环,19980225,SZSE,主板,bundled_seed,2026-06-02
000828,东莞控股,19970617,SZSE,主板,bundled_seed,2026-06-02
000829,天音控股,19971202,SZSE,主板,bundled_seed,2026-06-02
000830,鲁西化工,19980807,SZSE,主板,bundled_seed,2026-06-02
000831,中国稀土,19980911,SZSE,主板,bundled_seed,2026-06-02
000833,粤桂股份,19981111,SZSE,主板,bundled_seed,2026-06-02
000837,秦川机床,19980928,SZSE,主板,bundled_seed,2026-06-02
000838,*ST发展,19970626,SZSE,主板,bundled_seed,2026-06-02
000839,国安股份,19971031,SZSE,主板,bundled_seed,2026-06-02
000848,承德露露,19971113,SZSE,主板,bundled_seed,2026-06-02
000850,华茂股份,19981007,SZSE,主板,bundled_seed,2026-06-02
000852,石化机械,19981126,SZSE,主板,bundled_seed,2026-06-02
000856,冀东装备,19980813,SZSE,主板,bundled_seed,2026-06-02
000858,五粮液,19980427,SZSE,主板,bundled_seed,2026-06-02
000859,国风新材,19981119,SZSE,主板,bundled_seed,2026-06-02
000860,顺鑫农业,19981104,SZSE,主板,bundled_seed,2026-06-02
000862,银星能源,19980915,SZSE,主板,bundled_seed,2026-06-02
000863,三湘印象,19970925,SZSE,主板,bundled_seed,2026-06-02
000868,安凯客车,19970725,SZSE,主板,bundled_seed,2026-06-02
000869,张裕Ａ,20001026,SZSE,主板,bundled_seed,2026-06-02
000875,电投绿能,20020926,SZSE,主板,bundled_seed,2026-06-02
000876,新希望,19980311,SZSE,主板,bundled_seed,2026-06-02
000877,天山股份,19990107,SZSE,主板,bundled_seed,2026-06-02
000878,云南铜业,19980602,SZSE,主板,bundled_seed,2026-06-02
000880,潍柴重机,19980402,SZSE,主板,bundled_seed,2026-06-02
000881,中广核技,19980902,SZSE,主板,bundled_seed,2026-06-02
000882,华联股份,19980616,SZSE,主板,bundled_seed,2026-06-02
000883,湖北能源,19980519,SZSE,主板,bundled_seed,2026-06-02
000885,城发环境,19990319,SZSE,主板,bundled_seed,2026-06-02
000886,海南高速,19980123,SZSE,主板,bundled_seed,2026-06-02
000887,中鼎股份,19981203,SZSE,主板,bundled_seed,2026-06-02
000888,峨眉山Ａ,19971021,SZSE,主板,bundled_seed,2026-06-02
000889,中嘉博创,19971218,SZSE,主板,bundled_seed,2026-06-02
000890,法尔胜,19990119,SZSE,主板,bundled_seed,2026-06-02
000892,欢瑞世纪,19990115,SZSE,主板,bundled_seed,2026-06-02
000893,亚钾国际,19981224,SZSE,主板,bundled_seed,2026-06-02
000895,双汇发展,19981210,SZSE,主板,bundled_seed,2026-06-02
000897,津滨发展,19990422,SZSE,主板,bundled_seed,2026-06-02
000898,鞍钢股份,19971225,SZSE,主板,bundled_seed,2026-06-02
000899,赣能股份,19971126,SZSE,主板,bundled_seed,2026-06-02
000900,现代投资,19990128,SZSE,主板,bundled_seed,2026-06-02
000901,航天科技,19990401,SZSE,主板,bundled_seed,2026-06-02
000902,新洋丰,19990408,SZSE,主板,bundled_seed,2026-06-02
000903,ST云动,19990415,SZSE,主板,bundled_seed,2026-06-02
000905,厦门港务,19990429,SZSE,主板,bundled_seed,2026-06-02
000906,浙商中拓,19990707,SZSE,主板,bundled_seed,2026-06-02
000908,ST景峰,19990203,SZSE,主板,bundled_seed,2026-06-02
000909,*ST数源,19990507,SZSE,主板,bundled_seed,2026-06-02
000910,大亚圣象,19990630,SZSE,主板,bundled_seed,2026-06-02
000911,*ST广糖,19990527,SZSE,主板,bundled_seed,2026-06-02
000912,泸天化,19990603,SZSE,主板,bundled_seed,2026-06-02
000913,钱江摩托,19990514,SZSE,主板,bundled_seed,2026-06-02
000915,华特达因,19990609,SZSE,主板,bundled_seed,2026-06-02
000917,电广传媒,19990325,SZSE,主板,bundled_seed,2026-06-02
000919,金陵药业,19991118,SZSE,主板,bundled_seed,2026-06-02
000920,沃顿科技,19990616,SZSE,主板,bundled_seed,2026-06-02
000921,海信家电,19990713,SZSE,主板,bundled_seed,2026-06-02
000922,佳电股份,19990618,SZSE,主板,bundled_seed,2026-06-02
000923,河钢资源,19990714,SZSE,主板,bundled_seed,2026-06-02
000925,众合科技,19990611,SZSE,主板,bundled_seed,2026-06-02
000926,福星股份,19990618,SZSE,主板,bundled_seed,2026-06-02
000927,中国铁物,19990727,SZSE,主板,bundled_seed,2026-06-02
000928,中钢国际,19990312,SZSE,主板,bundled_seed,2026-06-02
000929,*ST兰黄,19990623,SZSE,主板,bundled_seed,2026-06-02
000930,中粮科技,19990712,SZSE,主板,bundled_seed,2026-06-02
000931,中关村,19990712,SZSE,主板,bundled_seed,2026-06-02
000932,华菱钢铁,19990803,SZSE,主板,bundled_seed,2026-06-02
000933,神火股份,19990831,SZSE,主板,bundled_seed,2026-06-02
000935,四川双马,19990824,SZSE,主板,bundled_seed,2026-06-02
000936,华西股份,19990810,SZSE,主板,bundled_seed,2026-06-02
000937,冀中能源,19990909,SZSE,主板,bundled_seed,2026-06-02
000938,紫光股份,19991104,SZSE,主板,bundled_seed,2026-06-02
000948,南天信息,19991014,SZSE,主板,bundled_seed,2026-06-02
000949,新乡化纤,19991021,SZSE,主板,bundled_seed,2026-06-02
000950,重药控股,19990916,SZSE,主板,bundled_seed,2026-06-02
000951,中国重汽,19991125,SZSE,主板,bundled_seed,2026-06-02
000952,广济药业,19991112,SZSE,主板,bundled_seed,2026-06-02
000953,中哲精化,19991202,SZSE,主板,bundled_seed,2026-06-02
000955,欣龙控股,19991209,SZSE,主板,bundled_seed,2026-06-02
000957,中通客车,20000113,SZSE,主板,bundled_seed,2026-06-02
000958,电投产融,19991223,SZSE,主板,bundled_seed,2026-06-02
000959,首钢股份,19991216,SZSE,主板,bundled_seed,2026-06-02
000960,锡业股份,20000221,SZSE,主板,bundled_seed,2026-06-02
000962,东方钽业,20000120,SZSE,主板,bundled_seed,2026-06-02
000963,华东医药,20000127,SZSE,主板,bundled_seed,2026-06-02
000965,天保基建,20000406,SZSE,主板,bundled_seed,2026-06-02
000966,长源电力,20000316,SZSE,主板,bundled_seed,2026-06-02
000967,盈峰环境,20000330,SZSE,主板,bundled_seed,2026-06-02
000968,蓝焰控股,20000622,SZSE,主板,bundled_seed,2026-06-02
000969,安泰科技,20000529,SZSE,主板,bundled_seed,2026-06-02
000970,中科三环,20000420,SZSE,主板,bundled_seed,2026-06-02
000972,*ST中基,20000926,SZSE,主板,bundled_seed,2026-06-02
000973,佛塑科技,20000525,SZSE,主板,bundled_seed,2026-06-02
000975,山金国际,20000608,SZSE,主板,bundled_seed,2026-06-02
000977,浪潮信息,20000608,SZSE,主板,bundled_seed,2026-06-02
000978,桂林旅游,20000518,SZSE,主板,bundled_seed,2026-06-02
000980,众泰汽车,20000616,SZSE,主板,bundled_seed,2026-06-02
000981,山子高科,20000622,SZSE,主板,bundled_seed,2026-06-02
000983,山西焦煤,20000726,SZSE,主板,bundled_seed,2026-06-02
000985,大庆华科,20000726,SZSE,主板,bundled_seed,2026-06-02
000987,越秀资本,20000718,SZSE,主板,bundled_seed,2026-06-02
000988,华工科技,20000608,SZSE,主板,bundled_seed,2026-06-02
000989,九芝堂,20000628,SZSE,主板,bundled_seed,2026-06-02
000990,诚志股份,20000706,SZSE,主板,bundled_seed,2026-06-02
000993,闽东电力,20000731,SZSE,主板,bundled_seed,2026-06-02
000995,皇台酒业,20000807,SZSE,主板,bundled_seed,2026-06-02
000997,新大陆,20000807,SZSE,主板,bundled_seed,2026-06-02
000998,隆平高科,20001211,SZSE,主板,bundled_seed,2026-06-02
000999,华润三九,20000309,SZSE,主板,bundled_seed,2026-06-02
001201,东瑞股份,20210428,SZSE,主板,bundled_seed,2026-06-02
001202,炬申股份,20210429,SZSE,主板,bundled_seed,2026-06-02
001203,大中矿业,20210510,SZSE,主板,bundled_seed,2026-06-02
001205,盛航股份,20210513,SZSE,主板,bundled_seed,2026-06-02
001206,依依股份,20210518,SZSE,主板,bundled_seed,2026-06-02
001207,联科科技,20210623,SZSE,主板,bundled_seed,2026-06-02
001208,华菱线缆,20210624,SZSE,主板,bundled_seed,2026-06-02
001209,洪兴股份,20210723,SZSE,主板,bundled_seed,2026-06-02
001210,金房能源,20210729,SZSE,主板,bundled_seed,2026-06-02
001211,双枪科技,20210805,SZSE,主板,bundled_seed,2026-06-02
001212,中旗新材,20210823,SZSE,主板,bundled_seed,2026-06-02
001213,中铁特货,20210908,SZSE,主板,bundled_seed,2026-06-02
001215,千味央厨,20210906,SZSE,主板,bundled_seed,2026-06-02
001216,华瓷股份,20211019,SZSE,主板,bundled_seed,2026-06-02
001217,华尔泰,20210929,SZSE,主板,bundled_seed,2026-06-02
001218,丽臣实业,20211015,SZSE,主板,bundled_seed,2026-06-02
001219,青岛食品,20211021,SZSE,主板,bundled_seed,2026-06-02
001220,世盟股份,20260203,SZSE,主板,bundled_seed,2026-06-02
001221,悍高集团,20250730,SZSE,主板,bundled_seed,2026-06-02
001222,源飞宠物,20220818,SZSE,主板,bundled_seed,2026-06-02
001223,欧克科技,20221212,SZSE,主板,bundled_seed,2026-06-02
001225,和泰机电,20230222,SZSE,主板,bundled_seed,2026-06-02
001226,拓山重工,20220622,SZSE,主板,bundled_seed,2026-06-02
001227,兰州银行,20220117,SZSE,主板,bundled_seed,2026-06-02
001228,永泰运,20220429,SZSE,主板,bundled_seed,2026-06-02
001229,魅视科技,20220808,SZSE,主板,bundled_seed,2026-06-02
001230,劲旅环境,20220715,SZSE,主板,bundled_seed,2026-06-02
001231,农心科技,20220819,SZSE,主板,bundled_seed,2026-06-02
001233,海安集团,20251125,SZSE,主板,bundled_seed,2026-06-02
001234,泰慕士,20220111,SZSE,主板,bundled_seed,2026-06-02
001236,弘业期货,20220805,SZSE,主板,bundled_seed,2026-06-02
001237,惠康科技,20260522,SZSE,主板,bundled_seed,2026-06-02
001238,浙江正特,20220919,SZSE,主板,bundled_seed,2026-06-02
001239,永达股份,20231212,SZSE,主板,bundled_seed,2026-06-02
001255,博菲电气,20220930,SZSE,主板,bundled_seed,2026-06-02
001256,炜冈科技,20221205,SZSE,主板,bundled_seed,2026-06-02
001257,盛龙股份,20260331,SZSE,主板,bundled_seed,2026-06-02
001258,立新能源,20220727,SZSE,主板,bundled_seed,2026-06-02
001259,利仁科技,20220831,SZSE,主板,bundled_seed,2026-06-02
001260,坤泰股份,20230216,SZSE,主板,bundled_seed,2026-06-02
001266,宏英智能,20220228,SZSE,主板,bundled_seed,2026-06-02
001267,汇绿生态,20211117,SZSE,主板,bundled_seed,2026-06-02
001268,联合精密,20220630,SZSE,主板,bundled_seed,2026-06-02
001269,欧晶科技,20220930,SZSE,主板,bundled_seed,2026-06-02
001270,铖昌科技,20220606,SZSE,主板,bundled_seed,2026-06-02
001277,速达股份,20240903,SZSE,主板,bundled_seed,2026-06-02
001278,一彬科技,20230308,SZSE,主板,bundled_seed,2026-06-02
001279,强邦新材,20241011,SZSE,主板,bundled_seed,2026-06-02
001280,中国铀业,20251203,SZSE,主板,bundled_seed,2026-06-02
001282,三联锻造,20230524,SZSE,主板,bundled_seed,2026-06-02
001283,豪鹏科技,20220905,SZSE,主板,bundled_seed,2026-06-02
001285,瑞立科密,20250930,SZSE,主板,bundled_seed,2026-06-02
001286,陕西能源,20230410,SZSE,主板,bundled_seed,2026-06-02
001287,中电港,20230410,SZSE,主板,bundled_seed,2026-06-02
001288,运机集团,20211101,SZSE,主板,bundled_seed,2026-06-02
001289,龙源电力,20220124,SZSE,主板,bundled_seed,2026-06-02
001296,长江材料,20211224,SZSE,主板,bundled_seed,2026-06-02
001298,好上好,20221031,SZSE,主板,bundled_seed,2026-06-02
001299,美能能源,20221031,SZSE,主板,bundled_seed,2026-06-02
001300,三柏硕,20221019,SZSE,主板,bundled_seed,2026-06-02
001301,尚太科技,20221228,SZSE,主板,bundled_seed,2026-06-02
001306,夏厦精密,20231116,SZSE,主板,bundled_seed,2026-06-02
001308,康冠科技,20220318,SZSE,主板,bundled_seed,2026-06-02
001309,德明利,20220701,SZSE,主板,bundled_seed,2026-06-02
001311,多利科技,20230227,SZSE,主板,bundled_seed,2026-06-02
001312,福恩股份,20260421,SZSE,主板,bundled_seed,2026-06-02
001313,粤海饲料,20220216,SZSE,主板,bundled_seed,2026-06-02
001314,亿道信息,20230214,SZSE,主板,bundled_seed,2026-06-02
001316,润贝航科,20220624,SZSE,主板,bundled_seed,2026-06-02
001317,三羊马,20211130,SZSE,主板,bundled_seed,2026-06-02
001318,阳光乳业,20220520,SZSE,主板,bundled_seed,2026-06-02
001319,铭科精技,20220512,SZSE,主板,bundled_seed,2026-06-02
001322,箭牌家居,20221026,SZSE,主板,bundled_seed,2026-06-02
001323,慕思股份,20220623,SZSE,主板,bundled_seed,2026-06-02
001324,长青科技,20230522,SZSE,主板,bundled_seed,2026-06-02
001325,元创股份,20251218,SZSE,主板,bundled_seed,2026-06-02
001326,联域股份,20231109,SZSE,主板,bundled_seed,2026-06-02
001328,登康口腔,20230410,SZSE,主板,bundled_seed,2026-06-02
001330,博纳影业,20220818,SZSE,主板,bundled_seed,2026-06-02
001331,胜通能源,20220908,SZSE,主板,bundled_seed,2026-06-02
001332,锡装股份,20220920,SZSE,主板,bundled_seed,2026-06-02
001333,光华股份,20221208,SZSE,主板,bundled_seed,2026-06-02
001335,信凯科技,20250415,SZSE,主板,bundled_seed,2026-06-02
001336,楚环科技,20220725,SZSE,主板,bundled_seed,2026-06-02
001337,四川黄金,20230303,SZSE,主板,bundled_seed,2026-06-02
001338,永顺泰,20221116,SZSE,主板,bundled_seed,2026-06-02
001339,智微智能,20220815,SZSE,主板,bundled_seed,2026-06-02
001356,富岭股份,20250123,SZSE,主板,bundled_seed,2026-06-02
001358,兴欣新材,20231221,SZSE,主板,bundled_seed,2026-06-02
001359,平安电工,20240328,SZSE,主板,bundled_seed,2026-06-02
001360,南矿集团,20230410,SZSE,主板,bundled_seed,2026-06-02
001365,天海电子,20260518,SZSE,主板,bundled_seed,2026-06-02
001366,播恩集团,20230307,SZSE,主板,bundled_seed,2026-06-02
001367,海森药业,20230410,SZSE,主板,bundled_seed,2026-06-02
001368,通达创智,20230313,SZSE,主板,bundled_seed,2026-06-02
001369,双欣材料,20251230,SZSE,主板,bundled_seed,2026-06-02
001373,翔腾新材,20230601,SZSE,主板,bundled_seed,2026-06-02
001376,百通能源,20231103,SZSE,主板,bundled_seed,2026-06-02
001378,德冠新材,20231030,SZSE,主板,bundled_seed,2026-06-02
001379,腾达科技,20240119,SZSE,主板,bundled_seed,2026-06-02
001380,华纬科技,20230516,SZSE,主板,bundled_seed,2026-06-02
001382,新亚电缆,20250321,SZSE,主板,bundled_seed,2026-06-02
001386,马可波罗,20251022,SZSE,主板,bundled_seed,2026-06-02
001387,雪祺电气,20240111,SZSE,主板,bundled_seed,2026-06-02
001388,信通电子,20250701,SZSE,主板,bundled_seed,2026-06-02
001389,广合科技,20240402,SZSE,主板,bundled_seed,2026-06-02
001390,古麒绒材,20250529,SZSE,主板,bundled_seed,2026-06-02
001391,国货航,20241230,SZSE,主板,bundled_seed,2026-06-02
001393,维通利,20260515,SZSE,主板,bundled_seed,2026-06-02
001395,亚联机械,20250127,SZSE,主板,bundled_seed,2026-06-02
001396,誉帆科技,20251230,SZSE,主板,bundled_seed,2026-06-02
001400,江顺科技,20250424,SZSE,主板,bundled_seed,2026-06-02
001696,宗申动力,19970306,SZSE,主板,bundled_seed,2026-06-02
001872,招商港口,19930505,SZSE,主板,bundled_seed,2026-06-02
001896,豫能控股,19980122,SZSE,主板,bundled_seed,2026-06-02
001914,招商积余,19940928,SZSE,主板,bundled_seed,2026-06-02
001965,招商公路,20171225,SZSE,主板,bundled_seed,2026-06-02
001979,招商蛇口,20151230,SZSE,主板,bundled_seed,2026-06-02
002001,新和成,20040625,SZSE,主板,bundled_seed,2026-06-02
002003,伟星股份,20040625,SZSE,主板,bundled_seed,2026-06-02
002004,华邦健康,20040625,SZSE,主板,bundled_seed,2026-06-02
002005,ST德豪,20040625,SZSE,主板,bundled_seed,2026-06-02
002006,精工科技,20040625,SZSE,主板,bundled_seed,2026-06-02
002007,华兰生物,20040625,SZSE,主板,bundled_seed,2026-06-02
002008,大族激光,20040625,SZSE,主板,bundled_seed,2026-06-02
002009,天奇股份,20040629,SZSE,主板,bundled_seed,2026-06-02
002010,传化智联,20040629,SZSE,主板,bundled_seed,2026-06-02
002011,盾安环境,20040705,SZSE,主板,bundled_seed,2026-06-02
002012,凯恩股份,20040705,SZSE,主板,bundled_seed,2026-06-02
002014,永新股份,20040708,SZSE,主板,bundled_seed,2026-06-02
002015,协鑫能科,20040708,SZSE,主板,bundled_seed,2026-06-02
002016,世荣兆业,20040708,SZSE,主板,bundled_seed,2026-06-02
002017,东信和平,20040713,SZSE,主板,bundled_seed,2026-06-02
002019,亿帆医药,20040713,SZSE,主板,bundled_seed,2026-06-02
002020,京新药业,20040715,SZSE,主板,bundled_seed,2026-06-02
002021,中捷资源,20040715,SZSE,主板,bundled_seed,2026-06-02
002022,科华生物,20040721,SZSE,主板,bundled_seed,2026-06-02
002023,海特高新,20040721,SZSE,主板,bundled_seed,2026-06-02
002024,ST易购,20040721,SZSE,主板,bundled_seed,2026-06-02
002025,航天电器,20040726,SZSE,主板,bundled_seed,2026-06-02
002026,山东威达,20040727,SZSE,主板,bundled_seed,2026-06-02
002027,分众传媒,20040804,SZSE,主板,bundled_seed,2026-06-02
002028,思源电气,20040805,SZSE,主板,bundled_seed,2026-06-02
002029,七匹狼,20040806,SZSE,主板,bundled_seed,2026-06-02
002030,达安基因,20040809,SZSE,主板,bundled_seed,2026-06-02
002031,巨轮智能,20040816,SZSE,主板,bundled_seed,2026-06-02
002032,苏泊尔,20040817,SZSE,主板,bundled_seed,2026-06-02
002033,丽江股份,20040825,SZSE,主板,bundled_seed,2026-06-02
002034,旺能环境,20040826,SZSE,主板,bundled_seed,2026-06-02
002035,华帝股份,20040901,SZSE,主板,bundled_seed,2026-06-02
002036,联创电子,20040903,SZSE,主板,bundled_seed,2026-06-02
002037,保利联合,20040908,SZSE,主板,bundled_seed,2026-06-02
002038,双鹭药业,20040909,SZSE,主板,bundled_seed,2026-06-02
002039,黔源电力,20050303,SZSE,主板,bundled_seed,2026-06-02
002040,南京港,20050325,SZSE,主板,bundled_seed,2026-06-02
002041,登海种业,20050418,SZSE,主板,bundled_seed,2026-06-02
002042,华孚时尚,20050427,SZSE,主板,bundled_seed,2026-06-02
002043,兔宝宝,20050510,SZSE,主板,bundled_seed,2026-06-02
002044,美年健康,20050518,SZSE,主板,bundled_seed,2026-06-02
002045,国光电器,20050523,SZSE,主板,bundled_seed,2026-06-02
002046,国机精工,20050526,SZSE,主板,bundled_seed,2026-06-02
002047,宝鹰股份,20050531,SZSE,主板,bundled_seed,2026-06-02
002048,宁波华翔,20050603,SZSE,主板,bundled_seed,2026-06-02
002049,紫光国微,20050606,SZSE,主板,bundled_seed,2026-06-02
002050,三花智控,20050607,SZSE,主板,bundled_seed,2026-06-02
002051,中工国际,20060619,SZSE,主板,bundled_seed,2026-06-02
002052,同洲电子,20060627,SZSE,主板,bundled_seed,2026-06-02
002053,云南能投,20060627,SZSE,主板,bundled_seed,2026-06-02
002054,德美化工,20060725,SZSE,主板,bundled_seed,2026-06-02
002055,ST得润,20060725,SZSE,主板,bundled_seed,2026-06-02
002056,横店东磁,20060802,SZSE,主板,bundled_seed,2026-06-02
002057,中钢天源,20060802,SZSE,主板,bundled_seed,2026-06-02
002058,*ST威尔,20060802,SZSE,主板,bundled_seed,2026-06-02
002059,云南旅游,20060810,SZSE,主板,bundled_seed,2026-06-02
002060,广东建工,20060810,SZSE,主板,bundled_seed,2026-06-02
002061,浙江交科,20060816,SZSE,主板,bundled_seed,2026-06-02
002062,宏润建设,20060816,SZSE,主板,bundled_seed,2026-06-02
002063,远光软件,20060823,SZSE,主板,bundled_seed,2026-06-02
002064,华峰化学,20060823,SZSE,主板,bundled_seed,2026-06-02
002065,东华软件,20060823,SZSE,主板,bundled_seed,2026-06-02
002066,瑞泰科技,20060823,SZSE,主板,bundled_seed,2026-06-02
002067,景兴纸业,20060915,SZSE,主板,bundled_seed,2026-06-02
002068,黑猫股份,20060915,SZSE,主板,bundled_seed,2026-06-02
002069,獐子岛,20060928,SZSE,主板,bundled_seed,2026-06-02
002072,凯瑞德,20061018,SZSE,主板,bundled_seed,2026-06-02
002073,软控股份,20061018,SZSE,主板,bundled_seed,2026-06-02
002074,国轩高科,20061018,SZSE,主板,bundled_seed,2026-06-02
002075,沙钢股份,20061025,SZSE,主板,bundled_seed,2026-06-02
002076,*ST星光,20061025,SZSE,主板,bundled_seed,2026-06-02
002077,大港股份,20061116,SZSE,主板,bundled_seed,2026-06-02
002078,太阳纸业,20061116,SZSE,主板,bundled_seed,2026-06-02
002079,苏州固锝,20061116,SZSE,主板,bundled_seed,2026-06-02
002080,中材科技,20061120,SZSE,主板,bundled_seed,2026-06-02
002081,金螳螂,20061120,SZSE,主板,bundled_seed,2026-06-02
002082,ST万邦,20061120,SZSE,主板,bundled_seed,2026-06-02
002083,孚日股份,20061124,SZSE,主板,bundled_seed,2026-06-02
002084,海鸥住工,20061124,SZSE,主板,bundled_seed,2026-06-02
002085,万丰奥威,20061128,SZSE,主板,bundled_seed,2026-06-02
002086,东方海洋,20061128,SZSE,主板,bundled_seed,2026-06-02
002088,鲁阳节能,20061130,SZSE,主板,bundled_seed,2026-06-02
002090,金智科技,20061208,SZSE,主板,bundled_seed,2026-06-02
002091,江苏国泰,20061208,SZSE,主板,bundled_seed,2026-06-02
002092,中泰化学,20061208,SZSE,主板,bundled_seed,2026-06-02
002093,国脉科技,20061215,SZSE,主板,bundled_seed,2026-06-02
002094,青岛金王,20061215,SZSE,主板,bundled_seed,2026-06-02
002095,生意宝,20061215,SZSE,主板,bundled_seed,2026-06-02
002096,易普力,20061222,SZSE,主板,bundled_seed,2026-06-02
002097,山河智能,20061222,SZSE,主板,bundled_seed,2026-06-02
002098,浔兴股份,20061222,SZSE,主板,bundled_seed,2026-06-02
002099,海翔药业,20061226,SZSE,主板,bundled_seed,2026-06-02
002100,天康生物,20061226,SZSE,主板,bundled_seed,2026-06-02
002101,广东鸿图,20061229,SZSE,主板,bundled_seed,2026-06-02
002102,ST能特,20061229,SZSE,主板,bundled_seed,2026-06-02
002103,广博股份,20070110,SZSE,主板,bundled_seed,2026-06-02
002104,恒宝股份,20070110,SZSE,主板,bundled_seed,2026-06-02
002105,信隆健康,20070112,SZSE,主板,bundled_seed,2026-06-02
002106,莱宝高科,20070112,SZSE,主板,bundled_seed,2026-06-02
002107,沃华医药,20070124,SZSE,主板,bundled_seed,2026-06-02
002108,沧州明珠,20070124,SZSE,主板,bundled_seed,2026-06-02
002109,ST兴化,20070126,SZSE,主板,bundled_seed,2026-06-02
002110,三钢闽光,20070126,SZSE,主板,bundled_seed,2026-06-02
002111,威海广泰,20070126,SZSE,主板,bundled_seed,2026-06-02
002112,三变科技,20070208,SZSE,主板,bundled_seed,2026-06-02
002114,罗平锌电,20070215,SZSE,主板,bundled_seed,2026-06-02
002115,三维通信,20070215,SZSE,主板,bundled_seed,2026-06-02
002116,中国海诚,20070215,SZSE,主板,bundled_seed,2026-06-02
002117,东港股份,20070302,SZSE,主板,bundled_seed,2026-06-02
002119,康强电子,20070302,SZSE,主板,bundled_seed,2026-06-02
002120,韵达股份,20070306,SZSE,主板,bundled_seed,2026-06-02
002121,科陆电子,20070306,SZSE,主板,bundled_seed,2026-06-02
002122,ST汇洲,20070328,SZSE,主板,bundled_seed,2026-06-02
002123,梦网科技,20070328,SZSE,主板,bundled_seed,2026-06-02
002124,天邦食品,20070403,SZSE,主板,bundled_seed,2026-06-02
002125,湘潭电化,20070403,SZSE,主板,bundled_seed,2026-06-02
002126,银轮股份,20070418,SZSE,主板,bundled_seed,2026-06-02
002127,南极电商,20070418,SZSE,主板,bundled_seed,2026-06-02
002128,电投能源,20070418,SZSE,主板,bundled_seed,2026-06-02
002129,TCL中环,20070420,SZSE,主板,bundled_seed,2026-06-02
002130,沃尔核材,20070420,SZSE,主板,bundled_seed,2026-06-02
002131,利欧股份,20070427,SZSE,主板,bundled_seed,2026-06-02
002132,恒星科技,20070427,SZSE,主板,bundled_seed,2026-06-02
002133,广宇集团,20070427,SZSE,主板,bundled_seed,2026-06-02
002134,天津普林,20070516,SZSE,主板,bundled_seed,2026-06-02
002135,东南网架,20070530,SZSE,主板,bundled_seed,2026-06-02
002136,安纳达,20070530,SZSE,主板,bundled_seed,2026-06-02
002137,实益达,20070613,SZSE,主板,bundled_seed,2026-06-02
002138,顺络电子,20070613,SZSE,主板,bundled_seed,2026-06-02
002139,拓邦股份,20070629,SZSE,主板,bundled_seed,2026-06-02
002140,东华科技,20070712,SZSE,主板,bundled_seed,2026-06-02
002141,贤丰控股,20070720,SZSE,主板,bundled_seed,2026-06-02
002142,宁波银行,20070719,SZSE,主板,bundled_seed,2026-06-02
002144,宏达高科,20070803,SZSE,主板,bundled_seed,2026-06-02
002145,钛能化学,20070803,SZSE,主板,bundled_seed,2026-06-02
002146,荣盛发展,20070808,SZSE,主板,bundled_seed,2026-06-02
002148,北纬科技,20070810,SZSE,主板,bundled_seed,2026-06-02
002149,西部材料,20070810,SZSE,主板,bundled_seed,2026-06-02
002150,正泰电源,20070810,SZSE,主板,bundled_seed,2026-06-02
002151,北斗星通,20070813,SZSE,主板,bundled_seed,2026-06-02
002152,广电运通,20070813,SZSE,主板,bundled_seed,2026-06-02
002153,石基信息,20070813,SZSE,主板,bundled_seed,2026-06-02
002154,报喜鸟,20070816,SZSE,主板,bundled_seed,2026-06-02
002155,湖南黄金,20070816,SZSE,主板,bundled_seed,2026-06-02
002156,通富微电,20070816,SZSE,主板,bundled_seed,2026-06-02
002157,正邦科技,20070817,SZSE,主板,bundled_seed,2026-06-02
002158,汉钟精机,20070817,SZSE,主板,bundled_seed,2026-06-02
002159,三特索道,20070817,SZSE,主板,bundled_seed,2026-06-02
002160,常铝股份,20070821,SZSE,主板,bundled_seed,2026-06-02
002161,远望谷,20070821,SZSE,主板,bundled_seed,2026-06-02
002162,悦心健康,20070823,SZSE,主板,bundled_seed,2026-06-02
002163,海南发展,20070823,SZSE,主板,bundled_seed,2026-06-02
002164,宁波东力,20070823,SZSE,主板,bundled_seed,2026-06-02
002165,红宝丽,20070913,SZSE,主板,bundled_seed,2026-06-02
002166,莱茵生物,20070913,SZSE,主板,bundled_seed,2026-06-02
002167,东方锆业,20070913,SZSE,主板,bundled_seed,2026-06-02
002168,ST惠程,20070919,SZSE,主板,bundled_seed,2026-06-02
002169,智光电气,20070919,SZSE,主板,bundled_seed,2026-06-02
002170,芭田股份,20070919,SZSE,主板,bundled_seed,2026-06-02
002171,楚江新材,20070921,SZSE,主板,bundled_seed,2026-06-02
002172,澳洋健康,20070921,SZSE,主板,bundled_seed,2026-06-02
002173,创新医疗,20070925,SZSE,主板,bundled_seed,2026-06-02
002174,游族网络,20070925,SZSE,主板,bundled_seed,2026-06-02
002175,*ST东智,20071012,SZSE,主板,bundled_seed,2026-06-02
002176,江特电机,20071012,SZSE,主板,bundled_seed,2026-06-02
002177,御银股份,20071101,SZSE,主板,bundled_seed,2026-06-02
002178,延华智能,20071101,SZSE,主板,bundled_seed,2026-06-02
002179,中航光电,20071101,SZSE,主板,bundled_seed,2026-06-02
002180,奔图科技,20071113,SZSE,主板,bundled_seed,2026-06-02
002181,粤传媒,20071116,SZSE,主板,bundled_seed,2026-06-02
002182,宝武镁业,20071113,SZSE,主板,bundled_seed,2026-06-02
002183,怡亚通,20071113,SZSE,主板,bundled_seed,2026-06-02
002184,海得控制,20071116,SZSE,主板,bundled_seed,2026-06-02
002185,华天科技,20071120,SZSE,主板,bundled_seed,2026-06-02
002186,全聚德,20071120,SZSE,主板,bundled_seed,2026-06-02
002187,广百股份,20071122,SZSE,主板,bundled_seed,2026-06-02
002188,中天服务,20071122,SZSE,主板,bundled_seed,2026-06-02
002189,中光学,20071203,SZSE,主板,bundled_seed,2026-06-02
002190,成飞集成,20071203,SZSE,主板,bundled_seed,2026-06-02
002191,劲嘉股份,20071205,SZSE,主板,bundled_seed,2026-06-02
002192,融捷股份,20071205,SZSE,主板,bundled_seed,2026-06-02
002193,ST如意,20071207,SZSE,主板,bundled_seed,2026-06-02
002194,武汉凡谷,20071207,SZSE,主板,bundled_seed,2026-06-02
002195,岩山科技,20071212,SZSE,主板,bundled_seed,2026-06-02
002196,方正电机,20071212,SZSE,主板,bundled_seed,2026-06-02
002197,证通电子,20071218,SZSE,主板,bundled_seed,2026-06-02
002198,ST嘉应,20071218,SZSE,主板,bundled_seed,2026-06-02
002199,*ST东晶,20071221,SZSE,主板,bundled_seed,2026-06-02
002200,*ST交投,20071221,SZSE,主板,bundled_seed,2026-06-02
002201,九鼎新材,20071226,SZSE,主板,bundled_seed,2026-06-02
002202,金风科技,20071226,SZSE,主板,bundled_seed,2026-06-02
002203,海亮股份,20080116,SZSE,主板,bundled_seed,2026-06-02
002204,大连重工,20080116,SZSE,主板,bundled_seed,2026-06-02
002205,国统股份,20080123,SZSE,主板,bundled_seed,2026-06-02
002206,海利得,20080123,SZSE,主板,bundled_seed,2026-06-02
002207,*ST准油,20080128,SZSE,主板,bundled_seed,2026-06-02
002208,合肥城建,20080128,SZSE,主板,bundled_seed,2026-06-02
002209,达意隆,20080130,SZSE,主板,bundled_seed,2026-06-02
002210,飞马国际,20080130,SZSE,主板,bundled_seed,2026-06-02
002211,ST宏达,20080201,SZSE,主板,bundled_seed,2026-06-02
002212,天融信,20080201,SZSE,主板,bundled_seed,2026-06-02
002213,大为股份,20080201,SZSE,主板,bundled_seed,2026-06-02
002214,*ST大立,20080218,SZSE,主板,bundled_seed,2026-06-02
002215,诺普信,20080218,SZSE,主板,bundled_seed,2026-06-02
002216,三全食品,20080220,SZSE,主板,bundled_seed,2026-06-02
002217,合力泰,20080220,SZSE,主板,bundled_seed,2026-06-02
002218,拓日新能,20080228,SZSE,主板,bundled_seed,2026-06-02
002219,新里程,20080306,SZSE,主板,bundled_seed,2026-06-02
002221,东华能源,20080306,SZSE,主板,bundled_seed,2026-06-02
002222,福晶科技,20080319,SZSE,主板,bundled_seed,2026-06-02
002223,鱼跃医疗,20080418,SZSE,主板,bundled_seed,2026-06-02
002224,三力士,20080425,SZSE,主板,bundled_seed,2026-06-02
002225,濮耐股份,20080425,SZSE,主板,bundled_seed,2026-06-02
002226,江南化工,20080506,SZSE,主板,bundled_seed,2026-06-02
002227,*ST特迅,20080506,SZSE,主板,bundled_seed,2026-06-02
002228,合兴包装,20080508,SZSE,主板,bundled_seed,2026-06-02
002229,鸿博股份,20080508,SZSE,主板,bundled_seed,2026-06-02
002230,科大讯飞,20080512,SZSE,主板,bundled_seed,2026-06-02
002232,启明信息,20080509,SZSE,主板,bundled_seed,2026-06-02
002233,塔牌集团,20080516,SZSE,主板,bundled_seed,2026-06-02
002234,民和股份,20080516,SZSE,主板,bundled_seed,2026-06-02
002235,安妮股份,20080516,SZSE,主板,bundled_seed,2026-06-02
002236,大华股份,20080520,SZSE,主板,bundled_seed,2026-06-02
002237,恒邦股份,20080520,SZSE,主板,bundled_seed,2026-06-02
002238,天威视讯,20080526,SZSE,主板,bundled_seed,2026-06-02
002239,奥特佳,20080522,SZSE,主板,bundled_seed,2026-06-02
002240,盛新锂能,20080523,SZSE,主板,bundled_seed,2026-06-02
002241,歌尔股份,20080522,SZSE,主板,bundled_seed,2026-06-02
002242,九阳股份,20080528,SZSE,主板,bundled_seed,2026-06-02
002243,力合科创,20080528,SZSE,主板,bundled_seed,2026-06-02
002244,滨江集团,20080529,SZSE,主板,bundled_seed,2026-06-02
002245,蔚蓝锂芯,20080605,SZSE,主板,bundled_seed,2026-06-02
002246,北化股份,20080605,SZSE,主板,bundled_seed,2026-06-02
002247,聚力文化,20080612,SZSE,主板,bundled_seed,2026-06-02
002248,华东数控,20080612,SZSE,主板,bundled_seed,2026-06-02
002249,大洋电机,20080619,SZSE,主板,bundled_seed,2026-06-02
002250,联化科技,20080619,SZSE,主板,bundled_seed,2026-06-02
002251,步步高,20080619,SZSE,主板,bundled_seed,2026-06-02
002252,上海莱士,20080623,SZSE,主板,bundled_seed,2026-06-02
002253,*ST智胜,20080623,SZSE,主板,bundled_seed,2026-06-02
002254,泰和新材,20080625,SZSE,主板,bundled_seed,2026-06-02
002255,海陆重工,20080625,SZSE,主板,bundled_seed,2026-06-02
002256,兆新股份,20080625,SZSE,主板,bundled_seed,2026-06-02
002258,利尔化学,20080708,SZSE,主板,bundled_seed,2026-06-02
002259,升达林业,20080716,SZSE,主板,bundled_seed,2026-06-02
002261,拓维信息,20080723,SZSE,主板,bundled_seed,2026-06-02
002262,恩华药业,20080723,SZSE,主板,bundled_seed,2026-06-02
002263,大东南,20080728,SZSE,主板,bundled_seed,2026-06-02
002264,新华都,20080731,SZSE,主板,bundled_seed,2026-06-02
002265,建设工业,20080806,SZSE,主板,bundled_seed,2026-06-02
002266,浙富控股,20080806,SZSE,主板,bundled_seed,2026-06-02
002267,陕天然气,20080813,SZSE,主板,bundled_seed,2026-06-02
002268,电科网安,20080811,SZSE,主板,bundled_seed,2026-06-02
002269,美邦服饰,20080828,SZSE,主板,bundled_seed,2026-06-02
002270,华明装备,20080905,SZSE,主板,bundled_seed,2026-06-02
002271,东方雨虹,20080910,SZSE,主板,bundled_seed,2026-06-02
002272,川润股份,20080919,SZSE,主板,bundled_seed,2026-06-02
002273,水晶光电,20080919,SZSE,主板,bundled_seed,2026-06-02
002274,华昌化工,20080925,SZSE,主板,bundled_seed,2026-06-02
002275,桂林三金,20090710,SZSE,主板,bundled_seed,2026-06-02
002276,万马股份,20090710,SZSE,主板,bundled_seed,2026-06-02
002277,友阿股份,20090717,SZSE,主板,bundled_seed,2026-06-02
002278,神开股份,20090811,SZSE,主板,bundled_seed,2026-06-02
002279,久其软件,20090811,SZSE,主板,bundled_seed,2026-06-02
002281,光迅科技,20090821,SZSE,主板,bundled_seed,2026-06-02
002282,博深股份,20090821,SZSE,主板,bundled_seed,2026-06-02
002283,天润工业,20090821,SZSE,主板,bundled_seed,2026-06-02
002284,亚太股份,20090828,SZSE,主板,bundled_seed,2026-06-02
002285,世联行,20090828,SZSE,主板,bundled_seed,2026-06-02
002286,保龄宝,20090828,SZSE,主板,bundled_seed,2026-06-02
002287,奇正藏药,20090828,SZSE,主板,bundled_seed,2026-06-02
002289,*ST宇顺,20090903,SZSE,主板,bundled_seed,2026-06-02
002290,禾盛新材,20090903,SZSE,主板,bundled_seed,2026-06-02
002291,遥望科技,20090903,SZSE,主板,bundled_seed,2026-06-02
002292,奥飞娱乐,20090910,SZSE,主板,bundled_seed,2026-06-02
002293,罗莱生活,20090910,SZSE,主板,bundled_seed,2026-06-02
002294,信立泰,20090910,SZSE,主板,bundled_seed,2026-06-02
002295,精艺股份,20090929,SZSE,主板,bundled_seed,2026-06-02
002296,辉煌科技,20090929,SZSE,主板,bundled_seed,2026-06-02
002297,博云新材,20090929,SZSE,主板,bundled_seed,2026-06-02
002298,中电鑫龙,20090929,SZSE,主板,bundled_seed,2026-06-02
002299,圣农发展,20091021,SZSE,主板,bundled_seed,2026-06-02
002300,太阳电缆,20091021,SZSE,主板,bundled_seed,2026-06-02
002301,齐心集团,20091021,SZSE,主板,bundled_seed,2026-06-02
002302,西部建设,20091103,SZSE,主板,bundled_seed,2026-06-02
002303,美盈森,20091103,SZSE,主板,bundled_seed,2026-06-02
002304,洋河股份,20091106,SZSE,主板,bundled_seed,2026-06-02
002305,*ST南置,20091106,SZSE,主板,bundled_seed,2026-06-02
002306,*ST云网,20091111,SZSE,主板,bundled_seed,2026-06-02
002307,北新路桥,20091111,SZSE,主板,bundled_seed,2026-06-02
002309,中利集团,20091127,SZSE,主板,bundled_seed,2026-06-02
002310,东方新能,20091127,SZSE,主板,bundled_seed,2026-06-02
002311,海大集团,20091127,SZSE,主板,bundled_seed,2026-06-02
002312,川发龙蟒,20091203,SZSE,主板,bundled_seed,2026-06-02
002313,日海智能,20091203,SZSE,主板,bundled_seed,2026-06-02
002314,南山控股,20091203,SZSE,主板,bundled_seed,2026-06-02
002315,焦点科技,20091209,SZSE,主板,bundled_seed,2026-06-02
002316,亚联发展,20091209,SZSE,主板,bundled_seed,2026-06-02
002317,众生药业,20091211,SZSE,主板,bundled_seed,2026-06-02
002318,久立特材,20091211,SZSE,主板,bundled_seed,2026-06-02
002319,乐通股份,20091211,SZSE,主板,bundled_seed,2026-06-02
002320,海峡股份,20091216,SZSE,主板,bundled_seed,2026-06-02
002321,华英农业,20091216,SZSE,主板,bundled_seed,2026-06-02
002322,理工能科,20091218,SZSE,主板,bundled_seed,2026-06-02
002323,*ST雅博,20091218,SZSE,主板,bundled_seed,2026-06-02
002324,普利特,20091218,SZSE,主板,bundled_seed,2026-06-02
002326,永太科技,20091222,SZSE,主板,bundled_seed,2026-06-02
002327,富安娜,20091230,SZSE,主板,bundled_seed,2026-06-02
002328,新朋股份,20091230,SZSE,主板,bundled_seed,2026-06-02
002329,皇氏集团,20100106,SZSE,主板,bundled_seed,2026-06-02
002330,得利斯,20100106,SZSE,主板,bundled_seed,2026-06-02
002331,皖通科技,20100106,SZSE,主板,bundled_seed,2026-06-02
002332,仙琚制药,20100112,SZSE,主板,bundled_seed,2026-06-02
002333,罗普斯金,20100112,SZSE,主板,bundled_seed,2026-06-02
002334,英威腾,20100113,SZSE,主板,bundled_seed,2026-06-02
002335,科华数据,20100113,SZSE,主板,bundled_seed,2026-06-02
002337,赛象科技,20100115,SZSE,主板,bundled_seed,2026-06-02
002338,奥普光电,20100115,SZSE,主板,bundled_seed,2026-06-02
002339,积成电子,20100122,SZSE,主板,bundled_seed,2026-06-02
002340,格林美,20100122,SZSE,主板,bundled_seed,2026-06-02
002342,巨力索具,20100126,SZSE,主板,bundled_seed,2026-06-02
002343,慈文传媒,20100126,SZSE,主板,bundled_seed,2026-06-02
002344,海宁皮城,20100126,SZSE,主板,bundled_seed,2026-06-02
002345,潮宏基,20100128,SZSE,主板,bundled_seed,2026-06-02
002346,柘中股份,20100128,SZSE,主板,bundled_seed,2026-06-02
002347,泰尔股份,20100128,SZSE,主板,bundled_seed,2026-06-02
002348,高乐股份,20100203,SZSE,主板,bundled_seed,2026-06-02
002349,精华制药,20100203,SZSE,主板,bundled_seed,2026-06-02
002350,北京科锐,20100203,SZSE,主板,bundled_seed,2026-06-02
002351,漫步者,20100205,SZSE,主板,bundled_seed,2026-06-02
002352,顺丰控股,20100205,SZSE,主板,bundled_seed,2026-06-02
002353,杰瑞股份,20100205,SZSE,主板,bundled_seed,2026-06-02
002354,天娱数科,20100209,SZSE,主板,bundled_seed,2026-06-02
002355,兴民智通,20100209,SZSE,主板,bundled_seed,2026-06-02
002356,赫美集团,20100209,SZSE,主板,bundled_seed,2026-06-02
002357,富临运业,20100210,SZSE,主板,bundled_seed,2026-06-02
002358,森源电气,20100210,SZSE,主板,bundled_seed,2026-06-02
002360,ST同德,20100303,SZSE,主板,bundled_seed,2026-06-02
002361,神剑股份,20100303,SZSE,主板,bundled_seed,2026-06-02
002362,汉王科技,20100303,SZSE,主板,bundled_seed,2026-06-02
002363,隆基机械,20100305,SZSE,主板,bundled_seed,2026-06-02
002364,中恒电气,20100305,SZSE,主板,bundled_seed,2026-06-02
002365,永安药业,20100305,SZSE,主板,bundled_seed,2026-06-02
002366,融发核电,20100312,SZSE,主板,bundled_seed,2026-06-02
002367,康力电梯,20100312,SZSE,主板,bundled_seed,2026-06-02
002368,太极股份,20100312,SZSE,主板,bundled_seed,2026-06-02
002369,卓翼科技,20100316,SZSE,主板,bundled_seed,2026-06-02
002370,亚太药业,20100316,SZSE,主板,bundled_seed,2026-06-02
002371,北方华创,20100316,SZSE,主板,bundled_seed,2026-06-02
002372,伟星新材,20100318,SZSE,主板,bundled_seed,2026-06-02
002373,千方科技,20100318,SZSE,主板,bundled_seed,2026-06-02
002374,中锐股份,20100318,SZSE,主板,bundled_seed,2026-06-02
002375,亚厦股份,20100323,SZSE,主板,bundled_seed,2026-06-02
002376,新北洋,20100323,SZSE,主板,bundled_seed,2026-06-02
002377,国创高新,20100323,SZSE,主板,bundled_seed,2026-06-02
002378,章源钨业,20100331,SZSE,主板,bundled_seed,2026-06-02
002379,宏桥控股,20100331,SZSE,主板,bundled_seed,2026-06-02
002380,科远智慧,20100331,SZSE,主板,bundled_seed,2026-06-02
002381,双箭股份,20100402,SZSE,主板,bundled_seed,2026-06-02
002382,蓝帆医疗,20100402,SZSE,主板,bundled_seed,2026-06-02
002383,合众思壮,20100402,SZSE,主板,bundled_seed,2026-06-02
002384,东山精密,20100409,SZSE,主板,bundled_seed,2026-06-02
002385,大北农,20100409,SZSE,主板,bundled_seed,2026-06-02
002386,天原股份,20100409,SZSE,主板,bundled_seed,2026-06-02
002387,维信诺,20100413,SZSE,主板,bundled_seed,2026-06-02
002388,新亚制程,20100413,SZSE,主板,bundled_seed,2026-06-02
002389,航天彩虹,20100413,SZSE,主板,bundled_seed,2026-06-02
002390,信邦制药,20100416,SZSE,主板,bundled_seed,2026-06-02
002391,长青股份,20100416,SZSE,主板,bundled_seed,2026-06-02
002392,北京利尔,20100423,SZSE,主板,bundled_seed,2026-06-02
002393,力生制药,20100423,SZSE,主板,bundled_seed,2026-06-02
002394,联发股份,20100423,SZSE,主板,bundled_seed,2026-06-02
002395,双象股份,20100429,SZSE,主板,bundled_seed,2026-06-02
002396,星网锐捷,20100623,SZSE,主板,bundled_seed,2026-06-02
002397,梦洁股份,20100429,SZSE,主板,bundled_seed,2026-06-02
002398,垒知集团,20100506,SZSE,主板,bundled_seed,2026-06-02
002399,海普瑞,20100506,SZSE,主板,bundled_seed,2026-06-02
002400,省广集团,20100506,SZSE,主板,bundled_seed,2026-06-02
002401,中远海科,20100506,SZSE,主板,bundled_seed,2026-06-02
002402,和而泰,20100511,SZSE,主板,bundled_seed,2026-06-02
002403,爱仕达,20100511,SZSE,主板,bundled_seed,2026-06-02
002404,嘉欣丝绸,20100511,SZSE,主板,bundled_seed,2026-06-02
002405,四维图新,20100518,SZSE,主板,bundled_seed,2026-06-02
002406,远东传动,20100518,SZSE,主板,bundled_seed,2026-06-02
002407,多氟多,20100518,SZSE,主板,bundled_seed,2026-06-02
002408,齐翔腾达,20100518,SZSE,主板,bundled_seed,2026-06-02
002409,雅克科技,20100525,SZSE,主板,bundled_seed,2026-06-02
002410,广联达,20100525,SZSE,主板,bundled_seed,2026-06-02
002412,汉森制药,20100525,SZSE,主板,bundled_seed,2026-06-02
002413,雷科防务,20100528,SZSE,主板,bundled_seed,2026-06-02
002414,高德红外,20100716,SZSE,主板,bundled_seed,2026-06-02
002415,海康威视,20100528,SZSE,主板,bundled_seed,2026-06-02
002416,爱施德,20100528,SZSE,主板,bundled_seed,2026-06-02
002418,康盛股份,20100601,SZSE,主板,bundled_seed,2026-06-02
002419,天虹股份,20100601,SZSE,主板,bundled_seed,2026-06-02
002420,毅昌科技,20100601,SZSE,主板,bundled_seed,2026-06-02
002421,达实智能,20100603,SZSE,主板,bundled_seed,2026-06-02
002422,科伦药业,20100603,SZSE,主板,bundled_seed,2026-06-02
002423,中粮资本,20100603,SZSE,主板,bundled_seed,2026-06-02
002424,ST百灵,20100603,SZSE,主板,bundled_seed,2026-06-02
002425,凯撒文化,20100608,SZSE,主板,bundled_seed,2026-06-02
002426,胜利精密,20100608,SZSE,主板,bundled_seed,2026-06-02
002427,尤夫股份,20100608,SZSE,主板,bundled_seed,2026-06-02
002428,云南锗业,20100608,SZSE,主板,bundled_seed,2026-06-02
002429,兆驰股份,20100610,SZSE,主板,bundled_seed,2026-06-02
002430,杭氧股份,20100610,SZSE,主板,bundled_seed,2026-06-02
002431,ST棕榈,20100610,SZSE,主板,bundled_seed,2026-06-02
002432,九安医疗,20100610,SZSE,主板,bundled_seed,2026-06-02
002434,万里扬,20100618,SZSE,主板,bundled_seed,2026-06-02
002436,兴森科技,20100618,SZSE,主板,bundled_seed,2026-06-02
002437,誉衡药业,20100623,SZSE,主板,bundled_seed,2026-06-02
002438,江苏神通,20100623,SZSE,主板,bundled_seed,2026-06-02
002439,启明星辰,20100623,SZSE,主板,bundled_seed,2026-06-02
002440,闰土股份,20100706,SZSE,主板,bundled_seed,2026-06-02
002441,众业达,20100706,SZSE,主板,bundled_seed,2026-06-02
002442,龙星科技,20100706,SZSE,主板,bundled_seed,2026-06-02
002443,金洲管道,20100706,SZSE,主板,bundled_seed,2026-06-02
002444,巨星科技,20100713,SZSE,主板,bundled_seed,2026-06-02
002445,中南文化,20100713,SZSE,主板,bundled_seed,2026-06-02
002446,盛路通信,20100713,SZSE,主板,bundled_seed,2026-06-02
002448,中原内配,20100716,SZSE,主板,bundled_seed,2026-06-02
002449,国星光电,20100716,SZSE,主板,bundled_seed,2026-06-02
002451,摩恩电气,20100720,SZSE,主板,bundled_seed,2026-06-02
002452,长高电新,20100720,SZSE,主板,bundled_seed,2026-06-02
002453,华软科技,20100720,SZSE,主板,bundled_seed,2026-06-02
002454,松芝股份,20100720,SZSE,主板,bundled_seed,2026-06-02
002455,百川股份,20100803,SZSE,主板,bundled_seed,2026-06-02
002456,欧菲光,20100803,SZSE,主板,bundled_seed,2026-06-02
002457,青龙管业,20100803,SZSE,主板,bundled_seed,2026-06-02
002458,益生股份,20100810,SZSE,主板,bundled_seed,2026-06-02
002459,晶澳科技,20100810,SZSE,主板,bundled_seed,2026-06-02
002460,赣锋锂业,20100810,SZSE,主板,bundled_seed,2026-06-02
002461,珠江啤酒,20100818,SZSE,主板,bundled_seed,2026-06-02
002462,嘉事堂,20100818,SZSE,主板,bundled_seed,2026-06-02
002463,沪电股份,20100818,SZSE,主板,bundled_seed,2026-06-02
002465,海格通信,20100831,SZSE,主板,bundled_seed,2026-06-02
002466,天齐锂业,20100831,SZSE,主板,bundled_seed,2026-06-02
002467,二六三,20100908,SZSE,主板,bundled_seed,2026-06-02
002468,申通快递,20100908,SZSE,主板,bundled_seed,2026-06-02
002469,三维化学,20100908,SZSE,主板,bundled_seed,2026-06-02
002470,金正大,20100908,SZSE,主板,bundled_seed,2026-06-02
002471,中超控股,20100910,SZSE,主板,bundled_seed,2026-06-02
002472,双环传动,20100910,SZSE,主板,bundled_seed,2026-06-02
002474,榕基软件,20100915,SZSE,主板,bundled_seed,2026-06-02
002475,立讯精密,20100915,SZSE,主板,bundled_seed,2026-06-02
002476,宝莫股份,20100915,SZSE,主板,bundled_seed,2026-06-02
002478,常宝股份,20100921,SZSE,主板,bundled_seed,2026-06-02
002479,富春环保,20100921,SZSE,主板,bundled_seed,2026-06-02
002480,新筑股份,20100921,SZSE,主板,bundled_seed,2026-06-02
002481,双塔食品,20100921,SZSE,主板,bundled_seed,2026-06-02
002482,广田集团,20100929,SZSE,主板,bundled_seed,2026-06-02
002483,润邦股份,20100929,SZSE,主板,bundled_seed,2026-06-02
002484,江海股份,20100929,SZSE,主板,bundled_seed,2026-06-02
002485,ST雪发,20101015,SZSE,主板,bundled_seed,2026-06-02
002486,嘉麟杰,20101015,SZSE,主板,bundled_seed,2026-06-02
002487,大金重工,20101015,SZSE,主板,bundled_seed,2026-06-02
002488,金固股份,20101021,SZSE,主板,bundled_seed,2026-06-02
002489,浙江永强,20101021,SZSE,主板,bundled_seed,2026-06-02
002490,山东墨龙,20101021,SZSE,主板,bundled_seed,2026-06-02
002491,通鼎互联,20101021,SZSE,主板,bundled_seed,2026-06-02
002492,恒基达鑫,20101102,SZSE,主板,bundled_seed,2026-06-02
002493,荣盛石化,20101102,SZSE,主板,bundled_seed,2026-06-02
002494,华斯股份,20101102,SZSE,主板,bundled_seed,2026-06-02
002495,佳隆股份,20101102,SZSE,主板,bundled_seed,2026-06-02
002496,*ST辉丰,20101109,SZSE,主板,bundled_seed,2026-06-02
002497,雅化集团,20101109,SZSE,主板,bundled_seed,2026-06-02
002498,汉缆股份,20101109,SZSE,主板,bundled_seed,2026-06-02
002500,山西证券,20101115,SZSE,主板,bundled_seed,2026-06-02
002501,*ST利源,20101117,SZSE,主板,bundled_seed,2026-06-02
002506,协鑫集成,20101118,SZSE,主板,bundled_seed,2026-06-02
002507,涪陵榨菜,20101123,SZSE,主板,bundled_seed,2026-06-02
002508,老板电器,20101123,SZSE,主板,bundled_seed,2026-06-02
002510,天汽模,20101125,SZSE,主板,bundled_seed,2026-06-02
002511,中顺洁柔,20101125,SZSE,主板,bundled_seed,2026-06-02
002512,ST达华,20101203,SZSE,主板,bundled_seed,2026-06-02
002513,蓝丰生化,20101203,SZSE,主板,bundled_seed,2026-06-02
002514,*ST宝馨,20101203,SZSE,主板,bundled_seed,2026-06-02
002515,金字火腿,20101203,SZSE,主板,bundled_seed,2026-06-02
002516,旷达科技,20101207,SZSE,主板,bundled_seed,2026-06-02
002517,恺英网络,20101207,SZSE,主板,bundled_seed,2026-06-02
002518,科士达,20101207,SZSE,主板,bundled_seed,2026-06-02
002519,银河电子,20101207,SZSE,主板,bundled_seed,2026-06-02
002520,日发精机,20101210,SZSE,主板,bundled_seed,2026-06-02
002521,齐峰新材,20101210,SZSE,主板,bundled_seed,2026-06-02
002522,浙江众成,20101210,SZSE,主板,bundled_seed,2026-06-02
002523,天桥起重,20101210,SZSE,主板,bundled_seed,2026-06-02
002524,光正眼科,20101217,SZSE,主板,bundled_seed,2026-06-02
002526,山东矿机,20101217,SZSE,主板,bundled_seed,2026-06-02
002527,新时达,20101224,SZSE,主板,bundled_seed,2026-06-02
002528,*ST英飞,20101224,SZSE,主板,bundled_seed,2026-06-02
002529,*ST海源,20101224,SZSE,主板,bundled_seed,2026-06-02
002530,金财互联,20101231,SZSE,主板,bundled_seed,2026-06-02
002531,天顺风能,20101231,SZSE,主板,bundled_seed,2026-06-02
002532,天山铝业,20101231,SZSE,主板,bundled_seed,2026-06-02
002533,金杯电工,20101231,SZSE,主板,bundled_seed,2026-06-02
002534,西子洁能,20110110,SZSE,主板,bundled_seed,2026-06-02
002535,林州重机,20110111,SZSE,主板,bundled_seed,2026-06-02
002536,飞龙股份,20110111,SZSE,主板,bundled_seed,2026-06-02
002537,海联金汇,20110110,SZSE,主板,bundled_seed,2026-06-02
002538,ST司特,20110118,SZSE,主板,bundled_seed,2026-06-02
002539,云图控股,20110118,SZSE,主板,bundled_seed,2026-06-02
002540,亚太科技,20110118,SZSE,主板,bundled_seed,2026-06-02
002541,鸿路钢构,20110118,SZSE,主板,bundled_seed,2026-06-02
002542,*ST中岩,20110128,SZSE,主板,bundled_seed,2026-06-02
002543,万和电气,20110128,SZSE,主板,bundled_seed,2026-06-02
002544,普天科技,20110128,SZSE,主板,bundled_seed,2026-06-02
002545,东方铁塔,20110211,SZSE,主板,bundled_seed,2026-06-02
002546,新联电子,20110211,SZSE,主板,bundled_seed,2026-06-02
002547,*ST春兴,20110218,SZSE,主板,bundled_seed,2026-06-02
002548,金新农,20110218,SZSE,主板,bundled_seed,2026-06-02
002549,凯美特气,20110218,SZSE,主板,bundled_seed,2026-06-02
002550,千红制药,20110218,SZSE,主板,bundled_seed,2026-06-02
002551,尚荣医疗,20110225,SZSE,主板,bundled_seed,2026-06-02
002552,宝鼎科技,20110225,SZSE,主板,bundled_seed,2026-06-02
002553,南方精工,20110225,SZSE,主板,bundled_seed,2026-06-02
002554,惠博普,20110225,SZSE,主板,bundled_seed,2026-06-02
002555,三七互娱,20110302,SZSE,主板,bundled_seed,2026-06-02
002556,辉隆股份,20110302,SZSE,主板,bundled_seed,2026-06-02
002557,洽洽食品,20110302,SZSE,主板,bundled_seed,2026-06-02
002558,巨人网络,20110302,SZSE,主板,bundled_seed,2026-06-02
002559,亚威股份,20110303,SZSE,主板,bundled_seed,2026-06-02
002560,通达股份,20110303,SZSE,主板,bundled_seed,2026-06-02
002561,徐家汇,20110303,SZSE,主板,bundled_seed,2026-06-02
002562,兄弟科技,20110310,SZSE,主板,bundled_seed,2026-06-02
002563,森马服饰,20110311,SZSE,主板,bundled_seed,2026-06-02
002564,天沃科技,20110310,SZSE,主板,bundled_seed,2026-06-02
002565,顺灏股份,20110318,SZSE,主板,bundled_seed,2026-06-02
002566,益盛药业,20110318,SZSE,主板,bundled_seed,2026-06-02
002567,唐人神,20110325,SZSE,主板,bundled_seed,2026-06-02
002568,百润股份,20110325,SZSE,主板,bundled_seed,2026-06-02
002569,*ST步森,20110412,SZSE,主板,bundled_seed,2026-06-02
002570,贝因美,20110412,SZSE,主板,bundled_seed,2026-06-02
002571,德力股份,20110412,SZSE,主板,bundled_seed,2026-06-02
002572,索菲亚,20110412,SZSE,主板,bundled_seed,2026-06-02
002573,清新环境,20110422,SZSE,主板,bundled_seed,2026-06-02
002574,明牌珠宝,20110422,SZSE,主板,bundled_seed,2026-06-02
002575,群兴玩具,20110422,SZSE,主板,bundled_seed,2026-06-02
002576,通达动力,20110428,SZSE,主板,bundled_seed,2026-06-02
002577,雷柏科技,20110428,SZSE,主板,bundled_seed,2026-06-02
002578,闽发铝业,20110428,SZSE,主板,bundled_seed,2026-06-02
002579,中京电子,20110506,SZSE,主板,bundled_seed,2026-06-02
002580,圣阳股份,20110506,SZSE,主板,bundled_seed,2026-06-02
002581,*ST未名,20110520,SZSE,主板,bundled_seed,2026-06-02
002582,好想你,20110520,SZSE,主板,bundled_seed,2026-06-02
002583,海能达,20110527,SZSE,主板,bundled_seed,2026-06-02
002584,西陇科学,20110602,SZSE,主板,bundled_seed,2026-06-02
002585,双星新材,20110602,SZSE,主板,bundled_seed,2026-06-02
002586,ST围海,20110602,SZSE,主板,bundled_seed,2026-06-02
002587,奥拓电子,20110610,SZSE,主板,bundled_seed,2026-06-02
002588,史丹利,20110610,SZSE,主板,bundled_seed,2026-06-02
002589,瑞康医药,20110610,SZSE,主板,bundled_seed,2026-06-02
002590,万安科技,20110610,SZSE,主板,bundled_seed,2026-06-02
002591,恒大高新,20110621,SZSE,主板,bundled_seed,2026-06-02
002592,ST八菱,20111111,SZSE,主板,bundled_seed,2026-06-02
002593,日上集团,20110628,SZSE,主板,bundled_seed,2026-06-02
002594,比亚迪,20110630,SZSE,主板,bundled_seed,2026-06-02
002595,豪迈科技,20110628,SZSE,主板,bundled_seed,2026-06-02
002596,海南瑞泽,20110707,SZSE,主板,bundled_seed,2026-06-02
002597,金禾实业,20110707,SZSE,主板,bundled_seed,2026-06-02
002598,ST章鼓,20110707,SZSE,主板,bundled_seed,2026-06-02
002599,盛通股份,20110715,SZSE,主板,bundled_seed,2026-06-02
002600,领益智造,20110715,SZSE,主板,bundled_seed,2026-06-02
002601,龙佰集团,20110715,SZSE,主板,bundled_seed,2026-06-02
002602,世纪华通,20110728,SZSE,主板,bundled_seed,2026-06-02
002603,以岭药业,20110728,SZSE,主板,bundled_seed,2026-06-02
002605,姚记科技,20110805,SZSE,主板,bundled_seed,2026-06-02
002606,大连电瓷,20110805,SZSE,主板,bundled_seed,2026-06-02
002607,中公教育,20110810,SZSE,主板,bundled_seed,2026-06-02
002608,江苏国信,20110810,SZSE,主板,bundled_seed,2026-06-02
002609,捷顺科技,20110815,SZSE,主板,bundled_seed,2026-06-02
002611,东方精工,20110830,SZSE,主板,bundled_seed,2026-06-02
002612,朗姿股份,20110830,SZSE,主板,bundled_seed,2026-06-02
002613,北玻股份,20110830,SZSE,主板,bundled_seed,2026-06-02
002614,奥佳华,20110909,SZSE,主板,bundled_seed,2026-06-02
002615,哈尔斯,20110909,SZSE,主板,bundled_seed,2026-06-02
002616,长青集团,20110920,SZSE,主板,bundled_seed,2026-06-02
002617,露笑科技,20110920,SZSE,主板,bundled_seed,2026-06-02
002620,*ST瑞和,20110929,SZSE,主板,bundled_seed,2026-06-02
002622,皓宸医疗,20111018,SZSE,主板,bundled_seed,2026-06-02
002623,亚玛顿,20111013,SZSE,主板,bundled_seed,2026-06-02
002624,完美世界,20111028,SZSE,主板,bundled_seed,2026-06-02
002625,光启技术,20111103,SZSE,主板,bundled_seed,2026-06-02
002626,金达威,20111028,SZSE,主板,bundled_seed,2026-06-02
002627,三峡旅游,20111103,SZSE,主板,bundled_seed,2026-06-02
002628,成都路桥,20111103,SZSE,主板,bundled_seed,2026-06-02
002629,仁智股份,20111103,SZSE,主板,bundled_seed,2026-06-02
002630,*ST华西,20111111,SZSE,主板,bundled_seed,2026-06-02
002631,德尔未来,20111111,SZSE,主板,bundled_seed,2026-06-02
002632,道明光学,20111122,SZSE,主板,bundled_seed,2026-06-02
002633,申科股份,20111122,SZSE,主板,bundled_seed,2026-06-02
002634,*ST棒杰,20111205,SZSE,主板,bundled_seed,2026-06-02
002635,安洁科技,20111125,SZSE,主板,bundled_seed,2026-06-02
002636,金安国纪,20111125,SZSE,主板,bundled_seed,2026-06-02
002637,赞宇科技,20111125,SZSE,主板,bundled_seed,2026-06-02
002638,勤上股份,20111125,SZSE,主板,bundled_seed,2026-06-02
002639,雪人集团,20111205,SZSE,主板,bundled_seed,2026-06-02
002640,跨境通,20111208,SZSE,主板,bundled_seed,2026-06-02
002641,公元股份,20111208,SZSE,主板,bundled_seed,2026-06-02
002642,荣联科技,20111220,SZSE,主板,bundled_seed,2026-06-02
002643,万润股份,20111220,SZSE,主板,bundled_seed,2026-06-02
002644,佛慈制药,20111222,SZSE,主板,bundled_seed,2026-06-02
002645,华宏科技,20111220,SZSE,主板,bundled_seed,2026-06-02
002646,天佑德酒,20111222,SZSE,主板,bundled_seed,2026-06-02
002647,仁东控股,20111228,SZSE,主板,bundled_seed,2026-06-02
002648,卫星化学,20111228,SZSE,主板,bundled_seed,2026-06-02
002649,博彦科技,20120106,SZSE,主板,bundled_seed,2026-06-02
002650,ST加加,20120106,SZSE,主板,bundled_seed,2026-06-02
002651,利君股份,20120106,SZSE,主板,bundled_seed,2026-06-02
002652,扬子新材,20120119,SZSE,主板,bundled_seed,2026-06-02
002653,海思科,20120117,SZSE,主板,bundled_seed,2026-06-02
002654,万润科技,20120217,SZSE,主板,bundled_seed,2026-06-02
002655,共达电声,20120217,SZSE,主板,bundled_seed,2026-06-02
002656,*ST摩登,20120228,SZSE,主板,bundled_seed,2026-06-02
002657,中科金财,20120228,SZSE,主板,bundled_seed,2026-06-02
002658,雪迪龙,20120309,SZSE,主板,bundled_seed,2026-06-02
002659,凯文教育,20120309,SZSE,主板,bundled_seed,2026-06-02
002660,茂硕电源,20120316,SZSE,主板,bundled_seed,2026-06-02
002661,克明食品,20120316,SZSE,主板,bundled_seed,2026-06-02
002662,峰璟股份,20120309,SZSE,主板,bundled_seed,2026-06-02
002663,普邦股份,20120316,SZSE,主板,bundled_seed,2026-06-02
002664,信质集团,20120316,SZSE,主板,bundled_seed,2026-06-02
002666,德联集团,20120327,SZSE,主板,bundled_seed,2026-06-02
002667,*ST威领,20120329,SZSE,主板,bundled_seed,2026-06-02
002668,TCL智家,20120416,SZSE,主板,bundled_seed,2026-06-02
002669,康达新材,20120416,SZSE,主板,bundled_seed,2026-06-02
002670,国盛证券,20120416,SZSE,主板,bundled_seed,2026-06-02
002671,龙泉股份,20120426,SZSE,主板,bundled_seed,2026-06-02
002672,东江环保,20120426,SZSE,主板,bundled_seed,2026-06-02
002673,西部证券,20120503,SZSE,主板,bundled_seed,2026-06-02
002674,兴业科技,20120507,SZSE,主板,bundled_seed,2026-06-02
002675,东诚药业,20120525,SZSE,主板,bundled_seed,2026-06-02
002676,顺威股份,20120525,SZSE,主板,bundled_seed,2026-06-02
002677,浙江美大,20120525,SZSE,主板,bundled_seed,2026-06-02
002678,珠江钢琴,20120530,SZSE,主板,bundled_seed,2026-06-02
002679,福建金森,20120605,SZSE,主板,bundled_seed,2026-06-02
002681,奋达科技,20120605,SZSE,主板,bundled_seed,2026-06-02
002682,龙洲股份,20120612,SZSE,主板,bundled_seed,2026-06-02
002683,广东宏大,20120612,SZSE,主板,bundled_seed,2026-06-02
002685,华东重机,20120612,SZSE,主板,bundled_seed,2026-06-02
002686,亿利达,20120703,SZSE,主板,bundled_seed,2026-06-02
002687,乔治白,20120713,SZSE,主板,bundled_seed,2026-06-02
002688,金河生物,20120713,SZSE,主板,bundled_seed,2026-06-02
002689,ST远智,20120717,SZSE,主板,bundled_seed,2026-06-02
002690,美亚光电,20120731,SZSE,主板,bundled_seed,2026-06-02
002691,*ST冀凯,20120731,SZSE,主板,bundled_seed,2026-06-02
002692,远程股份,20120808,SZSE,主板,bundled_seed,2026-06-02
002693,双成药业,20120808,SZSE,主板,bundled_seed,2026-06-02
002694,*ST顾地,20120816,SZSE,主板,bundled_seed,2026-06-02
002695,煌上煌,20120905,SZSE,主板,bundled_seed,2026-06-02
002696,百洋股份,20120905,SZSE,主板,bundled_seed,2026-06-02
002697,红旗连锁,20120905,SZSE,主板,bundled_seed,2026-06-02
002698,博实股份,20120911,SZSE,主板,bundled_seed,2026-06-02
002700,万憬能源,20120921,SZSE,主板,bundled_seed,2026-06-02
002701,奥瑞金,20121011,SZSE,主板,bundled_seed,2026-06-02
002702,海欣食品,20121011,SZSE,主板,bundled_seed,2026-06-02
002703,浙江世宝,20121102,SZSE,主板,bundled_seed,2026-06-02
002705,新宝股份,20140121,SZSE,主板,bundled_seed,2026-06-02
002706,良信股份,20140121,SZSE,主板,bundled_seed,2026-06-02
002707,众信旅游,20140123,SZSE,主板,bundled_seed,2026-06-02
002708,光洋股份,20140121,SZSE,主板,bundled_seed,2026-06-02
002709,天赐材料,20140123,SZSE,主板,bundled_seed,2026-06-02
002712,思美传媒,20140123,SZSE,主板,bundled_seed,2026-06-02
002713,*ST东易,20140219,SZSE,主板,bundled_seed,2026-06-02
002714,牧原股份,20140128,SZSE,主板,bundled_seed,2026-06-02
002715,登云股份,20140219,SZSE,主板,bundled_seed,2026-06-02
002716,湖南白银,20140128,SZSE,主板,bundled_seed,2026-06-02
002717,*ST岭南,20140219,SZSE,主板,bundled_seed,2026-06-02
002718,友邦吊顶,20140128,SZSE,主板,bundled_seed,2026-06-02
002719,ST麦趣,20140128,SZSE,主板,bundled_seed,2026-06-02
002721,金一文化,20140127,SZSE,主板,bundled_seed,2026-06-02
002722,物产金轮,20140128,SZSE,主板,bundled_seed,2026-06-02
002723,小崧股份,20140129,SZSE,主板,bundled_seed,2026-06-02
002724,海洋王,20141104,SZSE,主板,bundled_seed,2026-06-02
002725,跃岭股份,20140129,SZSE,主板,bundled_seed,2026-06-02
002726,ST龙大,20140626,SZSE,主板,bundled_seed,2026-06-02
002727,一心堂,20140702,SZSE,主板,bundled_seed,2026-06-02
002728,特一药业,20140731,SZSE,主板,bundled_seed,2026-06-02
002729,好利科技,20140912,SZSE,主板,bundled_seed,2026-06-02
002730,电光科技,20141009,SZSE,主板,bundled_seed,2026-06-02
002731,ST萃华,20141104,SZSE,主板,bundled_seed,2026-06-02
002732,燕塘乳业,20141205,SZSE,主板,bundled_seed,2026-06-02
002733,雄韬股份,20141203,SZSE,主板,bundled_seed,2026-06-02
002734,利民股份,20150127,SZSE,主板,bundled_seed,2026-06-02
002735,王子新材,20141203,SZSE,主板,bundled_seed,2026-06-02
002736,国信证券,20141229,SZSE,主板,bundled_seed,2026-06-02
002737,葵花药业,20141230,SZSE,主板,bundled_seed,2026-06-02
002738,中矿资源,20141230,SZSE,主板,bundled_seed,2026-06-02
002739,儒意电影,20150122,SZSE,主板,bundled_seed,2026-06-02
002741,光华科技,20150216,SZSE,主板,bundled_seed,2026-06-02
002742,三圣股份,20150217,SZSE,主板,bundled_seed,2026-06-02
002743,富煌钢构,20150217,SZSE,主板,bundled_seed,2026-06-02
002745,木林森,20150217,SZSE,主板,bundled_seed,2026-06-02
002746,仙坛股份,20150216,SZSE,主板,bundled_seed,2026-06-02
002747,埃斯顿,20150320,SZSE,主板,bundled_seed,2026-06-02
002748,世龙实业,20150319,SZSE,主板,bundled_seed,2026-06-02
002749,国光股份,20150320,SZSE,主板,bundled_seed,2026-06-02
002752,昇兴股份,20150422,SZSE,主板,bundled_seed,2026-06-02
002753,永东股份,20150519,SZSE,主板,bundled_seed,2026-06-02
002755,奥赛康,20150515,SZSE,主板,bundled_seed,2026-06-02
002756,永兴材料,20150515,SZSE,主板,bundled_seed,2026-06-02
002757,南兴股份,20150527,SZSE,主板,bundled_seed,2026-06-02
002758,浙农股份,20150527,SZSE,主板,bundled_seed,2026-06-02
002759,天际股份,20150528,SZSE,主板,bundled_seed,2026-06-02
002760,凤形股份,20150611,SZSE,主板,bundled_seed,2026-06-02
002761,浙江建投,20150610,SZSE,主板,bundled_seed,2026-06-02
002762,*ST金比,20150610,SZSE,主板,bundled_seed,2026-06-02
002763,汇洁股份,20150610,SZSE,主板,bundled_seed,2026-06-02
002765,蓝黛科技,20150612,SZSE,主板,bundled_seed,2026-06-02
002766,索菱股份,20150611,SZSE,主板,bundled_seed,2026-06-02
002767,先锋电子,20150612,SZSE,主板,bundled_seed,2026-06-02
002768,国恩股份,20150630,SZSE,主板,bundled_seed,2026-06-02
002769,普路通,20150629,SZSE,主板,bundled_seed,2026-06-02
002771,真视通,20150629,SZSE,主板,bundled_seed,2026-06-02
002772,众兴菌业,20150626,SZSE,主板,bundled_seed,2026-06-02
002773,康弘药业,20150626,SZSE,主板,bundled_seed,2026-06-02
002774,快意电梯,20170324,SZSE,主板,bundled_seed,2026-06-02
002775,文科股份,20150629,SZSE,主板,bundled_seed,2026-06-02
002777,久远银海,20151231,SZSE,主板,bundled_seed,2026-06-02
002778,中晟高科,20160106,SZSE,主板,bundled_seed,2026-06-02
002779,中坚科技,20151209,SZSE,主板,bundled_seed,2026-06-02
002780,三夫户外,20151209,SZSE,主板,bundled_seed,2026-06-02
002782,可立克,20151222,SZSE,主板,bundled_seed,2026-06-02
002783,凯龙股份,20151209,SZSE,主板,bundled_seed,2026-06-02
002785,万里石,20151223,SZSE,主板,bundled_seed,2026-06-02
002786,银宝山新,20151223,SZSE,主板,bundled_seed,2026-06-02
002787,华源控股,20151231,SZSE,主板,bundled_seed,2026-06-02
002788,鹭燕医药,20160218,SZSE,主板,bundled_seed,2026-06-02
002789,*ST建艺,20160311,SZSE,主板,bundled_seed,2026-06-02
002790,瑞尔特,20160308,SZSE,主板,bundled_seed,2026-06-02
002791,坚朗五金,20160329,SZSE,主板,bundled_seed,2026-06-02
002792,通宇通讯,20160328,SZSE,主板,bundled_seed,2026-06-02
002793,罗欣药业,20160415,SZSE,主板,bundled_seed,2026-06-02
002795,永和智控,20160428,SZSE,主板,bundled_seed,2026-06-02
002796,世嘉科技,20160510,SZSE,主板,bundled_seed,2026-06-02
002797,第一创业,20160511,SZSE,主板,bundled_seed,2026-06-02
002798,帝欧水华,20160525,SZSE,主板,bundled_seed,2026-06-02
002799,环球印务,20160608,SZSE,主板,bundled_seed,2026-06-02
002800,天顺股份,20160530,SZSE,主板,bundled_seed,2026-06-02
002801,微光股份,20160622,SZSE,主板,bundled_seed,2026-06-02
002802,洪汇新材,20160629,SZSE,主板,bundled_seed,2026-06-02
002803,吉宏股份,20160712,SZSE,主板,bundled_seed,2026-06-02
002805,丰元股份,20160707,SZSE,主板,bundled_seed,2026-06-02
002806,华锋股份,20160726,SZSE,主板,bundled_seed,2026-06-02
002807,江阴银行,20160902,SZSE,主板,bundled_seed,2026-06-02
002808,*ST恒久,20160812,SZSE,主板,bundled_seed,2026-06-02
002809,红墙股份,20160823,SZSE,主板,bundled_seed,2026-06-02
002810,山东赫达,20160826,SZSE,主板,bundled_seed,2026-06-02
002811,郑中设计,20160908,SZSE,主板,bundled_seed,2026-06-02
002812,恩捷股份,20160914,SZSE,主板,bundled_seed,2026-06-02
002813,路畅科技,20161012,SZSE,主板,bundled_seed,2026-06-02
002815,崇达技术,20161012,SZSE,主板,bundled_seed,2026-06-02
002816,*ST和科,20161025,SZSE,主板,bundled_seed,2026-06-02
002817,黄山胶囊,20161025,SZSE,主板,bundled_seed,2026-06-02
002818,富森美,20161109,SZSE,主板,bundled_seed,2026-06-02
002819,东方中科,20161111,SZSE,主板,bundled_seed,2026-06-02
002820,桂发祥,20161118,SZSE,主板,bundled_seed,2026-06-02
002821,凯莱英,20161118,SZSE,主板,bundled_seed,2026-06-02
002822,ST中装,20161129,SZSE,主板,bundled_seed,2026-06-02
002823,凯中精密,20161124,SZSE,主板,bundled_seed,2026-06-02
002824,和胜股份,20170112,SZSE,主板,bundled_seed,2026-06-02
002825,纳尔股份,20161129,SZSE,主板,bundled_seed,2026-06-02
002826,易明医药,20161209,SZSE,主板,bundled_seed,2026-06-02
002827,高争民爆,20161209,SZSE,主板,bundled_seed,2026-06-02
002828,贝肯能源,20161208,SZSE,主板,bundled_seed,2026-06-02
002829,星网宇达,20161213,SZSE,主板,bundled_seed,2026-06-02
002830,名雕股份,20161213,SZSE,主板,bundled_seed,2026-06-02
002831,裕同科技,20161216,SZSE,主板,bundled_seed,2026-06-02
002832,比音勒芬,20161223,SZSE,主板,bundled_seed,2026-06-02
002833,弘亚数控,20161228,SZSE,主板,bundled_seed,2026-06-02
002835,同为股份,20161228,SZSE,主板,bundled_seed,2026-06-02
002836,新宏泽,20161229,SZSE,主板,bundled_seed,2026-06-02
002837,英维克,20161229,SZSE,主板,bundled_seed,2026-06-02
002838,道恩股份,20170106,SZSE,主板,bundled_seed,2026-06-02
002839,张家港行,20170124,SZSE,主板,bundled_seed,2026-06-02
002840,华统股份,20170110,SZSE,主板,bundled_seed,2026-06-02
002841,视源股份,20170119,SZSE,主板,bundled_seed,2026-06-02
002842,翔鹭钨业,20170119,SZSE,主板,bundled_seed,2026-06-02
002843,泰嘉股份,20170120,SZSE,主板,bundled_seed,2026-06-02
002845,同兴达,20170125,SZSE,主板,bundled_seed,2026-06-02
002846,英联股份,20170207,SZSE,主板,bundled_seed,2026-06-02
002847,盐津铺子,20170208,SZSE,主板,bundled_seed,2026-06-02
002848,*ST高斯,20170213,SZSE,主板,bundled_seed,2026-06-02
002849,威星智能,20170217,SZSE,主板,bundled_seed,2026-06-02
002850,科达利,20170302,SZSE,主板,bundled_seed,2026-06-02
002851,麦格米特,20170306,SZSE,主板,bundled_seed,2026-06-02
002852,道道全,20170310,SZSE,主板,bundled_seed,2026-06-02
002853,皮阿诺,20170310,SZSE,主板,bundled_seed,2026-06-02
002855,捷荣技术,20170321,SZSE,主板,bundled_seed,2026-06-02
002856,*ST美芝,20170320,SZSE,主板,bundled_seed,2026-06-02
002857,三晖电气,20170323,SZSE,主板,bundled_seed,2026-06-02
002858,力盛体育,20170324,SZSE,主板,bundled_seed,2026-06-02
002859,洁美科技,20170407,SZSE,主板,bundled_seed,2026-06-02
002860,星帅尔,20170412,SZSE,主板,bundled_seed,2026-06-02
002861,瀛通通讯,20170413,SZSE,主板,bundled_seed,2026-06-02
002862,实丰文化,20170411,SZSE,主板,bundled_seed,2026-06-02
002863,今飞凯达,20170418,SZSE,主板,bundled_seed,2026-06-02
002864,盘龙药业,20171116,SZSE,主板,bundled_seed,2026-06-02
002865,钧达股份,20170425,SZSE,主板,bundled_seed,2026-06-02
002866,传艺科技,20170426,SZSE,主板,bundled_seed,2026-06-02
002867,周大生,20170427,SZSE,主板,bundled_seed,2026-06-02
002868,绿康生化,20170503,SZSE,主板,bundled_seed,2026-06-02
002869,金溢科技,20170515,SZSE,主板,bundled_seed,2026-06-02
002870,香山股份,20170515,SZSE,主板,bundled_seed,2026-06-02
002871,伟隆股份,20170511,SZSE,主板,bundled_seed,2026-06-02
002872,ST天圣,20170519,SZSE,主板,bundled_seed,2026-06-02
002873,新天药业,20170519,SZSE,主板,bundled_seed,2026-06-02
002875,安奈儿,20170601,SZSE,主板,bundled_seed,2026-06-02
002876,三利谱,20170525,SZSE,主板,bundled_seed,2026-06-02
002877,智能自控,20170605,SZSE,主板,bundled_seed,2026-06-02
002878,元隆雅图,20170606,SZSE,主板,bundled_seed,2026-06-02
002879,长缆科技,20170707,SZSE,主板,bundled_seed,2026-06-02
002880,卫光生物,20170616,SZSE,主板,bundled_seed,2026-06-02
002881,美格智能,20170622,SZSE,主板,bundled_seed,2026-06-02
002882,金龙羽,20170717,SZSE,主板,bundled_seed,2026-06-02
002883,*ST中设,20170620,SZSE,主板,bundled_seed,2026-06-02
002884,凌霄泵业,20170711,SZSE,主板,bundled_seed,2026-06-02
002885,京泉华,20170627,SZSE,主板,bundled_seed,2026-06-02
002886,沃特股份,20170627,SZSE,主板,bundled_seed,2026-06-02
002887,绿茵生态,20170801,SZSE,主板,bundled_seed,2026-06-02
002888,惠威科技,20170721,SZSE,主板,bundled_seed,2026-06-02
002889,东方嘉盛,20170731,SZSE,主板,bundled_seed,2026-06-02
002890,弘宇股份,20170802,SZSE,主板,bundled_seed,2026-06-02
002891,中宠股份,20170821,SZSE,主板,bundled_seed,2026-06-02
002892,科力尔,20170817,SZSE,主板,bundled_seed,2026-06-02
002893,京能热力,20170915,SZSE,主板,bundled_seed,2026-06-02
002895,川恒股份,20170825,SZSE,主板,bundled_seed,2026-06-02
002896,中大力德,20170829,SZSE,主板,bundled_seed,2026-06-02
002897,意华股份,20170907,SZSE,主板,bundled_seed,2026-06-02
002898,*ST赛隆,20170912,SZSE,主板,bundled_seed,2026-06-02
002899,英派斯,20170915,SZSE,主板,bundled_seed,2026-06-02
002900,哈三联,20170922,SZSE,主板,bundled_seed,2026-06-02
002901,大博医疗,20170922,SZSE,主板,bundled_seed,2026-06-02
002902,铭普光磁,20170929,SZSE,主板,bundled_seed,2026-06-02
002903,宇环数控,20171013,SZSE,主板,bundled_seed,2026-06-02
002905,金逸影视,20171016,SZSE,主板,bundled_seed,2026-06-02
002906,华阳集团,20171013,SZSE,主板,bundled_seed,2026-06-02
002907,华森制药,20171020,SZSE,主板,bundled_seed,2026-06-02
002908,德生科技,20171020,SZSE,主板,bundled_seed,2026-06-02
002909,集泰股份,20171026,SZSE,主板,bundled_seed,2026-06-02
002910,庄园牧场,20171031,SZSE,主板,bundled_seed,2026-06-02
002911,佛燃能源,20171122,SZSE,主板,bundled_seed,2026-06-02
002912,中新赛克,20171121,SZSE,主板,bundled_seed,2026-06-02
002913,奥士康,20171201,SZSE,主板,bundled_seed,2026-06-02
002915,中欣氟材,20171205,SZSE,主板,bundled_seed,2026-06-02
002916,深南电路,20171213,SZSE,主板,bundled_seed,2026-06-02
002917,金奥博,20171208,SZSE,主板,bundled_seed,2026-06-02
002918,蒙娜丽莎,20171219,SZSE,主板,bundled_seed,2026-06-02
002919,名臣健康,20171218,SZSE,主板,bundled_seed,2026-06-02
002920,德赛西威,20171226,SZSE,主板,bundled_seed,2026-06-02
002921,联诚精密,20171227,SZSE,主板,bundled_seed,2026-06-02
002922,伊戈尔,20171229,SZSE,主板,bundled_seed,2026-06-02
002923,润都股份,20180105,SZSE,主板,bundled_seed,2026-06-02
002925,盈趣科技,20180115,SZSE,主板,bundled_seed,2026-06-02
002926,华西证券,20180205,SZSE,主板,bundled_seed,2026-06-02
002927,泰永长征,20180223,SZSE,主板,bundled_seed,2026-06-02
002928,华夏航空,20180302,SZSE,主板,bundled_seed,2026-06-02
002929,润建股份,20180301,SZSE,主板,bundled_seed,2026-06-02
002930,宏川智慧,20180328,SZSE,主板,bundled_seed,2026-06-02
002931,锋龙股份,20180403,SZSE,主板,bundled_seed,2026-06-02
002932,*ST明德,20180710,SZSE,主板,bundled_seed,2026-06-02
002933,新兴装备,20180828,SZSE,主板,bundled_seed,2026-06-02
002935,天奥电子,20180903,SZSE,主板,bundled_seed,2026-06-02
002936,郑州银行,20180919,SZSE,主板,bundled_seed,2026-06-02
002937,兴瑞科技,20180926,SZSE,主板,bundled_seed,2026-06-02
002938,鹏鼎控股,20180918,SZSE,主板,bundled_seed,2026-06-02
002939,长城证券,20181026,SZSE,主板,bundled_seed,2026-06-02
002940,昂利康,20181023,SZSE,主板,bundled_seed,2026-06-02
002941,新疆交建,20181128,SZSE,主板,bundled_seed,2026-06-02
002942,新农股份,20181205,SZSE,主板,bundled_seed,2026-06-02
002943,宇晶股份,20181129,SZSE,主板,bundled_seed,2026-06-02
002945,华林证券,20190117,SZSE,主板,bundled_seed,2026-06-02
002946,新乳业,20190125,SZSE,主板,bundled_seed,2026-06-02
002947,恒铭达,20190201,SZSE,主板,bundled_seed,2026-06-02
002948,青岛银行,20190116,SZSE,主板,bundled_seed,2026-06-02
002949,华阳国际,20190226,SZSE,主板,bundled_seed,2026-06-02
002950,奥美医疗,20190311,SZSE,主板,bundled_seed,2026-06-02
002951,金时科技,20190315,SZSE,主板,bundled_seed,2026-06-02
002952,亚世光电,20190328,SZSE,主板,bundled_seed,2026-06-02
002953,日丰股份,20190509,SZSE,主板,bundled_seed,2026-06-02
002955,鸿合科技,20190523,SZSE,主板,bundled_seed,2026-06-02
002956,西麦食品,20190619,SZSE,主板,bundled_seed,2026-06-02
002957,科瑞技术,20190726,SZSE,主板,bundled_seed,2026-06-02
002958,青农商行,20190326,SZSE,主板,bundled_seed,2026-06-02
002959,小熊电器,20190823,SZSE,主板,bundled_seed,2026-06-02
002960,青鸟智控,20190809,SZSE,主板,bundled_seed,2026-06-02
002961,瑞达期货,20190905,SZSE,主板,bundled_seed,2026-06-02
002962,五方光电,20190917,SZSE,主板,bundled_seed,2026-06-02
002963,豪尔赛,20191028,SZSE,主板,bundled_seed,2026-06-02
002965,祥鑫科技,20191025,SZSE,主板,bundled_seed,2026-06-02
002966,苏州银行,20190802,SZSE,主板,bundled_seed,2026-06-02
002967,广电计量,20191108,SZSE,主板,bundled_seed,2026-06-02
002968,新大正,20191203,SZSE,主板,bundled_seed,2026-06-02
002969,嘉美包装,20191202,SZSE,主板,bundled_seed,2026-06-02
002970,锐明技术,20191217,SZSE,主板,bundled_seed,2026-06-02
002971,和远气体,20200113,SZSE,主板,bundled_seed,2026-06-02
002972,科安达,20191227,SZSE,主板,bundled_seed,2026-06-02
002973,侨银股份,20200106,SZSE,主板,bundled_seed,2026-06-02
002975,博杰股份,20200205,SZSE,主板,bundled_seed,2026-06-02
002976,瑞玛精密,20200306,SZSE,主板,bundled_seed,2026-06-02
002977,*ST天箭,20200317,SZSE,主板,bundled_seed,2026-06-02
002978,安宁股份,20200417,SZSE,主板,bundled_seed,2026-06-02
002979,雷赛智能,20200408,SZSE,主板,bundled_seed,2026-06-02
002980,华盛昌,20200415,SZSE,主板,bundled_seed,2026-06-02
002981,朝阳科技,20200417,SZSE,主板,bundled_seed,2026-06-02
002982,湘佳股份,20200424,SZSE,主板,bundled_seed,2026-06-02
002983,芯瑞达,20200428,SZSE,主板,bundled_seed,2026-06-02
002984,森麒麟,20200911,SZSE,主板,bundled_seed,2026-06-02
002985,北摩高科,20200429,SZSE,主板,bundled_seed,2026-06-02
002986,宇新股份,20200602,SZSE,主板,bundled_seed,2026-06-02
002987,京北方,20200507,SZSE,主板,bundled_seed,2026-06-02
002988,豪美新材,20200518,SZSE,主板,bundled_seed,2026-06-02
002989,中天精装,20200610,SZSE,主板,bundled_seed,2026-06-02
002990,盛视科技,20200525,SZSE,主板,bundled_seed,2026-06-02
002991,甘源食品,20200731,SZSE,主板,bundled_seed,2026-06-02
002992,宝明科技,20200803,SZSE,主板,bundled_seed,2026-06-02
002993,奥海科技,20200817,SZSE,主板,bundled_seed,2026-06-02
002995,天地在线,20200805,SZSE,主板,bundled_seed,2026-06-02
002996,顺博合金,20200828,SZSE,主板,bundled_seed,2026-06-02
002997,瑞鹄模具,20200903,SZSE,主板,bundled_seed,2026-06-02
002998,优彩资源,20200925,SZSE,主板,bundled_seed,2026-06-02
002999,天禾股份,20200903,SZSE,主板,bundled_seed,2026-06-02
003000,劲仔食品,20200914,SZSE,主板,bundled_seed,2026-06-02
003001,中岩大地,20201013,SZSE,主板,bundled_seed,2026-06-02
003002,壶化股份,20200922,SZSE,主板,bundled_seed,2026-06-02
003003,天元股份,20200921,SZSE,主板,bundled_seed,2026-06-02
003004,声迅股份,20201126,SZSE,主板,bundled_seed,2026-06-02
003005,竞业达,20200922,SZSE,主板,bundled_seed,2026-06-02
003006,百亚股份,20200921,SZSE,主板,bundled_seed,2026-06-02
003007,直真科技,20200923,SZSE,主板,bundled_seed,2026-06-02
003008,开普检测,20200923,SZSE,主板,bundled_seed,2026-06-02
003009,中天火箭,20200925,SZSE,主板,bundled_seed,2026-06-02
003010,若羽臣,20200925,SZSE,主板,bundled_seed,2026-06-02
003011,海象新材,20200930,SZSE,主板,bundled_seed,2026-06-02
003012,东鹏控股,20201019,SZSE,主板,bundled_seed,2026-06-02
003013,地铁设计,20201022,SZSE,主板,bundled_seed,2026-06-02
003015,日久光电,20201021,SZSE,主板,bundled_seed,2026-06-02
003016,欣贺股份,20201026,SZSE,主板,bundled_seed,2026-06-02
003017,大洋生物,20201026,SZSE,主板,bundled_seed,2026-06-02
003018,金富科技,20201106,SZSE,主板,bundled_seed,2026-06-02
003019,宸展光电,20201117,SZSE,主板,bundled_seed,2026-06-02
003020,立方制药,20201215,SZSE,主板,bundled_seed,2026-06-02
003021,兆威机电,20201204,SZSE,主板,bundled_seed,2026-06-02
003022,联泓新科,20201208,SZSE,主板,bundled_seed,2026-06-02
003023,彩虹集团,20201211,SZSE,主板,bundled_seed,2026-06-02
003025,思进智能,20201211,SZSE,主板,bundled_seed,2026-06-02
003026,中晶科技,20201218,SZSE,主板,bundled_seed,2026-06-02
003027,同兴科技,20201218,SZSE,主板,bundled_seed,2026-06-02
003028,振邦智能,20201228,SZSE,主板,bundled_seed,2026-06-02
003029,吉大正元,20201224,SZSE,主板,bundled_seed,2026-06-02
003030,祖名股份,20210106,SZSE,主板,bundled_seed,2026-06-02
003031,中瓷电子,20210104,SZSE,主板,bundled_seed,2026-06-02
003032,*ST传智,20210112,SZSE,主板,bundled_seed,2026-06-02
003033,征和工业,20210111,SZSE,主板,bundled_seed,2026-06-02
003035,南网能源,20210119,SZSE,主板,bundled_seed,2026-06-02
003036,泰坦股份,20210128,SZSE,主板,bundled_seed,2026-06-02
003037,三和管桩,20210204,SZSE,主板,bundled_seed,2026-06-02
003038,鑫铂股份,20210210,SZSE,主板,bundled_seed,2026-06-02
003039,顺控发展,20210308,SZSE,主板,bundled_seed,2026-06-02
003040,楚天龙,20210322,SZSE,主板,bundled_seed,2026-06-02
003041,真爱美家,20210406,SZSE,主板,bundled_seed,2026-06-02
003042,中农联合,20210406,SZSE,主板,bundled_seed,2026-06-02
003043,华亚智能,20210406,SZSE,主板,bundled_seed,2026-06-02
003816,中国广核,20190826,SZSE,主板,bundled_seed,2026-06-02
300001,特锐德,20091030,SZSE,创业板,bundled_seed,2026-06-02
300002,神州泰岳,20091030,SZSE,创业板,bundled_seed,2026-06-02
300003,乐普医疗,20091030,SZSE,创业板,bundled_seed,2026-06-02
300004,南风股份,20091030,SZSE,创业板,bundled_seed,2026-06-02
300005,探路者,20091030,SZSE,创业板,bundled_seed,2026-06-02
300006,莱美药业,20091030,SZSE,创业板,bundled_seed,2026-06-02
300007,汉威科技,20091030,SZSE,创业板,bundled_seed,2026-06-02
300008,天海防务,20091030,SZSE,创业板,bundled_seed,2026-06-02
300009,安科生物,20091030,SZSE,创业板,bundled_seed,2026-06-02
300010,ST豆神,20091030,SZSE,创业板,bundled_seed,2026-06-02
300011,鼎汉技术,20091030,SZSE,创业板,bundled_seed,2026-06-02
300012,华测检测,20091030,SZSE,创业板,bundled_seed,2026-06-02
300013,新宁物流,20091030,SZSE,创业板,bundled_seed,2026-06-02
300014,亿纬锂能,20091030,SZSE,创业板,bundled_seed,2026-06-02
300015,爱尔眼科,20091030,SZSE,创业板,bundled_seed,2026-06-02
300016,北陆药业,20091030,SZSE,创业板,bundled_seed,2026-06-02
300017,网宿科技,20091030,SZSE,创业板,bundled_seed,2026-06-02
300018,中元股份,20091030,SZSE,创业板,bundled_seed,2026-06-02
300019,硅宝科技,20091030,SZSE,创业板,bundled_seed,2026-06-02
300020,ST银江,20091030,SZSE,创业板,bundled_seed,2026-06-02
300021,大禹节水,20091030,SZSE,创业板,bundled_seed,2026-06-02
300022,吉峰科技,20091030,SZSE,创业板,bundled_seed,2026-06-02
300024,机器人,20091030,SZSE,创业板,bundled_seed,2026-06-02
300025,华星创业,20091030,SZSE,创业板,bundled_seed,2026-06-02
300026,红日药业,20091030,SZSE,创业板,bundled_seed,2026-06-02
300027,ST华谊,20091030,SZSE,创业板,bundled_seed,2026-06-02
300029,*ST天龙,20091225,SZSE,创业板,bundled_seed,2026-06-02
300030,阳普医疗,20091225,SZSE,创业板,bundled_seed,2026-06-02
300031,宝通科技,20091225,SZSE,创业板,bundled_seed,2026-06-02
300032,金龙机电,20091225,SZSE,创业板,bundled_seed,2026-06-02
300033,同花顺,20091225,SZSE,创业板,bundled_seed,2026-06-02
300034,钢研高纳,20091225,SZSE,创业板,bundled_seed,2026-06-02
300035,中科电气,20091225,SZSE,创业板,bundled_seed,2026-06-02
300036,超图软件,20091225,SZSE,创业板,bundled_seed,2026-06-02
300037,新宙邦,20100108,SZSE,创业板,bundled_seed,2026-06-02
300039,上海凯宝,20100108,SZSE,创业板,bundled_seed,2026-06-02
300040,九洲集团,20100108,SZSE,创业板,bundled_seed,2026-06-02
300041,回天新材,20100108,SZSE,创业板,bundled_seed,2026-06-02
300042,朗科科技,20100108,SZSE,创业板,bundled_seed,2026-06-02
300043,星辉娱乐,20100120,SZSE,创业板,bundled_seed,2026-06-02
300044,*ST赛为,20100120,SZSE,创业板,bundled_seed,2026-06-02
300045,华力创通,20100120,SZSE,创业板,bundled_seed,2026-06-02
300046,台基股份,20100120,SZSE,创业板,bundled_seed,2026-06-02
300047,天源迪科,20100120,SZSE,创业板,bundled_seed,2026-06-02
300048,合康新能,20100120,SZSE,创业板,bundled_seed,2026-06-02
300049,福瑞医科,20100120,SZSE,创业板,bundled_seed,2026-06-02
300050,世纪鼎利,20100120,SZSE,创业板,bundled_seed,2026-06-02
300051,琏升科技,20100211,SZSE,创业板,bundled_seed,2026-06-02
300052,中青宝,20100211,SZSE,创业板,bundled_seed,2026-06-02
300053,航宇微,20100211,SZSE,创业板,bundled_seed,2026-06-02
300054,鼎龙股份,20100211,SZSE,创业板,bundled_seed,2026-06-02
300055,万邦达,20100226,SZSE,创业板,bundled_seed,2026-06-02
300056,中创环保,20100226,SZSE,创业板,bundled_seed,2026-06-02
300057,万顺新材,20100226,SZSE,创业板,bundled_seed,2026-06-02
300058,蓝色光标,20100226,SZSE,创业板,bundled_seed,2026-06-02
300059,东方财富,20100319,SZSE,创业板,bundled_seed,2026-06-02
300061,旗天科技,20100319,SZSE,创业板,bundled_seed,2026-06-02
300062,中能电气,20100319,SZSE,创业板,bundled_seed,2026-06-02
300063,天龙集团,20100326,SZSE,创业板,bundled_seed,2026-06-02
300065,海兰信,20100326,SZSE,创业板,bundled_seed,2026-06-02
300066,三川智慧,20100326,SZSE,创业板,bundled_seed,2026-06-02
300067,安诺其,20100421,SZSE,创业板,bundled_seed,2026-06-02
300068,ST南都,20100421,SZSE,创业板,bundled_seed,2026-06-02
300069,金利华电,20100421,SZSE,创业板,bundled_seed,2026-06-02
300070,碧水源,20100421,SZSE,创业板,bundled_seed,2026-06-02
300071,福石控股,20100421,SZSE,创业板,bundled_seed,2026-06-02
300072,海新能科,20100427,SZSE,创业板,bundled_seed,2026-06-02
300073,当升科技,20100427,SZSE,创业板,bundled_seed,2026-06-02
300074,华平股份,20100427,SZSE,创业板,bundled_seed,2026-06-02
300075,数字政通,20100427,SZSE,创业板,bundled_seed,2026-06-02
300076,*ST宁视,20100430,SZSE,创业板,bundled_seed,2026-06-02
300077,国民技术,20100430,SZSE,创业板,bundled_seed,2026-06-02
300078,思创智联,20100430,SZSE,创业板,bundled_seed,2026-06-02
300079,数码视讯,20100430,SZSE,创业板,bundled_seed,2026-06-02
300080,易成新能,20100625,SZSE,创业板,bundled_seed,2026-06-02
300081,ST恒信,20100520,SZSE,创业板,bundled_seed,2026-06-02
300082,奥克股份,20100520,SZSE,创业板,bundled_seed,2026-06-02
300083,创世纪,20100520,SZSE,创业板,bundled_seed,2026-06-02
300084,海默科技,20100520,SZSE,创业板,bundled_seed,2026-06-02
300085,银之杰,20100526,SZSE,创业板,bundled_seed,2026-06-02
300086,康芝药业,20100526,SZSE,创业板,bundled_seed,2026-06-02
300087,荃银高科,20100526,SZSE,创业板,bundled_seed,2026-06-02
300088,长信科技,20100526,SZSE,创业板,bundled_seed,2026-06-02
300091,*ST金灵,20100625,SZSE,创业板,bundled_seed,2026-06-02
300092,科新机电,20100708,SZSE,创业板,bundled_seed,2026-06-02
300093,*ST金刚,20100708,SZSE,创业板,bundled_seed,2026-06-02
300094,国联水产,20100708,SZSE,创业板,bundled_seed,2026-06-02
300095,华伍股份,20100728,SZSE,创业板,bundled_seed,2026-06-02
300096,ST易联众,20100728,SZSE,创业板,bundled_seed,2026-06-02
300097,智云股份,20100728,SZSE,创业板,bundled_seed,2026-06-02
300098,高新兴,20100728,SZSE,创业板,bundled_seed,2026-06-02
300099,尤洛卡,20100806,SZSE,创业板,bundled_seed,2026-06-02
300100,双林股份,20100806,SZSE,创业板,bundled_seed,2026-06-02
300101,振芯科技,20100806,SZSE,创业板,bundled_seed,2026-06-02
300102,乾照光电,20100812,SZSE,创业板,bundled_seed,2026-06-02
300103,达刚控股,20100812,SZSE,创业板,bundled_seed,2026-06-02
300105,龙源技术,20100820,SZSE,创业板,bundled_seed,2026-06-02
300106,西部牧业,20100820,SZSE,创业板,bundled_seed,2026-06-02
300107,建新股份,20100820,SZSE,创业板,bundled_seed,2026-06-02
300109,新开源,20100825,SZSE,创业板,bundled_seed,2026-06-02
300110,华仁药业,20100825,SZSE,创业板,bundled_seed,2026-06-02
300111,向日葵,20100827,SZSE,创业板,bundled_seed,2026-06-02
300112,万讯自控,20100827,SZSE,创业板,bundled_seed,2026-06-02
300113,顺网科技,20100827,SZSE,创业板,bundled_seed,2026-06-02
300115,长盈精密,20100902,SZSE,创业板,bundled_seed,2026-06-02
300118,东方日升,20100902,SZSE,创业板,bundled_seed,2026-06-02
300119,瑞普生物,20100917,SZSE,创业板,bundled_seed,2026-06-02
300120,经纬辉开,20100917,SZSE,创业板,bundled_seed,2026-06-02
300121,阳谷华泰,20100917,SZSE,创业板,bundled_seed,2026-06-02
300122,智飞生物,20100928,SZSE,创业板,bundled_seed,2026-06-02
300123,ST亚光,20100928,SZSE,创业板,bundled_seed,2026-06-02
300124,汇川技术,20100928,SZSE,创业板,bundled_seed,2026-06-02
300125,*ST聆达,20101013,SZSE,创业板,bundled_seed,2026-06-02
300126,锐奇股份,20101013,SZSE,创业板,bundled_seed,2026-06-02
300127,银河磁体,20101013,SZSE,创业板,bundled_seed,2026-06-02
300128,锦富技术,20101013,SZSE,创业板,bundled_seed,2026-06-02
300129,泰胜风能,20101019,SZSE,创业板,bundled_seed,2026-06-02
300130,新国都,20101019,SZSE,创业板,bundled_seed,2026-06-02
300131,英唐智控,20101019,SZSE,创业板,bundled_seed,2026-06-02
300132,青松股份,20101026,SZSE,创业板,bundled_seed,2026-06-02
300133,华策影视,20101026,SZSE,创业板,bundled_seed,2026-06-02
300134,大富科技,20101026,SZSE,创业板,bundled_seed,2026-06-02
300135,宝利国际,20101026,SZSE,创业板,bundled_seed,2026-06-02
300136,信维通信,20101105,SZSE,创业板,bundled_seed,2026-06-02
300137,先河环保,20101105,SZSE,创业板,bundled_seed,2026-06-02
300138,晨光生物,20101105,SZSE,创业板,bundled_seed,2026-06-02
300139,晓程科技,20101112,SZSE,创业板,bundled_seed,2026-06-02
300140,节能环境,20101112,SZSE,创业板,bundled_seed,2026-06-02
300141,和顺电气,20101112,SZSE,创业板,bundled_seed,2026-06-02
300142,沃森生物,20101112,SZSE,创业板,bundled_seed,2026-06-02
300143,盈康生命,20101209,SZSE,创业板,bundled_seed,2026-06-02
300144,宋城演艺,20101209,SZSE,创业板,bundled_seed,2026-06-02
300145,南方泵业,20101209,SZSE,创业板,bundled_seed,2026-06-02
300146,汤臣倍健,20101215,SZSE,创业板,bundled_seed,2026-06-02
300147,*ST香雪,20101215,SZSE,创业板,bundled_seed,2026-06-02
300148,天舟文化,20101215,SZSE,创业板,bundled_seed,2026-06-02
300149,睿智医药,20101222,SZSE,创业板,bundled_seed,2026-06-02
300150,世纪瑞尔,20101222,SZSE,创业板,bundled_seed,2026-06-02
300151,昌红科技,20101222,SZSE,创业板,bundled_seed,2026-06-02
300152,*ST动力,20101229,SZSE,创业板,bundled_seed,2026-06-02
300153,科泰电源,20101229,SZSE,创业板,bundled_seed,2026-06-02
300154,瑞凌股份,20101229,SZSE,创业板,bundled_seed,2026-06-02
300155,安居宝,20110107,SZSE,创业板,bundled_seed,2026-06-02
300157,新锦动力,20110107,SZSE,创业板,bundled_seed,2026-06-02
300158,振东制药,20110107,SZSE,创业板,bundled_seed,2026-06-02
300159,*ST新研,20110107,SZSE,创业板,bundled_seed,2026-06-02
300160,秀强股份,20110113,SZSE,创业板,bundled_seed,2026-06-02
300161,华中数控,20110113,SZSE,创业板,bundled_seed,2026-06-02
300162,雷曼光电,20110113,SZSE,创业板,bundled_seed,2026-06-02
300163,先锋新材,20110113,SZSE,创业板,bundled_seed,2026-06-02
300164,通源石油,20110113,SZSE,创业板,bundled_seed,2026-06-02
300165,天瑞仪器,20110125,SZSE,创业板,bundled_seed,2026-06-02
300166,东方国信,20110125,SZSE,创业板,bundled_seed,2026-06-02
300167,ST迪威迅,20110125,SZSE,创业板,bundled_seed,2026-06-02
300168,万达信息,20110125,SZSE,创业板,bundled_seed,2026-06-02
300169,天晟新材,20110125,SZSE,创业板,bundled_seed,2026-06-02
300170,汉得信息,20110201,SZSE,创业板,bundled_seed,2026-06-02
300171,东富龙,20110201,SZSE,创业板,bundled_seed,2026-06-02
300172,中电环保,20110201,SZSE,创业板,bundled_seed,2026-06-02
300173,ST福能,20110201,SZSE,创业板,bundled_seed,2026-06-02
300174,元力股份,20110201,SZSE,创业板,bundled_seed,2026-06-02
300175,ST朗源,20110215,SZSE,创业板,bundled_seed,2026-06-02
300176,鸿特科技,20110215,SZSE,创业板,bundled_seed,2026-06-02
300177,中海达,20110215,SZSE,创业板,bundled_seed,2026-06-02
300179,四方达,20110215,SZSE,创业板,bundled_seed,2026-06-02
300180,华峰超纤,20110222,SZSE,创业板,bundled_seed,2026-06-02
300181,佐力药业,20110222,SZSE,创业板,bundled_seed,2026-06-02
300182,捷成股份,20110222,SZSE,创业板,bundled_seed,2026-06-02
300183,东软载波,20110222,SZSE,创业板,bundled_seed,2026-06-02
300184,力源信息,20110222,SZSE,创业板,bundled_seed,2026-06-02
300185,通裕重工,20110308,SZSE,创业板,bundled_seed,2026-06-02
300187,永清环保,20110308,SZSE,创业板,bundled_seed,2026-06-02
300188,国投智能,20110316,SZSE,创业板,bundled_seed,2026-06-02
300189,神农种业,20110316,SZSE,创业板,bundled_seed,2026-06-02
300190,维尔利,20110316,SZSE,创业板,bundled_seed,2026-06-02
300191,潜能恒信,20110316,SZSE,创业板,bundled_seed,2026-06-02
300192,科德教育,20110322,SZSE,创业板,bundled_seed,2026-06-02
300193,佳士科技,20110322,SZSE,创业板,bundled_seed,2026-06-02
300194,福安药业,20110322,SZSE,创业板,bundled_seed,2026-06-02
300195,长荣股份,20110329,SZSE,创业板,bundled_seed,2026-06-02
300196,长海股份,20110329,SZSE,创业板,bundled_seed,2026-06-02
300197,节能铁汉,20110329,SZSE,创业板,bundled_seed,2026-06-02
300198,*ST纳川,20110407,SZSE,创业板,bundled_seed,2026-06-02
300199,翰宇药业,20110407,SZSE,创业板,bundled_seed,2026-06-02
300200,高盟新材,20110407,SZSE,创业板,bundled_seed,2026-06-02
300201,海伦哲,20110407,SZSE,创业板,bundled_seed,2026-06-02
300203,聚光科技,20110415,SZSE,创业板,bundled_seed,2026-06-02
300204,舒泰神,20110415,SZSE,创业板,bundled_seed,2026-06-02
300205,*ST天喻,20110421,SZSE,创业板,bundled_seed,2026-06-02
300206,理邦仪器,20110421,SZSE,创业板,bundled_seed,2026-06-02
300207,欣旺达,20110421,SZSE,创业板,bundled_seed,2026-06-02
300209,行云科技,20110426,SZSE,创业板,bundled_seed,2026-06-02
300210,森远股份,20110426,SZSE,创业板,bundled_seed,2026-06-02
300211,*ST亿通,20110505,SZSE,创业板,bundled_seed,2026-06-02
300212,*ST易录,20110505,SZSE,创业板,bundled_seed,2026-06-02
300213,佳讯飞鸿,20110505,SZSE,创业板,bundled_seed,2026-06-02
300214,日科化学,20110511,SZSE,创业板,bundled_seed,2026-06-02
300215,电科院,20110511,SZSE,创业板,bundled_seed,2026-06-02
300217,东方电热,20110518,SZSE,创业板,bundled_seed,2026-06-02
300218,安利股份,20110518,SZSE,创业板,bundled_seed,2026-06-02
300219,鸿利智汇,20110518,SZSE,创业板,bundled_seed,2026-06-02
300220,金运激光,20110525,SZSE,创业板,bundled_seed,2026-06-02
300221,银禧科技,20110525,SZSE,创业板,bundled_seed,2026-06-02
300222,科大智能,20110525,SZSE,创业板,bundled_seed,2026-06-02
300223,北京君正,20110531,SZSE,创业板,bundled_seed,2026-06-02
300224,正海磁材,20110531,SZSE,创业板,bundled_seed,2026-06-02
300225,*ST金泰,20110531,SZSE,创业板,bundled_seed,2026-06-02
300226,上海钢联,20110608,SZSE,创业板,bundled_seed,2026-06-02
300227,光韵达,20110608,SZSE,创业板,bundled_seed,2026-06-02
300228,富瑞特装,20110608,SZSE,创业板,bundled_seed,2026-06-02
300229,拓尔思,20110615,SZSE,创业板,bundled_seed,2026-06-02
300230,永利股份,20110615,SZSE,创业板,bundled_seed,2026-06-02
300231,银信科技,20110615,SZSE,创业板,bundled_seed,2026-06-02
300232,洲明科技,20110622,SZSE,创业板,bundled_seed,2026-06-02
300233,金城医药,20110622,SZSE,创业板,bundled_seed,2026-06-02
300234,开尔新材,20110622,SZSE,创业板,bundled_seed,2026-06-02
300235,方直科技,20110629,SZSE,创业板,bundled_seed,2026-06-02
300236,上海新阳,20110629,SZSE,创业板,bundled_seed,2026-06-02
300237,ST美晨,20110629,SZSE,创业板,bundled_seed,2026-06-02
300238,冠昊生物,20110706,SZSE,创业板,bundled_seed,2026-06-02
300239,东宝生物,20110706,SZSE,创业板,bundled_seed,2026-06-02
300240,飞力达,20110706,SZSE,创业板,bundled_seed,2026-06-02
300241,瑞丰光电,20110712,SZSE,创业板,bundled_seed,2026-06-02
300242,佳云科技,20110712,SZSE,创业板,bundled_seed,2026-06-02
300243,瑞丰高材,20110712,SZSE,创业板,bundled_seed,2026-06-02
300244,迪安诊断,20110719,SZSE,创业板,bundled_seed,2026-06-02
300245,ST天玑,20110719,SZSE,创业板,bundled_seed,2026-06-02
300246,宝莱特,20110719,SZSE,创业板,bundled_seed,2026-06-02
300247,融捷健康,20110729,SZSE,创业板,bundled_seed,2026-06-02
300248,新开普,20110729,SZSE,创业板,bundled_seed,2026-06-02
300249,依米康,20110803,SZSE,创业板,bundled_seed,2026-06-02
300250,初灵信息,20110803,SZSE,创业板,bundled_seed,2026-06-02
300251,光线传媒,20110803,SZSE,创业板,bundled_seed,2026-06-02
300252,金信诺,20110818,SZSE,创业板,bundled_seed,2026-06-02
300253,卫宁健康,20110818,SZSE,创业板,bundled_seed,2026-06-02
300254,仟源医药,20110819,SZSE,创业板,bundled_seed,2026-06-02
300255,常山药业,20110819,SZSE,创业板,bundled_seed,2026-06-02
300256,星星科技,20110819,SZSE,创业板,bundled_seed,2026-06-02
300257,开山股份,20110819,SZSE,创业板,bundled_seed,2026-06-02
300258,精锻科技,20110826,SZSE,创业板,bundled_seed,2026-06-02
300259,新天科技,20110831,SZSE,创业板,bundled_seed,2026-06-02
300260,新莱应材,20110906,SZSE,创业板,bundled_seed,2026-06-02
300261,雅本化学,20110906,SZSE,创业板,bundled_seed,2026-06-02
300263,隆华科技,20110916,SZSE,创业板,bundled_seed,2026-06-02
300264,佳创视讯,20110916,SZSE,创业板,bundled_seed,2026-06-02
300265,通光线缆,20110916,SZSE,创业板,bundled_seed,2026-06-02
300266,兴源环境,20110927,SZSE,创业板,bundled_seed,2026-06-02
300267,尔康制药,20110927,SZSE,创业板,bundled_seed,2026-06-02
300268,佳沃食品,20110927,SZSE,创业板,bundled_seed,2026-06-02
300269,联建光电,20111012,SZSE,创业板,bundled_seed,2026-06-02
300270,中威电子,20111012,SZSE,创业板,bundled_seed,2026-06-02
300271,华宇软件,20111026,SZSE,创业板,bundled_seed,2026-06-02
300272,开能健康,20111102,SZSE,创业板,bundled_seed,2026-06-02
300274,阳光电源,20111102,SZSE,创业板,bundled_seed,2026-06-02
300275,梅安森,20111102,SZSE,创业板,bundled_seed,2026-06-02
300276,三丰智能,20111115,SZSE,创业板,bundled_seed,2026-06-02
300277,汽轮科技,20111123,SZSE,创业板,bundled_seed,2026-06-02
300278,华昌达,20111216,SZSE,创业板,bundled_seed,2026-06-02
300279,和晶科技,20111229,SZSE,创业板,bundled_seed,2026-06-02
300281,金明精机,20111229,SZSE,创业板,bundled_seed,2026-06-02
300283,温州宏丰,20120110,SZSE,创业板,bundled_seed,2026-06-02
300284,苏交科,20120110,SZSE,创业板,bundled_seed,2026-06-02
300285,国瓷材料,20120113,SZSE,创业板,bundled_seed,2026-06-02
300286,安科瑞,20120113,SZSE,创业板,bundled_seed,2026-06-02
300287,飞利信,20120201,SZSE,创业板,bundled_seed,2026-06-02
300288,朗玛信息,20120216,SZSE,创业板,bundled_seed,2026-06-02
300289,利德曼,20120216,SZSE,创业板,bundled_seed,2026-06-02
300290,荣科科技,20120216,SZSE,创业板,bundled_seed,2026-06-02
300291,百纳千成,20120209,SZSE,创业板,bundled_seed,2026-06-02
300292,吴通控股,20120229,SZSE,创业板,bundled_seed,2026-06-02
300293,蓝英装备,20120308,SZSE,创业板,bundled_seed,2026-06-02
300294,博雅生物,20120308,SZSE,创业板,bundled_seed,2026-06-02
300295,*ST三六,20120315,SZSE,创业板,bundled_seed,2026-06-02
300296,利亚德,20120315,SZSE,创业板,bundled_seed,2026-06-02
300298,三诺生物,20120319,SZSE,创业板,bundled_seed,2026-06-02
300299,富春股份,20120319,SZSE,创业板,bundled_seed,2026-06-02
300300,海峡创新,20120319,SZSE,创业板,bundled_seed,2026-06-02
300301,ST长方,20120321,SZSE,创业板,bundled_seed,2026-06-02
300302,同有科技,20120321,SZSE,创业板,bundled_seed,2026-06-02
300303,聚飞光电,20120319,SZSE,创业板,bundled_seed,2026-06-02
300304,云意电气,20120321,SZSE,创业板,bundled_seed,2026-06-02
300305,裕兴股份,20120329,SZSE,创业板,bundled_seed,2026-06-02
300306,远方信息,20120329,SZSE,创业板,bundled_seed,2026-06-02
300307,慈星股份,20120329,SZSE,创业板,bundled_seed,2026-06-02
300308,中际旭创,20120410,SZSE,创业板,bundled_seed,2026-06-02
300310,宜通世纪,20120425,SZSE,创业板,bundled_seed,2026-06-02
300311,ST任子行,20120425,SZSE,创业板,bundled_seed,2026-06-02
300313,*ST天山,20120425,SZSE,创业板,bundled_seed,2026-06-02
300314,戴维医疗,20120508,SZSE,创业板,bundled_seed,2026-06-02
300315,掌趣科技,20120511,SZSE,创业板,bundled_seed,2026-06-02
300316,晶盛机电,20120511,SZSE,创业板,bundled_seed,2026-06-02
300317,珈伟新能,20120511,SZSE,创业板,bundled_seed,2026-06-02
300318,博晖创新,20120523,SZSE,创业板,bundled_seed,2026-06-02
300319,麦捷科技,20120523,SZSE,创业板,bundled_seed,2026-06-02
300320,海达股份,20120601,SZSE,创业板,bundled_seed,2026-06-02
300321,同大股份,20120523,SZSE,创业板,bundled_seed,2026-06-02
300322,硕贝德,20120608,SZSE,创业板,bundled_seed,2026-06-02
300323,华灿光电,20120601,SZSE,创业板,bundled_seed,2026-06-02
300324,旋极信息,20120608,SZSE,创业板,bundled_seed,2026-06-02
300326,ST凯利,20120613,SZSE,创业板,bundled_seed,2026-06-02
300327,中颖电子,20120613,SZSE,创业板,bundled_seed,2026-06-02
300328,宜安科技,20120619,SZSE,创业板,bundled_seed,2026-06-02
300329,海伦钢琴,20120619,SZSE,创业板,bundled_seed,2026-06-02
300331,苏大维格,20120628,SZSE,创业板,bundled_seed,2026-06-02
300332,天壕能源,20120628,SZSE,创业板,bundled_seed,2026-06-02
300333,兆日科技,20120628,SZSE,创业板,bundled_seed,2026-06-02
300334,津膜科技,20120705,SZSE,创业板,bundled_seed,2026-06-02
300335,迪森股份,20120710,SZSE,创业板,bundled_seed,2026-06-02
300337,银邦股份,20120718,SZSE,创业板,bundled_seed,2026-06-02
300338,*ST开元,20120726,SZSE,创业板,bundled_seed,2026-06-02
300339,润和软件,20120718,SZSE,创业板,bundled_seed,2026-06-02
300340,科恒股份,20120726,SZSE,创业板,bundled_seed,2026-06-02
300341,麦克奥迪,20120726,SZSE,创业板,bundled_seed,2026-06-02
300342,天银机电,20120726,SZSE,创业板,bundled_seed,2026-06-02
300343,ST联创,20120801,SZSE,创业板,bundled_seed,2026-06-02
300345,华民股份,20120801,SZSE,创业板,bundled_seed,2026-06-02
300346,南大光电,20120807,SZSE,创业板,bundled_seed,2026-06-02
300347,泰格医药,20120817,SZSE,创业板,bundled_seed,2026-06-02
300348,长亮科技,20120817,SZSE,创业板,bundled_seed,2026-06-02
300349,金卡智能,20120817,SZSE,创业板,bundled_seed,2026-06-02
300350,华鹏飞,20120821,SZSE,创业板,bundled_seed,2026-06-02
300351,永贵电器,20120920,SZSE,创业板,bundled_seed,2026-06-02
300352,ST信源,20120912,SZSE,创业板,bundled_seed,2026-06-02
300353,东土科技,20120927,SZSE,创业板,bundled_seed,2026-06-02
300354,东华测试,20120920,SZSE,创业板,bundled_seed,2026-06-02
300355,蒙草生态,20120927,SZSE,创业板,bundled_seed,2026-06-02
300357,我武生物,20140121,SZSE,创业板,bundled_seed,2026-06-02
300358,楚天科技,20140121,SZSE,创业板,bundled_seed,2026-06-02
300359,全通教育,20140121,SZSE,创业板,bundled_seed,2026-06-02
300360,炬华科技,20140121,SZSE,创业板,bundled_seed,2026-06-02
300363,博腾股份,20140129,SZSE,创业板,bundled_seed,2026-06-02
300364,中文在线,20150121,SZSE,创业板,bundled_seed,2026-06-02
300365,恒华科技,20140123,SZSE,创业板,bundled_seed,2026-06-02
300366,ST创意,20140127,SZSE,创业板,bundled_seed,2026-06-02
300368,汇金股份,20140123,SZSE,创业板,bundled_seed,2026-06-02
300369,绿盟科技,20140129,SZSE,创业板,bundled_seed,2026-06-02
300370,安控科技,20140123,SZSE,创业板,bundled_seed,2026-06-02
300371,汇中股份,20140123,SZSE,创业板,bundled_seed,2026-06-02
300373,扬杰科技,20140123,SZSE,创业板,bundled_seed,2026-06-02
300374,中铁装配,20150319,SZSE,创业板,bundled_seed,2026-06-02
300375,鹏翎股份,20140127,SZSE,创业板,bundled_seed,2026-06-02
300376,易事特,20140127,SZSE,创业板,bundled_seed,2026-06-02
300377,赢时胜,20140127,SZSE,创业板,bundled_seed,2026-06-02
300378,鼎捷数智,20140127,SZSE,创业板,bundled_seed,2026-06-02
300380,安硕信息,20140128,SZSE,创业板,bundled_seed,2026-06-02
300381,溢多利,20140128,SZSE,创业板,bundled_seed,2026-06-02
300382,斯莱克,20140129,SZSE,创业板,bundled_seed,2026-06-02
300383,光环新网,20140129,SZSE,创业板,bundled_seed,2026-06-02
300384,三联虹普,20140801,SZSE,创业板,bundled_seed,2026-06-02
300385,ST雪浪,20140626,SZSE,创业板,bundled_seed,2026-06-02
300386,飞天诚信,20140626,SZSE,创业板,bundled_seed,2026-06-02
300387,富邦科技,20140702,SZSE,创业板,bundled_seed,2026-06-02
300388,节能国祯,20140801,SZSE,创业板,bundled_seed,2026-06-02
300389,艾比森,20140801,SZSE,创业板,bundled_seed,2026-06-02
300390,天华新能,20140731,SZSE,创业板,bundled_seed,2026-06-02
300393,中来股份,20140912,SZSE,创业板,bundled_seed,2026-06-02
300394,天孚通信,20150217,SZSE,创业板,bundled_seed,2026-06-02
300395,菲利华,20140910,SZSE,创业板,bundled_seed,2026-06-02
300396,ST迪瑞,20140910,SZSE,创业板,bundled_seed,2026-06-02
300397,天和防务,20140910,SZSE,创业板,bundled_seed,2026-06-02
300398,飞凯材料,20141009,SZSE,创业板,bundled_seed,2026-06-02
300399,天利科技,20141009,SZSE,创业板,bundled_seed,2026-06-02
300400,劲拓股份,20141010,SZSE,创业板,bundled_seed,2026-06-02
300401,花园生物,20141009,SZSE,创业板,bundled_seed,2026-06-02
300402,宝色股份,20141010,SZSE,创业板,bundled_seed,2026-06-02
300403,汉宇集团,20141030,SZSE,创业板,bundled_seed,2026-06-02
300404,博济医药,20150424,SZSE,创业板,bundled_seed,2026-06-02
300405,科隆股份,20141030,SZSE,创业板,bundled_seed,2026-06-02
300406,九强生物,20141030,SZSE,创业板,bundled_seed,2026-06-02
300407,凯发电气,20141203,SZSE,创业板,bundled_seed,2026-06-02
300408,三环集团,20141203,SZSE,创业板,bundled_seed,2026-06-02
300409,道氏技术,20141203,SZSE,创业板,bundled_seed,2026-06-02
300410,正业科技,20141231,SZSE,创业板,bundled_seed,2026-06-02
300411,金盾股份,20141231,SZSE,创业板,bundled_seed,2026-06-02
300412,迦南科技,20141231,SZSE,创业板,bundled_seed,2026-06-02
300413,芒果超媒,20150121,SZSE,创业板,bundled_seed,2026-06-02
300414,中光防雷,20150513,SZSE,创业板,bundled_seed,2026-06-02
300415,伊之密,20150123,SZSE,创业板,bundled_seed,2026-06-02
300416,苏试试验,20150122,SZSE,创业板,bundled_seed,2026-06-02
300417,南华仪器,20150123,SZSE,创业板,bundled_seed,2026-06-02
300418,昆仑万维,20150121,SZSE,创业板,bundled_seed,2026-06-02
300419,ST浩丰,20150122,SZSE,创业板,bundled_seed,2026-06-02
300420,五洋自控,20150217,SZSE,创业板,bundled_seed,2026-06-02
300421,力星股份,20150217,SZSE,创业板,bundled_seed,2026-06-02
300422,博世科,20150217,SZSE,创业板,bundled_seed,2026-06-02
300423,昇辉科技,20150217,SZSE,创业板,bundled_seed,2026-06-02
300424,航新科技,20150422,SZSE,创业板,bundled_seed,2026-06-02
300425,中建环能,20150216,SZSE,创业板,bundled_seed,2026-06-02
300426,华智数媒,20150217,SZSE,创业板,bundled_seed,2026-06-02
300427,红相股份,20150217,SZSE,创业板,bundled_seed,2026-06-02
300428,立中集团,20150319,SZSE,创业板,bundled_seed,2026-06-02
300429,强力新材,20150324,SZSE,创业板,bundled_seed,2026-06-02
300430,*ST益通,20150319,SZSE,创业板,bundled_seed,2026-06-02
300432,富临精工,20150319,SZSE,创业板,bundled_seed,2026-06-02
300433,蓝思科技,20150318,SZSE,创业板,bundled_seed,2026-06-02
300434,金石亚药,20150424,SZSE,创业板,bundled_seed,2026-06-02
300435,中泰股份,20150326,SZSE,创业板,bundled_seed,2026-06-02
300436,广生堂,20150422,SZSE,创业板,bundled_seed,2026-06-02
300437,清水源,20150423,SZSE,创业板,bundled_seed,2026-06-02
300438,鹏辉能源,20150424,SZSE,创业板,bundled_seed,2026-06-02
300439,美康生物,20150422,SZSE,创业板,bundled_seed,2026-06-02
300440,运达科技,20150423,SZSE,创业板,bundled_seed,2026-06-02
300441,鲍斯股份,20150423,SZSE,创业板,bundled_seed,2026-06-02
300442,润泽科技,20150424,SZSE,创业板,bundled_seed,2026-06-02
300443,金雷股份,20150422,SZSE,创业板,bundled_seed,2026-06-02
300444,双杰电气,20150423,SZSE,创业板,bundled_seed,2026-06-02
300445,康斯特,20150424,SZSE,创业板,bundled_seed,2026-06-02
300446,航天智造,20150423,SZSE,创业板,bundled_seed,2026-06-02
300447,全信股份,20150422,SZSE,创业板,bundled_seed,2026-06-02
300448,浩云科技,20150424,SZSE,创业板,bundled_seed,2026-06-02
300449,汉邦高科,20150422,SZSE,创业板,bundled_seed,2026-06-02
300450,先导智能,20150518,SZSE,创业板,bundled_seed,2026-06-02
300451,创业慧康,20150514,SZSE,创业板,bundled_seed,2026-06-02
300452,山河药辅,20150515,SZSE,创业板,bundled_seed,2026-06-02
300453,三鑫医疗,20150515,SZSE,创业板,bundled_seed,2026-06-02
300454,深信服,20180516,SZSE,创业板,bundled_seed,2026-06-02
300455,航天智装,20150515,SZSE,创业板,bundled_seed,2026-06-02
300456,赛微电子,20150514,SZSE,创业板,bundled_seed,2026-06-02
300457,赢合科技,20150514,SZSE,创业板,bundled_seed,2026-06-02
300458,全志科技,20150515,SZSE,创业板,bundled_seed,2026-06-02
300459,汤姆猫,20150515,SZSE,创业板,bundled_seed,2026-06-02
300460,ST惠伦,20150515,SZSE,创业板,bundled_seed,2026-06-02
300461,田中精机,20150519,SZSE,创业板,bundled_seed,2026-06-02
300462,ST华铭,20150527,SZSE,创业板,bundled_seed,2026-06-02
300463,迈克生物,20150528,SZSE,创业板,bundled_seed,2026-06-02
300464,星徽股份,20150610,SZSE,创业板,bundled_seed,2026-06-02
300465,高伟达,20150528,SZSE,创业板,bundled_seed,2026-06-02
300466,赛摩智能,20150528,SZSE,创业板,bundled_seed,2026-06-02
300467,迅游科技,20150527,SZSE,创业板,bundled_seed,2026-06-02
300468,四方精创,20150527,SZSE,创业板,bundled_seed,2026-06-02
300469,信息发展,20150611,SZSE,创业板,bundled_seed,2026-06-02
300470,中密控股,20150612,SZSE,创业板,bundled_seed,2026-06-02
300471,厚普股份,20150611,SZSE,创业板,bundled_seed,2026-06-02
300472,*ST新元,20150611,SZSE,创业板,bundled_seed,2026-06-02
300473,德尔股份,20150612,SZSE,创业板,bundled_seed,2026-06-02
300474,景嘉微,20160331,SZSE,创业板,bundled_seed,2026-06-02
300475,香农芯创,20150610,SZSE,创业板,bundled_seed,2026-06-02
300476,胜宏科技,20150611,SZSE,创业板,bundled_seed,2026-06-02
300477,ST合纵,20150610,SZSE,创业板,bundled_seed,2026-06-02
300478,杭州高新,20150610,SZSE,创业板,bundled_seed,2026-06-02
300479,神思电子,20150612,SZSE,创业板,bundled_seed,2026-06-02
300480,光力科技,20150702,SZSE,创业板,bundled_seed,2026-06-02
300481,濮阳惠成,20150630,SZSE,创业板,bundled_seed,2026-06-02
300482,万孚生物,20150630,SZSE,创业板,bundled_seed,2026-06-02
300483,首华燃气,20150630,SZSE,创业板,bundled_seed,2026-06-02
300484,蓝海华腾,20160322,SZSE,创业板,bundled_seed,2026-06-02
300485,赛升药业,20150626,SZSE,创业板,bundled_seed,2026-06-02
300486,东杰智能,20150630,SZSE,创业板,bundled_seed,2026-06-02
300487,蓝晓科技,20150702,SZSE,创业板,bundled_seed,2026-06-02
300488,恒锋工具,20150701,SZSE,创业板,bundled_seed,2026-06-02
300489,光智科技,20150701,SZSE,创业板,bundled_seed,2026-06-02
300490,华自科技,20151231,SZSE,创业板,bundled_seed,2026-06-02
300491,通合科技,20151231,SZSE,创业板,bundled_seed,2026-06-02
300492,华图山鼎,20151223,SZSE,创业板,bundled_seed,2026-06-02
300493,润欣科技,20151210,SZSE,创业板,bundled_seed,2026-06-02
300494,盛天网络,20151231,SZSE,创业板,bundled_seed,2026-06-02
300496,中科创达,20151210,SZSE,创业板,bundled_seed,2026-06-02
300497,富祥股份,20151222,SZSE,创业板,bundled_seed,2026-06-02
300498,温氏股份,20151102,SZSE,创业板,bundled_seed,2026-06-02
300499,高澜股份,20160202,SZSE,创业板,bundled_seed,2026-06-02
300500,启迪设计,20160204,SZSE,创业板,bundled_seed,2026-06-02
300501,海顺新材,20160204,SZSE,创业板,bundled_seed,2026-06-02
300502,新易盛,20160303,SZSE,创业板,bundled_seed,2026-06-02
300503,昊志机电,20160309,SZSE,创业板,bundled_seed,2026-06-02
300504,天邑股份,20180330,SZSE,创业板,bundled_seed,2026-06-02
300505,川金诺,20160315,SZSE,创业板,bundled_seed,2026-06-02
300506,ST名家汇,20160324,SZSE,创业板,bundled_seed,2026-06-02
300507,苏奥传感,20160429,SZSE,创业板,bundled_seed,2026-06-02
300508,维宏股份,20160419,SZSE,创业板,bundled_seed,2026-06-02
300509,新美星,20160425,SZSE,创业板,bundled_seed,2026-06-02
300510,金冠股份,20160506,SZSE,创业板,bundled_seed,2026-06-02
300511,雪榕生物,20160504,SZSE,创业板,bundled_seed,2026-06-02
300512,中亚股份,20160526,SZSE,创业板,bundled_seed,2026-06-02
300513,恒实科技,20160530,SZSE,创业板,bundled_seed,2026-06-02
300514,友讯达,20170426,SZSE,创业板,bundled_seed,2026-06-02
300515,三德科技,20160608,SZSE,创业板,bundled_seed,2026-06-02
300516,久之洋,20160602,SZSE,创业板,bundled_seed,2026-06-02
300517,海波重科,20160719,SZSE,创业板,bundled_seed,2026-06-02
300518,新迅达,20160624,SZSE,创业板,bundled_seed,2026-06-02
300519,新光药业,20160624,SZSE,创业板,bundled_seed,2026-06-02
300520,科大国创,20160708,SZSE,创业板,bundled_seed,2026-06-02
300521,爱司凯,20160705,SZSE,创业板,bundled_seed,2026-06-02
300522,世名科技,20160705,SZSE,创业板,bundled_seed,2026-06-02
300523,辰安科技,20160726,SZSE,创业板,bundled_seed,2026-06-02
300525,博思软件,20160726,SZSE,创业板,bundled_seed,2026-06-02
300527,ST应急,20160805,SZSE,创业板,bundled_seed,2026-06-02
300528,幸福蓝海,20160808,SZSE,创业板,bundled_seed,2026-06-02
300529,健帆生物,20160802,SZSE,创业板,bundled_seed,2026-06-02
300530,领湃科技,20160809,SZSE,创业板,bundled_seed,2026-06-02
300531,优博讯,20160809,SZSE,创业板,bundled_seed,2026-06-02
300532,今天国际,20160818,SZSE,创业板,bundled_seed,2026-06-02
300533,冰川网络,20160818,SZSE,创业板,bundled_seed,2026-06-02
300534,陇神戎发,20160913,SZSE,创业板,bundled_seed,2026-06-02
300535,达威股份,20160812,SZSE,创业板,bundled_seed,2026-06-02
300536,农尚环境,20160920,SZSE,创业板,bundled_seed,2026-06-02
300537,广信材料,20160830,SZSE,创业板,bundled_seed,2026-06-02
300538,同益股份,20160826,SZSE,创业板,bundled_seed,2026-06-02
300539,横河精密,20160830,SZSE,创业板,bundled_seed,2026-06-02
300540,蜀道装备,20160823,SZSE,创业板,bundled_seed,2026-06-02
300541,先进数通,20160913,SZSE,创业板,bundled_seed,2026-06-02
300542,新晨科技,20160920,SZSE,创业板,bundled_seed,2026-06-02
300543,朗科智能,20160908,SZSE,创业板,bundled_seed,2026-06-02
300545,联得装备,20160928,SZSE,创业板,bundled_seed,2026-06-02
300546,雄帝科技,20160928,SZSE,创业板,bundled_seed,2026-06-02
300547,川环科技,20160930,SZSE,创业板,bundled_seed,2026-06-02
300548,长芯博创,20161012,SZSE,创业板,bundled_seed,2026-06-02
300549,优德精密,20160930,SZSE,创业板,bundled_seed,2026-06-02
300550,和仁科技,20161018,SZSE,创业板,bundled_seed,2026-06-02
300551,古鳌科技,20161018,SZSE,创业板,bundled_seed,2026-06-02
300552,万集科技,20161021,SZSE,创业板,bundled_seed,2026-06-02
300553,集智股份,20161021,SZSE,创业板,bundled_seed,2026-06-02
300554,三超新材,20170421,SZSE,创业板,bundled_seed,2026-06-02
300555,ST路通,20161018,SZSE,创业板,bundled_seed,2026-06-02
300556,丝路视觉,20161104,SZSE,创业板,bundled_seed,2026-06-02
300557,理工光科,20161101,SZSE,创业板,bundled_seed,2026-06-02
300558,贝达药业,20161107,SZSE,创业板,bundled_seed,2026-06-02
300559,佳发教育,20161101,SZSE,创业板,bundled_seed,2026-06-02
300560,中富通,20161101,SZSE,创业板,bundled_seed,2026-06-02
300561,汇金科技,20161117,SZSE,创业板,bundled_seed,2026-06-02
300562,乐心医疗,20161116,SZSE,创业板,bundled_seed,2026-06-02
300563,神宇股份,20161114,SZSE,创业板,bundled_seed,2026-06-02
300564,筑博设计,20191108,SZSE,创业板,bundled_seed,2026-06-02
300565,科信技术,20161122,SZSE,创业板,bundled_seed,2026-06-02
300566,激智科技,20161115,SZSE,创业板,bundled_seed,2026-06-02
300567,精测电子,20161122,SZSE,创业板,bundled_seed,2026-06-02
300568,星源材质,20161201,SZSE,创业板,bundled_seed,2026-06-02
300569,天能重工,20161125,SZSE,创业板,bundled_seed,2026-06-02
300570,太辰光,20161206,SZSE,创业板,bundled_seed,2026-06-02
300571,平治信息,20161213,SZSE,创业板,bundled_seed,2026-06-02
300572,安车检测,20161206,SZSE,创业板,bundled_seed,2026-06-02
300573,兴齐眼药,20161208,SZSE,创业板,bundled_seed,2026-06-02
300575,中旗股份,20161220,SZSE,创业板,bundled_seed,2026-06-02
300576,容大感光,20161220,SZSE,创业板,bundled_seed,2026-06-02
300577,开润股份,20161221,SZSE,创业板,bundled_seed,2026-06-02
300578,会畅科技,20170125,SZSE,创业板,bundled_seed,2026-06-02
300579,数字认证,20161223,SZSE,创业板,bundled_seed,2026-06-02
300580,贝斯特,20170111,SZSE,创业板,bundled_seed,2026-06-02
300581,晨曦航空,20161220,SZSE,创业板,bundled_seed,2026-06-02
300582,英飞特,20161228,SZSE,创业板,bundled_seed,2026-06-02
300583,赛托生物,20170106,SZSE,创业板,bundled_seed,2026-06-02
300584,海辰药业,20170112,SZSE,创业板,bundled_seed,2026-06-02
300585,奥联电子,20161229,SZSE,创业板,bundled_seed,2026-06-02
300586,美联新材,20170104,SZSE,创业板,bundled_seed,2026-06-02
300587,天铁科技,20170105,SZSE,创业板,bundled_seed,2026-06-02
300588,熙菱信息,20170105,SZSE,创业板,bundled_seed,2026-06-02
300589,江龙船艇,20170113,SZSE,创业板,bundled_seed,2026-06-02
300590,移为通信,20170111,SZSE,创业板,bundled_seed,2026-06-02
300591,万里马,20170110,SZSE,创业板,bundled_seed,2026-06-02
300592,华凯易佰,20170120,SZSE,创业板,bundled_seed,2026-06-02
300593,新雷能,20170113,SZSE,创业板,bundled_seed,2026-06-02
300594,ST朗进,20190621,SZSE,创业板,bundled_seed,2026-06-02
300595,欧普康视,20170117,SZSE,创业板,bundled_seed,2026-06-02
300596,利安隆,20170119,SZSE,创业板,bundled_seed,2026-06-02
300597,吉大通信,20170123,SZSE,创业板,bundled_seed,2026-06-02
300598,诚迈科技,20170120,SZSE,创业板,bundled_seed,2026-06-02
300599,雄塑科技,20170123,SZSE,创业板,bundled_seed,2026-06-02
300600,国瑞科技,20170125,SZSE,创业板,bundled_seed,2026-06-02
300601,康泰生物,20170207,SZSE,创业板,bundled_seed,2026-06-02
300602,飞荣达,20170126,SZSE,创业板,bundled_seed,2026-06-02
300603,立昂技术,20170126,SZSE,创业板,bundled_seed,2026-06-02
300604,长川科技,20170417,SZSE,创业板,bundled_seed,2026-06-02
300605,恒锋信息,20170208,SZSE,创业板,bundled_seed,2026-06-02
300606,金太阳,20170208,SZSE,创业板,bundled_seed,2026-06-02
300607,拓斯达,20170209,SZSE,创业板,bundled_seed,2026-06-02
300608,思特奇,20170213,SZSE,创业板,bundled_seed,2026-06-02
300609,汇纳科技,20170215,SZSE,创业板,bundled_seed,2026-06-02
300610,晨化股份,20170213,SZSE,创业板,bundled_seed,2026-06-02
300611,美力科技,20170220,SZSE,创业板,bundled_seed,2026-06-02
300612,宣亚国际,20170215,SZSE,创业板,bundled_seed,2026-06-02
300613,富瀚微,20170220,SZSE,创业板,bundled_seed,2026-06-02
300614,百川畅银,20210525,SZSE,创业板,bundled_seed,2026-06-02
300615,欣天科技,20170215,SZSE,创业板,bundled_seed,2026-06-02
300616,尚品宅配,20170307,SZSE,创业板,bundled_seed,2026-06-02
300617,安靠智电,20170228,SZSE,创业板,bundled_seed,2026-06-02
300618,寒锐钴业,20170306,SZSE,创业板,bundled_seed,2026-06-02
300619,金银河,20170301,SZSE,创业板,bundled_seed,2026-06-02
300620,光库科技,20170310,SZSE,创业板,bundled_seed,2026-06-02
300621,维业股份,20170316,SZSE,创业板,bundled_seed,2026-06-02
300622,博士眼镜,20170315,SZSE,创业板,bundled_seed,2026-06-02
300623,捷捷微电,20170314,SZSE,创业板,bundled_seed,2026-06-02
300624,万兴科技,20180118,SZSE,创业板,bundled_seed,2026-06-02
300625,三雄极光,20170317,SZSE,创业板,bundled_seed,2026-06-02
300626,华瑞股份,20170320,SZSE,创业板,bundled_seed,2026-06-02
300627,华测导航,20170321,SZSE,创业板,bundled_seed,2026-06-02
300628,亿联网络,20170317,SZSE,创业板,bundled_seed,2026-06-02
300629,新劲刚,20170324,SZSE,创业板,bundled_seed,2026-06-02
300631,久吾高科,20170323,SZSE,创业板,bundled_seed,2026-06-02
300632,光莆股份,20170406,SZSE,创业板,bundled_seed,2026-06-02
300633,开立医疗,20170406,SZSE,创业板,bundled_seed,2026-06-02
300634,彩讯股份,20180323,SZSE,创业板,bundled_seed,2026-06-02
300635,中达安,20170331,SZSE,创业板,bundled_seed,2026-06-02
300636,同和药业,20170331,SZSE,创业板,bundled_seed,2026-06-02
300637,扬帆新材,20170412,SZSE,创业板,bundled_seed,2026-06-02
300638,广和通,20170413,SZSE,创业板,bundled_seed,2026-06-02
300639,凯普生物,20170412,SZSE,创业板,bundled_seed,2026-06-02
300640,德艺文创,20170417,SZSE,创业板,bundled_seed,2026-06-02
300641,正丹股份,20170418,SZSE,创业板,bundled_seed,2026-06-02
300642,透景生命,20170421,SZSE,创业板,bundled_seed,2026-06-02
300643,万通智控,20170505,SZSE,创业板,bundled_seed,2026-06-02
300644,南京聚隆,20180206,SZSE,创业板,bundled_seed,2026-06-02
300645,正元智慧,20170421,SZSE,创业板,bundled_seed,2026-06-02
300647,超频三,20170503,SZSE,创业板,bundled_seed,2026-06-02
300648,星云股份,20170425,SZSE,创业板,bundled_seed,2026-06-02
300649,杭州园林,20170505,SZSE,创业板,bundled_seed,2026-06-02
300650,太龙股份,20170503,SZSE,创业板,bundled_seed,2026-06-02
300651,金陵体育,20170509,SZSE,创业板,bundled_seed,2026-06-02
300652,雷迪克,20170516,SZSE,创业板,bundled_seed,2026-06-02
300653,正海生物,20170516,SZSE,创业板,bundled_seed,2026-06-02
300654,世纪天鸿,20170926,SZSE,创业板,bundled_seed,2026-06-02
300655,晶瑞电材,20170523,SZSE,创业板,bundled_seed,2026-06-02
300656,民德电子,20170519,SZSE,创业板,bundled_seed,2026-06-02
300657,弘信电子,20170523,SZSE,创业板,bundled_seed,2026-06-02
300658,延江股份,20170602,SZSE,创业板,bundled_seed,2026-06-02
300659,中孚信息,20170526,SZSE,创业板,bundled_seed,2026-06-02
300660,江苏雷利,20170602,SZSE,创业板,bundled_seed,2026-06-02
300661,圣邦股份,20170606,SZSE,创业板,bundled_seed,2026-06-02
300662,科锐国际,20170608,SZSE,创业板,bundled_seed,2026-06-02
300663,科蓝软件,20170608,SZSE,创业板,bundled_seed,2026-06-02
300664,鹏鹞环保,20180105,SZSE,创业板,bundled_seed,2026-06-02
300665,飞鹿股份,20170613,SZSE,创业板,bundled_seed,2026-06-02
300666,江丰电子,20170615,SZSE,创业板,bundled_seed,2026-06-02
300667,必创科技,20170619,SZSE,创业板,bundled_seed,2026-06-02
300668,杰恩股份,20170619,SZSE,创业板,bundled_seed,2026-06-02
300669,沪宁股份,20170629,SZSE,创业板,bundled_seed,2026-06-02
300670,大烨智能,20170703,SZSE,创业板,bundled_seed,2026-06-02
300671,富满微,20170705,SZSE,创业板,bundled_seed,2026-06-02
300672,国科微,20170712,SZSE,创业板,bundled_seed,2026-06-02
300673,佩蒂股份,20170711,SZSE,创业板,bundled_seed,2026-06-02
300674,宇信科技,20181107,SZSE,创业板,bundled_seed,2026-06-02
300675,建科院,20170719,SZSE,创业板,bundled_seed,2026-06-02
300676,华大基因,20170714,SZSE,创业板,bundled_seed,2026-06-02
300677,英科医疗,20170721,SZSE,创业板,bundled_seed,2026-06-02
300678,中科信息,20170728,SZSE,创业板,bundled_seed,2026-06-02
300679,电连技术,20170731,SZSE,创业板,bundled_seed,2026-06-02
300680,隆盛科技,20170725,SZSE,创业板,bundled_seed,2026-06-02
300681,英搏尔,20170725,SZSE,创业板,bundled_seed,2026-06-02
300682,朗新科技,20170801,SZSE,创业板,bundled_seed,2026-06-02
300683,海特生物,20170808,SZSE,创业板,bundled_seed,2026-06-02
300684,中石科技,20171227,SZSE,创业板,bundled_seed,2026-06-02
300685,艾德生物,20170802,SZSE,创业板,bundled_seed,2026-06-02
300686,智动力,20170804,SZSE,创业板,bundled_seed,2026-06-02
300687,赛意信息,20170803,SZSE,创业板,bundled_seed,2026-06-02
300688,创业黑马,20170810,SZSE,创业板,bundled_seed,2026-06-02
300689,澄天伟业,20170809,SZSE,创业板,bundled_seed,2026-06-02
300690,双一科技,20170808,SZSE,创业板,bundled_seed,2026-06-02
300691,联合光电,20170811,SZSE,创业板,bundled_seed,2026-06-02
300692,中赋科技,20170821,SZSE,创业板,bundled_seed,2026-06-02
300693,盛弘股份,20170822,SZSE,创业板,bundled_seed,2026-06-02
300694,蠡湖股份,20181015,SZSE,创业板,bundled_seed,2026-06-02
300695,兆丰股份,20170908,SZSE,创业板,bundled_seed,2026-06-02
300696,爱乐达,20170822,SZSE,创业板,bundled_seed,2026-06-02
300697,电工合金,20170907,SZSE,创业板,bundled_seed,2026-06-02
300698,万马科技,20170831,SZSE,创业板,bundled_seed,2026-06-02
300699,光威复材,20170901,SZSE,创业板,bundled_seed,2026-06-02
300700,岱勒新材,20170912,SZSE,创业板,bundled_seed,2026-06-02
300701,森霸传感,20170915,SZSE,创业板,bundled_seed,2026-06-02
300702,天宇股份,20170919,SZSE,创业板,bundled_seed,2026-06-02
300703,创源股份,20170919,SZSE,创业板,bundled_seed,2026-06-02
300705,九典制药,20171010,SZSE,创业板,bundled_seed,2026-06-02
300706,阿石创,20170926,SZSE,创业板,bundled_seed,2026-06-02
300707,威唐工业,20171010,SZSE,创业板,bundled_seed,2026-06-02
300708,聚灿光电,20171016,SZSE,创业板,bundled_seed,2026-06-02
300709,精研科技,20171019,SZSE,创业板,bundled_seed,2026-06-02
300710,万隆光电,20171019,SZSE,创业板,bundled_seed,2026-06-02
300711,广哈通信,20171101,SZSE,创业板,bundled_seed,2026-06-02
300712,永福股份,20171031,SZSE,创业板,bundled_seed,2026-06-02
300713,英可瑞,20171101,SZSE,创业板,bundled_seed,2026-06-02
300715,凯伦股份,20171026,SZSE,创业板,bundled_seed,2026-06-02
300716,*ST泉为,20171109,SZSE,创业板,bundled_seed,2026-06-02
300717,华信新材,20171106,SZSE,创业板,bundled_seed,2026-06-02
300718,长盛轴承,20171106,SZSE,创业板,bundled_seed,2026-06-02
300719,安达维尔,20171109,SZSE,创业板,bundled_seed,2026-06-02
300720,海川智能,20171106,SZSE,创业板,bundled_seed,2026-06-02
300721,怡达股份,20171115,SZSE,创业板,bundled_seed,2026-06-02
300722,新余国科,20171110,SZSE,创业板,bundled_seed,2026-06-02
300723,一品红,20171116,SZSE,创业板,bundled_seed,2026-06-02
300724,捷佳伟创,20180810,SZSE,创业板,bundled_seed,2026-06-02
300725,药石科技,20171110,SZSE,创业板,bundled_seed,2026-06-02
300726,宏达电子,20171121,SZSE,创业板,bundled_seed,2026-06-02
300727,润禾材料,20171127,SZSE,创业板,bundled_seed,2026-06-02
300729,乐歌股份,20171201,SZSE,创业板,bundled_seed,2026-06-02
300730,科创信息,20171205,SZSE,创业板,bundled_seed,2026-06-02
300731,科创新源,20171208,SZSE,创业板,bundled_seed,2026-06-02
300732,设研院,20171212,SZSE,创业板,bundled_seed,2026-06-02
300733,西菱动力,20180116,SZSE,创业板,bundled_seed,2026-06-02
300735,光弘科技,20171229,SZSE,创业板,bundled_seed,2026-06-02
300736,百邦科技,20180109,SZSE,创业板,bundled_seed,2026-06-02
300737,科顺股份,20180125,SZSE,创业板,bundled_seed,2026-06-02
300738,奥飞数据,20180119,SZSE,创业板,bundled_seed,2026-06-02
300739,明阳电路,20180201,SZSE,创业板,bundled_seed,2026-06-02
300740,水羊股份,20180208,SZSE,创业板,bundled_seed,2026-06-02
300741,华宝股份,20180301,SZSE,创业板,bundled_seed,2026-06-02
300743,天地数码,20180427,SZSE,创业板,bundled_seed,2026-06-02
300745,欣锐科技,20180523,SZSE,创业板,bundled_seed,2026-06-02
300746,汉嘉数智,20180525,SZSE,创业板,bundled_seed,2026-06-02
300747,锐科激光,20180625,SZSE,创业板,bundled_seed,2026-06-02
300748,金力永磁,20180921,SZSE,创业板,bundled_seed,2026-06-02
300749,顶固集创,20180925,SZSE,创业板,bundled_seed,2026-06-02
300750,宁德时代,20180611,SZSE,创业板,bundled_seed,2026-06-02
300751,迈为股份,20181109,SZSE,创业板,bundled_seed,2026-06-02
300752,隆利科技,20181130,SZSE,创业板,bundled_seed,2026-06-02
300753,爱朋医疗,20181213,SZSE,创业板,bundled_seed,2026-06-02
300755,华致酒行,20190129,SZSE,创业板,bundled_seed,2026-06-02
300756,金马游乐,20181228,SZSE,创业板,bundled_seed,2026-06-02
300757,罗博特科,20190108,SZSE,创业板,bundled_seed,2026-06-02
300758,七彩化学,20190222,SZSE,创业板,bundled_seed,2026-06-02
300759,康龙化成,20190128,SZSE,创业板,bundled_seed,2026-06-02
300760,迈瑞医疗,20181016,SZSE,创业板,bundled_seed,2026-06-02
300761,立华股份,20190218,SZSE,创业板,bundled_seed,2026-06-02
300762,上海瀚讯,20190314,SZSE,创业板,bundled_seed,2026-06-02
300763,锦浪科技,20190319,SZSE,创业板,bundled_seed,2026-06-02
300765,新诺威,20190322,SZSE,创业板,bundled_seed,2026-06-02
300766,每日互动,20190325,SZSE,创业板,bundled_seed,2026-06-02
300767,震安科技,20190329,SZSE,创业板,bundled_seed,2026-06-02
300768,迪普科技,20190412,SZSE,创业板,bundled_seed,2026-06-02
300769,德方纳米,20190415,SZSE,创业板,bundled_seed,2026-06-02
300770,新媒股份,20190419,SZSE,创业板,bundled_seed,2026-06-02
300771,智莱科技,20190422,SZSE,创业板,bundled_seed,2026-06-02
300772,运达股份,20190426,SZSE,创业板,bundled_seed,2026-06-02
300773,拉卡拉,20190425,SZSE,创业板,bundled_seed,2026-06-02
300774,倍杰特,20210804,SZSE,创业板,bundled_seed,2026-06-02
300775,三角防务,20190521,SZSE,创业板,bundled_seed,2026-06-02
300776,帝尔激光,20190517,SZSE,创业板,bundled_seed,2026-06-02
300777,中简科技,20190516,SZSE,创业板,bundled_seed,2026-06-02
300778,新城市,20190510,SZSE,创业板,bundled_seed,2026-06-02
300779,惠城环保,20190522,SZSE,创业板,bundled_seed,2026-06-02
300780,德恩精工,20190531,SZSE,创业板,bundled_seed,2026-06-02
300781,因赛集团,20190606,SZSE,创业板,bundled_seed,2026-06-02
300782,卓胜微,20190618,SZSE,创业板,bundled_seed,2026-06-02
300783,三只松鼠,20190712,SZSE,创业板,bundled_seed,2026-06-02
300784,利安科技,20240607,SZSE,创业板,bundled_seed,2026-06-02
300785,值得买,20190715,SZSE,创业板,bundled_seed,2026-06-02
300786,国林科技,20190723,SZSE,创业板,bundled_seed,2026-06-02
300787,海能实业,20190815,SZSE,创业板,bundled_seed,2026-06-02
300788,中信出版,20190705,SZSE,创业板,bundled_seed,2026-06-02
300789,唐源电气,20190828,SZSE,创业板,bundled_seed,2026-06-02
300790,宇瞳光学,20190920,SZSE,创业板,bundled_seed,2026-06-02
300791,仙乐健康,20190925,SZSE,创业板,bundled_seed,2026-06-02
300792,壹网壹创,20190927,SZSE,创业板,bundled_seed,2026-06-02
300793,佳禾智能,20191018,SZSE,创业板,bundled_seed,2026-06-02
300795,米奥会展,20191022,SZSE,创业板,bundled_seed,2026-06-02
300796,贝斯美,20191115,SZSE,创业板,bundled_seed,2026-06-02
300797,钢研纳克,20191101,SZSE,创业板,bundled_seed,2026-06-02
300798,锦鸡股份,20191122,SZSE,创业板,bundled_seed,2026-06-02
300800,力合科技,20191106,SZSE,创业板,bundled_seed,2026-06-02
300801,泰和科技,20191128,SZSE,创业板,bundled_seed,2026-06-02
300802,矩子科技,20191114,SZSE,创业板,bundled_seed,2026-06-02
300803,指南针,20191118,SZSE,创业板,bundled_seed,2026-06-02
300804,广康生化,20230627,SZSE,创业板,bundled_seed,2026-06-02
300805,电声股份,20191121,SZSE,创业板,bundled_seed,2026-06-02
300806,斯迪克,20191125,SZSE,创业板,bundled_seed,2026-06-02
300807,天迈科技,20191219,SZSE,创业板,bundled_seed,2026-06-02
300808,久量股份,20191129,SZSE,创业板,bundled_seed,2026-06-02
300809,华辰装备,20191204,SZSE,创业板,bundled_seed,2026-06-02
300810,中科海讯,20191206,SZSE,创业板,bundled_seed,2026-06-02
300811,铂科新材,20191230,SZSE,创业板,bundled_seed,2026-06-02
300812,易天股份,20200109,SZSE,创业板,bundled_seed,2026-06-02
300813,泰林生物,20200114,SZSE,创业板,bundled_seed,2026-06-02
300814,中富电路,20210812,SZSE,创业板,bundled_seed,2026-06-02
300815,玉禾田,20200123,SZSE,创业板,bundled_seed,2026-06-02
300816,艾可蓝,20200210,SZSE,创业板,bundled_seed,2026-06-02
300817,双飞集团,20200218,SZSE,创业板,bundled_seed,2026-06-02
300818,耐普矿机,20200212,SZSE,创业板,bundled_seed,2026-06-02
300819,聚杰微纤,20200312,SZSE,创业板,bundled_seed,2026-06-02
300820,英杰电气,20200213,SZSE,创业板,bundled_seed,2026-06-02
300821,东岳硅材,20200312,SZSE,创业板,bundled_seed,2026-06-02
300822,贝仕达克,20200313,SZSE,创业板,bundled_seed,2026-06-02
300823,建科智能,20200319,SZSE,创业板,bundled_seed,2026-06-02
300824,北鼎股份,20200619,SZSE,创业板,bundled_seed,2026-06-02
300825,阿尔特,20200327,SZSE,创业板,bundled_seed,2026-06-02
300826,测绘股份,20200403,SZSE,创业板,bundled_seed,2026-06-02
300827,上能电气,20200410,SZSE,创业板,bundled_seed,2026-06-02
300828,锐新科技,20200421,SZSE,创业板,bundled_seed,2026-06-02
300829,金丹科技,20200422,SZSE,创业板,bundled_seed,2026-06-02
300830,金现代,20200506,SZSE,创业板,bundled_seed,2026-06-02
300831,派瑞股份,20200507,SZSE,创业板,bundled_seed,2026-06-02
300832,新产业,20200512,SZSE,创业板,bundled_seed,2026-06-02
300833,浩洋股份,20200520,SZSE,创业板,bundled_seed,2026-06-02
300834,星辉环材,20220113,SZSE,创业板,bundled_seed,2026-06-02
300835,龙磁科技,20200525,SZSE,创业板,bundled_seed,2026-06-02
300836,佰奥智能,20200528,SZSE,创业板,bundled_seed,2026-06-02
300837,浙矿股份,20200605,SZSE,创业板,bundled_seed,2026-06-02
300838,浙江力诺,20200608,SZSE,创业板,bundled_seed,2026-06-02
300839,博汇股份,20200630,SZSE,创业板,bundled_seed,2026-06-02
300840,酷特智能,20200708,SZSE,创业板,bundled_seed,2026-06-02
300841,康华生物,20200616,SZSE,创业板,bundled_seed,2026-06-02
300842,帝科股份,20200618,SZSE,创业板,bundled_seed,2026-06-02
300843,胜蓝股份,20200702,SZSE,创业板,bundled_seed,2026-06-02
300844,山水比德,20210813,SZSE,创业板,bundled_seed,2026-06-02
300845,捷安高科,20200703,SZSE,创业板,bundled_seed,2026-06-02
300846,首都在线,20200701,SZSE,创业板,bundled_seed,2026-06-02
300847,中船汉光,20200709,SZSE,创业板,bundled_seed,2026-06-02
300848,美瑞新材,20200720,SZSE,创业板,bundled_seed,2026-06-02
300849,锦盛新材,20200710,SZSE,创业板,bundled_seed,2026-06-02
300850,新强联,20200713,SZSE,创业板,bundled_seed,2026-06-02
300851,交大思诺,20200717,SZSE,创业板,bundled_seed,2026-06-02
300852,四会富仕,20200713,SZSE,创业板,bundled_seed,2026-06-02
300853,申昊科技,20200724,SZSE,创业板,bundled_seed,2026-06-02
300854,中兰环保,20210916,SZSE,创业板,bundled_seed,2026-06-02
300855,图南股份,20200723,SZSE,创业板,bundled_seed,2026-06-02
300856,科思股份,20200722,SZSE,创业板,bundled_seed,2026-06-02
300857,协创数据,20200727,SZSE,创业板,bundled_seed,2026-06-02
300858,科拓生物,20200727,SZSE,创业板,bundled_seed,2026-06-02
300859,西域旅游,20200806,SZSE,创业板,bundled_seed,2026-06-02
300860,锋尚文化,20200824,SZSE,创业板,bundled_seed,2026-06-02
300861,美畅股份,20200824,SZSE,创业板,bundled_seed,2026-06-02
300862,蓝盾光电,20200824,SZSE,创业板,bundled_seed,2026-06-02
300863,卡倍亿,20200824,SZSE,创业板,bundled_seed,2026-06-02
300864,南大环境,20200824,SZSE,创业板,bundled_seed,2026-06-02
300865,大宏立,20200824,SZSE,创业板,bundled_seed,2026-06-02
300866,安克创新,20200824,SZSE,创业板,bundled_seed,2026-06-02
300867,圣元环保,20200824,SZSE,创业板,bundled_seed,2026-06-02
300868,杰美特,20200824,SZSE,创业板,bundled_seed,2026-06-02
300869,康泰医学,20200824,SZSE,创业板,bundled_seed,2026-06-02
300870,欧陆通,20200824,SZSE,创业板,bundled_seed,2026-06-02
300871,回盛生物,20200824,SZSE,创业板,bundled_seed,2026-06-02
300872,天阳科技,20200824,SZSE,创业板,bundled_seed,2026-06-02
300873,海晨股份,20200824,SZSE,创业板,bundled_seed,2026-06-02
300875,捷强装备,20200824,SZSE,创业板,bundled_seed,2026-06-02
300876,蒙泰高新,20200824,SZSE,创业板,bundled_seed,2026-06-02
300877,金春股份,20200824,SZSE,创业板,bundled_seed,2026-06-02
300878,维康药业,20200824,SZSE,创业板,bundled_seed,2026-06-02
300879,大叶股份,20200901,SZSE,创业板,bundled_seed,2026-06-02
300880,迦南智能,20200901,SZSE,创业板,bundled_seed,2026-06-02
300881,盛德鑫泰,20200901,SZSE,创业板,bundled_seed,2026-06-02
300882,万胜智能,20200910,SZSE,创业板,bundled_seed,2026-06-02
300883,龙利得,20200910,SZSE,创业板,bundled_seed,2026-06-02
300884,狄耐克,20201112,SZSE,创业板,bundled_seed,2026-06-02
300885,海昌新材,20200910,SZSE,创业板,bundled_seed,2026-06-02
300886,华业香料,20200916,SZSE,创业板,bundled_seed,2026-06-02
300887,谱尼测试,20200916,SZSE,创业板,bundled_seed,2026-06-02
300888,稳健医疗,20200917,SZSE,创业板,bundled_seed,2026-06-02
300889,爱克股份,20200916,SZSE,创业板,bundled_seed,2026-06-02
300890,翔丰华,20200917,SZSE,创业板,bundled_seed,2026-06-02
300891,惠云钛业,20200917,SZSE,创业板,bundled_seed,2026-06-02
300892,品渥食品,20200924,SZSE,创业板,bundled_seed,2026-06-02
300893,松原安全,20200924,SZSE,创业板,bundled_seed,2026-06-02
300894,火星人,20201231,SZSE,创业板,bundled_seed,2026-06-02
300895,铜牛信息,20200924,SZSE,创业板,bundled_seed,2026-06-02
300896,爱美客,20200928,SZSE,创业板,bundled_seed,2026-06-02
300897,山科智能,20200928,SZSE,创业板,bundled_seed,2026-06-02
300898,熊猫乳品,20201016,SZSE,创业板,bundled_seed,2026-06-02
300899,上海凯鑫,20201016,SZSE,创业板,bundled_seed,2026-06-02
300900,广联航空,20201029,SZSE,创业板,bundled_seed,2026-06-02
300901,中胤时尚,20201029,SZSE,创业板,bundled_seed,2026-06-02
300902,国安达,20201029,SZSE,创业板,bundled_seed,2026-06-02
300903,科翔股份,20201105,SZSE,创业板,bundled_seed,2026-06-02
300904,威力传动,20230809,SZSE,创业板,bundled_seed,2026-06-02
300905,宝丽迪,20201105,SZSE,创业板,bundled_seed,2026-06-02
300906,日月明,20201105,SZSE,创业板,bundled_seed,2026-06-02
300907,康平科技,20201118,SZSE,创业板,bundled_seed,2026-06-02
300908,仲景食品,20201123,SZSE,创业板,bundled_seed,2026-06-02
300909,汇创达,20201118,SZSE,创业板,bundled_seed,2026-06-02
300910,瑞丰新材,20201127,SZSE,创业板,bundled_seed,2026-06-02
300911,亿田智能,20201203,SZSE,创业板,bundled_seed,2026-06-02
300912,凯龙高科,20201207,SZSE,创业板,bundled_seed,2026-06-02
300913,兆龙互连,20201207,SZSE,创业板,bundled_seed,2026-06-02
300915,海融科技,20201202,SZSE,创业板,bundled_seed,2026-06-02
300916,朗特智能,20201202,SZSE,创业板,bundled_seed,2026-06-02
300917,特发服务,20201221,SZSE,创业板,bundled_seed,2026-06-02
300918,南山智尚,20201222,SZSE,创业板,bundled_seed,2026-06-02
300919,中伟新材,20201223,SZSE,创业板,bundled_seed,2026-06-02
300920,润阳科技,20201225,SZSE,创业板,bundled_seed,2026-06-02
300921,南凌科技,20201222,SZSE,创业板,bundled_seed,2026-06-02
300922,天秦装备,20201225,SZSE,创业板,bundled_seed,2026-06-02
300923,研奥股份,20201224,SZSE,创业板,bundled_seed,2026-06-02
300925,法本信息,20201230,SZSE,创业板,bundled_seed,2026-06-02
300926,博俊科技,20210107,SZSE,创业板,bundled_seed,2026-06-02
300927,江天化学,20210107,SZSE,创业板,bundled_seed,2026-06-02
300928,华安鑫创,20210106,SZSE,创业板,bundled_seed,2026-06-02
300929,华骐环保,20210120,SZSE,创业板,bundled_seed,2026-06-02
300930,屹通新材,20210121,SZSE,创业板,bundled_seed,2026-06-02
300931,通用电梯,20210121,SZSE,创业板,bundled_seed,2026-06-02
300932,三友联众,20210122,SZSE,创业板,bundled_seed,2026-06-02
300933,中辰股份,20210122,SZSE,创业板,bundled_seed,2026-06-02
300935,盈建科,20210120,SZSE,创业板,bundled_seed,2026-06-02
300936,中英科技,20210126,SZSE,创业板,bundled_seed,2026-06-02
300937,药易购,20210127,SZSE,创业板,bundled_seed,2026-06-02
300938,信测标准,20210127,SZSE,创业板,bundled_seed,2026-06-02
300939,秋田微,20210128,SZSE,创业板,bundled_seed,2026-06-02
300940,南极光,20210203,SZSE,创业板,bundled_seed,2026-06-02
300941,创识科技,20210209,SZSE,创业板,bundled_seed,2026-06-02
300942,易瑞生物,20210209,SZSE,创业板,bundled_seed,2026-06-02
300943,春晖智控,20210210,SZSE,创业板,bundled_seed,2026-06-02
300945,曼卡龙,20210210,SZSE,创业板,bundled_seed,2026-06-02
300946,恒而达,20210208,SZSE,创业板,bundled_seed,2026-06-02
300947,德必集团,20210210,SZSE,创业板,bundled_seed,2026-06-02
300948,冠中生态,20210225,SZSE,创业板,bundled_seed,2026-06-02
300949,奥雅股份,20210226,SZSE,创业板,bundled_seed,2026-06-02
300950,德固特,20210303,SZSE,创业板,bundled_seed,2026-06-02
300951,博硕科技,20210226,SZSE,创业板,bundled_seed,2026-06-02
300952,恒辉安防,20210311,SZSE,创业板,bundled_seed,2026-06-02
300953,震裕科技,20210318,SZSE,创业板,bundled_seed,2026-06-02
300955,嘉亨家化,20210324,SZSE,创业板,bundled_seed,2026-06-02
300956,英力股份,20210326,SZSE,创业板,bundled_seed,2026-06-02
300957,贝泰妮,20210325,SZSE,创业板,bundled_seed,2026-06-02
300958,建工修复,20210329,SZSE,创业板,bundled_seed,2026-06-02
300959,线上线下,20210322,SZSE,创业板,bundled_seed,2026-06-02
300960,通业科技,20210329,SZSE,创业板,bundled_seed,2026-06-02
300961,深水海纳,20210330,SZSE,创业板,bundled_seed,2026-06-02
300962,中金辐照,20210409,SZSE,创业板,bundled_seed,2026-06-02
300963,中洲特材,20210409,SZSE,创业板,bundled_seed,2026-06-02
300964,本川智能,20210805,SZSE,创业板,bundled_seed,2026-06-02
300965,恒宇信通,20210402,SZSE,创业板,bundled_seed,2026-06-02
300966,共同药业,20210409,SZSE,创业板,bundled_seed,2026-06-02
300967,晓鸣股份,20210413,SZSE,创业板,bundled_seed,2026-06-02
300968,格林精密,20210415,SZSE,创业板,bundled_seed,2026-06-02
300969,恒帅股份,20210412,SZSE,创业板,bundled_seed,2026-06-02
300970,华绿生物,20210412,SZSE,创业板,bundled_seed,2026-06-02
300971,博亚精工,20210415,SZSE,创业板,bundled_seed,2026-06-02
300972,万辰集团,20210419,SZSE,创业板,bundled_seed,2026-06-02
300973,立高食品,20210415,SZSE,创业板,bundled_seed,2026-06-02
300975,商络电子,20210421,SZSE,创业板,bundled_seed,2026-06-02
300976,达瑞电子,20210419,SZSE,创业板,bundled_seed,2026-06-02
300977,深圳瑞捷,20210420,SZSE,创业板,bundled_seed,2026-06-02
300978,东箭科技,20210426,SZSE,创业板,bundled_seed,2026-06-02
300979,华利集团,20210426,SZSE,创业板,bundled_seed,2026-06-02
300980,祥源新材,20210421,SZSE,创业板,bundled_seed,2026-06-02
300981,中红医疗,20210427,SZSE,创业板,bundled_seed,2026-06-02
300982,苏文电能,20210427,SZSE,创业板,bundled_seed,2026-06-02
300983,尤安设计,20210420,SZSE,创业板,bundled_seed,2026-06-02
300984,金沃股份,20210618,SZSE,创业板,bundled_seed,2026-06-02
300985,致远新能,20210429,SZSE,创业板,bundled_seed,2026-06-02
300986,志特新材,20210430,SZSE,创业板,bundled_seed,2026-06-02
300987,川网传媒,20210511,SZSE,创业板,bundled_seed,2026-06-02
300988,津荣天宇,20210512,SZSE,创业板,bundled_seed,2026-06-02
300989,蕾奥规划,20210507,SZSE,创业板,bundled_seed,2026-06-02
300990,同飞股份,20210512,SZSE,创业板,bundled_seed,2026-06-02
300991,创益通,20210520,SZSE,创业板,bundled_seed,2026-06-02
300992,泰福泵业,20210525,SZSE,创业板,bundled_seed,2026-06-02
300993,玉马科技,20210524,SZSE,创业板,bundled_seed,2026-06-02
300994,久祺股份,20210812,SZSE,创业板,bundled_seed,2026-06-02
300995,奇德新材,20210526,SZSE,创业板,bundled_seed,2026-06-02
300996,普联软件,20210603,SZSE,创业板,bundled_seed,2026-06-02
300997,欢乐家,20210602,SZSE,创业板,bundled_seed,2026-06-02
300998,宁波方正,20210602,SZSE,创业板,bundled_seed,2026-06-02
300999,金龙鱼,20201015,SZSE,创业板,bundled_seed,2026-06-02
301000,肇民科技,20210528,SZSE,创业板,bundled_seed,2026-06-02
301001,凯淳股份,20210528,SZSE,创业板,bundled_seed,2026-06-02
301002,崧盛股份,20210607,SZSE,创业板,bundled_seed,2026-06-02
301003,江苏博云,20210601,SZSE,创业板,bundled_seed,2026-06-02
301004,嘉益股份,20210625,SZSE,创业板,bundled_seed,2026-06-02
301005,超捷股份,20210601,SZSE,创业板,bundled_seed,2026-06-02
301006,迈拓股份,20210607,SZSE,创业板,bundled_seed,2026-06-02
301007,德迈仕,20210616,SZSE,创业板,bundled_seed,2026-06-02
301008,宏昌科技,20210611,SZSE,创业板,bundled_seed,2026-06-02
301009,可靠股份,20210617,SZSE,创业板,bundled_seed,2026-06-02
301010,晶雪节能,20210618,SZSE,创业板,bundled_seed,2026-06-02
301011,华立科技,20210617,SZSE,创业板,bundled_seed,2026-06-02
301012,扬电科技,20210622,SZSE,创业板,bundled_seed,2026-06-02
301013,利和兴,20210629,SZSE,创业板,bundled_seed,2026-06-02
301015,百洋医药,20210630,SZSE,创业板,bundled_seed,2026-06-02
301016,雷尔伟,20210630,SZSE,创业板,bundled_seed,2026-06-02
301017,漱玉平民,20210705,SZSE,创业板,bundled_seed,2026-06-02
301018,申菱环境,20210707,SZSE,创业板,bundled_seed,2026-06-02
301019,宁波色母,20210628,SZSE,创业板,bundled_seed,2026-06-02
301020,密封科技,20210706,SZSE,创业板,bundled_seed,2026-06-02
301021,英诺激光,20210706,SZSE,创业板,bundled_seed,2026-06-02
301022,海泰科,20210702,SZSE,创业板,bundled_seed,2026-06-02
301023,奕帆传动,20210707,SZSE,创业板,bundled_seed,2026-06-02
301024,霍普股份,20210728,SZSE,创业板,bundled_seed,2026-06-02
301025,读客文化,20210719,SZSE,创业板,bundled_seed,2026-06-02
301026,浩通科技,20210716,SZSE,创业板,bundled_seed,2026-06-02
301027,华蓝集团,20210715,SZSE,创业板,bundled_seed,2026-06-02
301028,鼎熔岩,20210720,SZSE,创业板,bundled_seed,2026-06-02
301029,怡合达,20210723,SZSE,创业板,bundled_seed,2026-06-02
301030,*ST仕净,20210722,SZSE,创业板,bundled_seed,2026-06-02
301031,中熔电气,20210715,SZSE,创业板,bundled_seed,2026-06-02
301032,新柴股份,20210722,SZSE,创业板,bundled_seed,2026-06-02
301033,迈普医学,20210726,SZSE,创业板,bundled_seed,2026-06-02
301035,润丰股份,20210728,SZSE,创业板,bundled_seed,2026-06-02
301036,双乐股份,20210729,SZSE,创业板,bundled_seed,2026-06-02
301037,保立佳,20210730,SZSE,创业板,bundled_seed,2026-06-02
301038,深水规院,20210804,SZSE,创业板,bundled_seed,2026-06-02
301039,中集车辆,20210708,SZSE,创业板,bundled_seed,2026-06-02
301040,中环海陆,20210803,SZSE,创业板,bundled_seed,2026-06-02
301041,金百泽,20210811,SZSE,创业板,bundled_seed,2026-06-02
301042,安联锐视,20210805,SZSE,创业板,bundled_seed,2026-06-02
301043,绿岛风,20210811,SZSE,创业板,bundled_seed,2026-06-02
301045,天禄科技,20210813,SZSE,创业板,bundled_seed,2026-06-02
301046,能辉科技,20210817,SZSE,创业板,bundled_seed,2026-06-02
301047,义翘神州,20210816,SZSE,创业板,bundled_seed,2026-06-02
301048,金鹰重工,20210818,SZSE,创业板,bundled_seed,2026-06-02
301049,超越科技,20210824,SZSE,创业板,bundled_seed,2026-06-02
301050,雷电微力,20210824,SZSE,创业板,bundled_seed,2026-06-02
301051,信濠光电,20210827,SZSE,创业板,bundled_seed,2026-06-02
301052,果麦文化,20210830,SZSE,创业板,bundled_seed,2026-06-02
301053,远信工业,20210901,SZSE,创业板,bundled_seed,2026-06-02
301055,张小泉,20210906,SZSE,创业板,bundled_seed,2026-06-02
301056,森赫股份,20210907,SZSE,创业板,bundled_seed,2026-06-02
301057,汇隆新材,20210909,SZSE,创业板,bundled_seed,2026-06-02
301058,中粮科工,20210909,SZSE,创业板,bundled_seed,2026-06-02
301059,金三江,20210913,SZSE,创业板,bundled_seed,2026-06-02
301060,兰卫医学,20210913,SZSE,创业板,bundled_seed,2026-06-02
301061,匠心家居,20210913,SZSE,创业板,bundled_seed,2026-06-02
301062,上海艾录,20210914,SZSE,创业板,bundled_seed,2026-06-02
301063,海锅股份,20210924,SZSE,创业板,bundled_seed,2026-06-02
301065,本立科技,20210914,SZSE,创业板,bundled_seed,2026-06-02
301066,万事利,20210922,SZSE,创业板,bundled_seed,2026-06-02
301067,显盈科技,20210922,SZSE,创业板,bundled_seed,2026-06-02
301068,大地海洋,20210928,SZSE,创业板,bundled_seed,2026-06-02
301069,凯盛新材,20210927,SZSE,创业板,bundled_seed,2026-06-02
301070,开勒股份,20210923,SZSE,创业板,bundled_seed,2026-06-02
301071,力量钻石,20210924,SZSE,创业板,bundled_seed,2026-06-02
301072,中捷精工,20210929,SZSE,创业板,bundled_seed,2026-06-02
301073,君亭酒店,20210930,SZSE,创业板,bundled_seed,2026-06-02
301075,多瑞医药,20210929,SZSE,创业板,bundled_seed,2026-06-02
301076,新瀚新材,20211011,SZSE,创业板,bundled_seed,2026-06-02
301077,星华新材,20210930,SZSE,创业板,bundled_seed,2026-06-02
301078,孩子王,20211014,SZSE,创业板,bundled_seed,2026-06-02
301079,邵阳液压,20211019,SZSE,创业板,bundled_seed,2026-06-02
301080,百普赛斯,20211018,SZSE,创业板,bundled_seed,2026-06-02
301081,严牌股份,20211020,SZSE,创业板,bundled_seed,2026-06-02
301082,久盛电气,20211027,SZSE,创业板,bundled_seed,2026-06-02
301083,百胜智能,20211021,SZSE,创业板,bundled_seed,2026-06-02
301085,亚康股份,20211018,SZSE,创业板,bundled_seed,2026-06-02
301086,鸿富瀚,20211020,SZSE,创业板,bundled_seed,2026-06-02
301087,可孚医疗,20211025,SZSE,创业板,bundled_seed,2026-06-02
301088,戎美股份,20211028,SZSE,创业板,bundled_seed,2026-06-02
301089,拓新药业,20211027,SZSE,创业板,bundled_seed,2026-06-02
301090,华润材料,20211026,SZSE,创业板,bundled_seed,2026-06-02
301091,深城交,20211029,SZSE,创业板,bundled_seed,2026-06-02
301092,争光股份,20211102,SZSE,创业板,bundled_seed,2026-06-02
301093,华兰股份,20211101,SZSE,创业板,bundled_seed,2026-06-02
301095,广立微,20220805,SZSE,创业板,bundled_seed,2026-06-02
301096,百诚医药,20211220,SZSE,创业板,bundled_seed,2026-06-02
301097,天益医疗,20220407,SZSE,创业板,bundled_seed,2026-06-02
301098,金埔园林,20211112,SZSE,创业板,bundled_seed,2026-06-02
301099,雅创电子,20211122,SZSE,创业板,bundled_seed,2026-06-02
301100,风光股份,20211217,SZSE,创业板,bundled_seed,2026-06-02
301101,明月镜片,20211216,SZSE,创业板,bundled_seed,2026-06-02
301102,兆讯传媒,20220328,SZSE,创业板,bundled_seed,2026-06-02
301103,何氏眼科,20220322,SZSE,创业板,bundled_seed,2026-06-02
301105,鸿铭股份,20221230,SZSE,创业板,bundled_seed,2026-06-02
301106,骏成科技,20220128,SZSE,创业板,bundled_seed,2026-06-02
301107,瑜欣电子,20220524,SZSE,创业板,bundled_seed,2026-06-02
301108,洁雅股份,20211203,SZSE,创业板,bundled_seed,2026-06-02
301109,军信股份,20220413,SZSE,创业板,bundled_seed,2026-06-02
301110,青木科技,20220311,SZSE,创业板,bundled_seed,2026-06-02
301111,粤万年青,20211207,SZSE,创业板,bundled_seed,2026-06-02
301112,信邦智能,20220629,SZSE,创业板,bundled_seed,2026-06-02
301113,雅艺科技,20211222,SZSE,创业板,bundled_seed,2026-06-02
301115,联检科技,20220831,SZSE,创业板,bundled_seed,2026-06-02
301116,益客食品,20220118,SZSE,创业板,bundled_seed,2026-06-02
301117,佳缘科技,20220117,SZSE,创业板,bundled_seed,2026-06-02
301118,恒光股份,20211118,SZSE,创业板,bundled_seed,2026-06-02
301119,正强股份,20211122,SZSE,创业板,bundled_seed,2026-06-02
301120,新特电气,20220419,SZSE,创业板,bundled_seed,2026-06-02
301121,紫建电子,20220808,SZSE,创业板,bundled_seed,2026-06-02
301122,采纳股份,20220126,SZSE,创业板,bundled_seed,2026-06-02
301123,奕东电子,20220125,SZSE,创业板,bundled_seed,2026-06-02
301125,腾亚精工,20220608,SZSE,创业板,bundled_seed,2026-06-02
301126,达嘉维康,20211207,SZSE,创业板,bundled_seed,2026-06-02
301127,武汉天源,20211230,SZSE,创业板,bundled_seed,2026-06-02
301128,强瑞技术,20211110,SZSE,创业板,bundled_seed,2026-06-02
301129,瑞纳智能,20211102,SZSE,创业板,bundled_seed,2026-06-02
301130,西点药业,20220223,SZSE,创业板,bundled_seed,2026-06-02
301131,聚赛龙,20220314,SZSE,创业板,bundled_seed,2026-06-02
301132,满坤科技,20220810,SZSE,创业板,bundled_seed,2026-06-02
301133,金钟股份,20211126,SZSE,创业板,bundled_seed,2026-06-02
301135,瑞德智能,20220412,SZSE,创业板,bundled_seed,2026-06-02
301136,招标股份,20220111,SZSE,创业板,bundled_seed,2026-06-02
301137,哈焊华通,20220322,SZSE,创业板,bundled_seed,2026-06-02
301138,华研精机,20211215,SZSE,创业板,bundled_seed,2026-06-02
301139,*ST元道,20220708,SZSE,创业板,bundled_seed,2026-06-02
301141,中科磁业,20230403,SZSE,创业板,bundled_seed,2026-06-02
301148,嘉戎技术,20220421,SZSE,创业板,bundled_seed,2026-06-02
301149,隆华新材,20211110,SZSE,创业板,bundled_seed,2026-06-02
301150,中一科技,20220421,SZSE,创业板,bundled_seed,2026-06-02
301151,冠龙节能,20220411,SZSE,创业板,bundled_seed,2026-06-02
301152,天力锂能,20220829,SZSE,创业板,bundled_seed,2026-06-02
301153,中科江南,20220518,SZSE,创业板,bundled_seed,2026-06-02
301155,海力风电,20211124,SZSE,创业板,bundled_seed,2026-06-02
301156,美农生物,20220617,SZSE,创业板,bundled_seed,2026-06-02
301157,华塑科技,20230309,SZSE,创业板,bundled_seed,2026-06-02
301158,德石股份,20220117,SZSE,创业板,bundled_seed,2026-06-02
301159,三维天地,20220107,SZSE,创业板,bundled_seed,2026-06-02
301160,翔楼新材,20220606,SZSE,创业板,bundled_seed,2026-06-02
301161,唯万密封,20220914,SZSE,创业板,bundled_seed,2026-06-02
301162,国能日新,20220429,SZSE,创业板,bundled_seed,2026-06-02
301163,宏德股份,20220419,SZSE,创业板,bundled_seed,2026-06-02
301165,锐捷网络,20221121,SZSE,创业板,bundled_seed,2026-06-02
301166,优宁维,20211228,SZSE,创业板,bundled_seed,2026-06-02
301167,建研设计,20211206,SZSE,创业板,bundled_seed,2026-06-02
301168,通灵股份,20211210,SZSE,创业板,bundled_seed,2026-06-02
301169,零点有数,20211103,SZSE,创业板,bundled_seed,2026-06-02
301170,锡南科技,20230627,SZSE,创业板,bundled_seed,2026-06-02
301171,易点天下,20220819,SZSE,创业板,bundled_seed,2026-06-02
301172,君逸数码,20230726,SZSE,创业板,bundled_seed,2026-06-02
301173,毓恬冠佳,20250303,SZSE,创业板,bundled_seed,2026-06-02
301175,中科环保,20220708,SZSE,创业板,bundled_seed,2026-06-02
301176,逸豪新材,20220928,SZSE,创业板,bundled_seed,2026-06-02
301177,迪阿股份,20211215,SZSE,创业板,bundled_seed,2026-06-02
301178,天亿马,20211112,SZSE,创业板,bundled_seed,2026-06-02
301179,泽宇智能,20211208,SZSE,创业板,bundled_seed,2026-06-02
301180,万祥科技,20211116,SZSE,创业板,bundled_seed,2026-06-02
301181,标榜股份,20220221,SZSE,创业板,bundled_seed,2026-06-02
301182,凯旺科技,20211223,SZSE,创业板,bundled_seed,2026-06-02
301183,东田微,20220524,SZSE,创业板,bundled_seed,2026-06-02
301185,鸥玛软件,20211119,SZSE,创业板,bundled_seed,2026-06-02
301186,超达装备,20211223,SZSE,创业板,bundled_seed,2026-06-02
301187,欧圣电气,20220422,SZSE,创业板,bundled_seed,2026-06-02
301188,力诺药包,20211111,SZSE,创业板,bundled_seed,2026-06-02
301189,奥尼电子,20211228,SZSE,创业板,bundled_seed,2026-06-02
301190,善水科技,20211224,SZSE,创业板,bundled_seed,2026-06-02
301191,菲菱科思,20220526,SZSE,创业板,bundled_seed,2026-06-02
301192,泰祥股份,20220811,SZSE,创业板,bundled_seed,2026-06-02
301193,家联科技,20211209,SZSE,创业板,bundled_seed,2026-06-02
301195,北路智控,20220801,SZSE,创业板,bundled_seed,2026-06-02
301196,唯科科技,20220111,SZSE,创业板,bundled_seed,2026-06-02
301197,工大科雅,20220808,SZSE,创业板,bundled_seed,2026-06-02
301198,喜悦智行,20211202,SZSE,创业板,bundled_seed,2026-06-02
301199,迈赫股份,20211207,SZSE,创业板,bundled_seed,2026-06-02
301200,大族数控,20220228,SZSE,创业板,bundled_seed,2026-06-02
301201,诚达药业,20220120,SZSE,创业板,bundled_seed,2026-06-02
301202,朗威股份,20230705,SZSE,创业板,bundled_seed,2026-06-02
301203,国泰环保,20230404,SZSE,创业板,bundled_seed,2026-06-02
301205,联特科技,20220913,SZSE,创业板,bundled_seed,2026-06-02
301206,三元生物,20220210,SZSE,创业板,bundled_seed,2026-06-02
301207,华兰疫苗,20220218,SZSE,创业板,bundled_seed,2026-06-02
301208,中亦科技,20220707,SZSE,创业板,bundled_seed,2026-06-02
301209,联合化学,20220825,SZSE,创业板,bundled_seed,2026-06-02
301210,金杨精密,20230630,SZSE,创业板,bundled_seed,2026-06-02
301211,亨迪药业,20211222,SZSE,创业板,bundled_seed,2026-06-02
301212,联盛化学,20220419,SZSE,创业板,bundled_seed,2026-06-02
301213,观想科技,20211206,SZSE,创业板,bundled_seed,2026-06-02
301215,中汽股份,20220308,SZSE,创业板,bundled_seed,2026-06-02
301216,万凯新材,20220329,SZSE,创业板,bundled_seed,2026-06-02
301217,铜冠铜箔,20220127,SZSE,创业板,bundled_seed,2026-06-02
301218,华是科技,20220307,SZSE,创业板,bundled_seed,2026-06-02
301219,腾远钴业,20220317,SZSE,创业板,bundled_seed,2026-06-02
301220,亚香股份,20220622,SZSE,创业板,bundled_seed,2026-06-02
301221,光庭信息,20211222,SZSE,创业板,bundled_seed,2026-06-02
301222,浙江恒威,20220309,SZSE,创业板,bundled_seed,2026-06-02
301223,中荣股份,20221026,SZSE,创业板,bundled_seed,2026-06-02
301225,恒勃股份,20230616,SZSE,创业板,bundled_seed,2026-06-02
301226,祥明智能,20220325,SZSE,创业板,bundled_seed,2026-06-02
301227,森鹰窗业,20220926,SZSE,创业板,bundled_seed,2026-06-02
301228,实朴检测,20220128,SZSE,创业板,bundled_seed,2026-06-02
301229,纽泰格,20220222,SZSE,创业板,bundled_seed,2026-06-02
301230,泓博医药,20221101,SZSE,创业板,bundled_seed,2026-06-02
301231,荣信文化,20220908,SZSE,创业板,bundled_seed,2026-06-02
301232,飞沃科技,20230615,SZSE,创业板,bundled_seed,2026-06-02
301233,盛帮股份,20220706,SZSE,创业板,bundled_seed,2026-06-02
301234,五洲医疗,20220705,SZSE,创业板,bundled_seed,2026-06-02
301235,华康洁净,20220128,SZSE,创业板,bundled_seed,2026-06-02
301236,软通动力,20220315,SZSE,创业板,bundled_seed,2026-06-02
301237,和顺科技,20220323,SZSE,创业板,bundled_seed,2026-06-02
301238,瑞泰新材,20220617,SZSE,创业板,bundled_seed,2026-06-02
301239,普瑞眼科,20220705,SZSE,创业板,bundled_seed,2026-06-02
301246,宏源药业,20230320,SZSE,创业板,bundled_seed,2026-06-02
301248,杰创智能,20220420,SZSE,创业板,bundled_seed,2026-06-02
301251,威尔高,20230906,SZSE,创业板,bundled_seed,2026-06-02
301252,同星科技,20230525,SZSE,创业板,bundled_seed,2026-06-02
301255,通力科技,20221227,SZSE,创业板,bundled_seed,2026-06-02
301256,华融化学,20220322,SZSE,创业板,bundled_seed,2026-06-02
301257,普蕊斯,20220517,SZSE,创业板,bundled_seed,2026-06-02
301258,富士莱,20220329,SZSE,创业板,bundled_seed,2026-06-02
301259,艾布鲁,20220426,SZSE,创业板,bundled_seed,2026-06-02
301260,格力博,20230208,SZSE,创业板,bundled_seed,2026-06-02
301261,恒工精密,20230710,SZSE,创业板,bundled_seed,2026-06-02
301262,海看股份,20230620,SZSE,创业板,bundled_seed,2026-06-02
301263,泰恩康,20220329,SZSE,创业板,bundled_seed,2026-06-02
301265,华新科技,20221216,SZSE,创业板,bundled_seed,2026-06-02
301266,宇邦新材,20220608,SZSE,创业板,bundled_seed,2026-06-02
301267,华厦眼科,20221107,SZSE,创业板,bundled_seed,2026-06-02
301268,铭利达,20220407,SZSE,创业板,bundled_seed,2026-06-02
301269,华大九天,20220729,SZSE,创业板,bundled_seed,2026-06-02
301270,汉仪股份,20220831,SZSE,创业板,bundled_seed,2026-06-02
301272,英华特,20230713,SZSE,创业板,bundled_seed,2026-06-02
301273,瑞晨环保,20221025,SZSE,创业板,bundled_seed,2026-06-02
301275,汉朔科技,20250311,SZSE,创业板,bundled_seed,2026-06-02
301276,嘉曼服饰,20220909,SZSE,创业板,bundled_seed,2026-06-02
301277,新天地,20221116,SZSE,创业板,bundled_seed,2026-06-02
301278,快可电子,20220804,SZSE,创业板,bundled_seed,2026-06-02
301279,金道科技,20220413,SZSE,创业板,bundled_seed,2026-06-02
301280,珠城科技,20221226,SZSE,创业板,bundled_seed,2026-06-02
301281,科源制药,20230404,SZSE,创业板,bundled_seed,2026-06-02
301282,金禄电子,20220826,SZSE,创业板,bundled_seed,2026-06-02
301283,聚胶股份,20220902,SZSE,创业板,bundled_seed,2026-06-02
301285,鸿日达,20220928,SZSE,创业板,bundled_seed,2026-06-02
301286,侨源股份,20220614,SZSE,创业板,bundled_seed,2026-06-02
301287,康力源,20230614,SZSE,创业板,bundled_seed,2026-06-02
301288,清研环境,20220422,SZSE,创业板,bundled_seed,2026-06-02
301289,国缆检测,20220622,SZSE,创业板,bundled_seed,2026-06-02
301290,东星医疗,20221130,SZSE,创业板,bundled_seed,2026-06-02
301291,明阳电气,20230630,SZSE,创业板,bundled_seed,2026-06-02
301292,海科新源,20230707,SZSE,创业板,bundled_seed,2026-06-02
301293,三博脑科,20230505,SZSE,创业板,bundled_seed,2026-06-02
301295,美硕科技,20230628,SZSE,创业板,bundled_seed,2026-06-02
301296,新巨丰,20220902,SZSE,创业板,bundled_seed,2026-06-02
301297,富乐德,20221230,SZSE,创业板,bundled_seed,2026-06-02
301298,东利机械,20220606,SZSE,创业板,bundled_seed,2026-06-02
301299,卓创资讯,20221019,SZSE,创业板,bundled_seed,2026-06-02
301300,远翔新材,20220819,SZSE,创业板,bundled_seed,2026-06-02
301301,川宁生物,20221227,SZSE,创业板,bundled_seed,2026-06-02
301302,华如科技,20220623,SZSE,创业板,bundled_seed,2026-06-02
301303,真兰仪表,20230220,SZSE,创业板,bundled_seed,2026-06-02
301305,朗坤科技,20230523,SZSE,创业板,bundled_seed,2026-06-02
301306,西测测试,20220726,SZSE,创业板,bundled_seed,2026-06-02
301307,美利信,20230424,SZSE,创业板,bundled_seed,2026-06-02
301308,江波龙,20220805,SZSE,创业板,bundled_seed,2026-06-02
301309,万得凯,20220919,SZSE,创业板,bundled_seed,2026-06-02
301310,鑫宏业,20230602,SZSE,创业板,bundled_seed,2026-06-02
301311,昆船智能,20221130,SZSE,创业板,bundled_seed,2026-06-02
301312,智立方,20220711,SZSE,创业板,bundled_seed,2026-06-02
301313,凡拓数创,20220930,SZSE,创业板,bundled_seed,2026-06-02
301314,科瑞思,20230328,SZSE,创业板,bundled_seed,2026-06-02
301315,威士顿,20230621,SZSE,创业板,bundled_seed,2026-06-02
301316,慧博云通,20221013,SZSE,创业板,bundled_seed,2026-06-02
301317,鑫磊股份,20230119,SZSE,创业板,bundled_seed,2026-06-02
301318,维海德,20220810,SZSE,创业板,bundled_seed,2026-06-02
301319,唯特偶,20220929,SZSE,创业板,bundled_seed,2026-06-02
301320,豪江智能,20230609,SZSE,创业板,bundled_seed,2026-06-02
301321,翰博高新,20220818,SZSE,创业板,bundled_seed,2026-06-02
301322,绿通科技,20230306,SZSE,创业板,bundled_seed,2026-06-02
301323,新莱福,20230606,SZSE,创业板,bundled_seed,2026-06-02
301325,曼恩斯特,20230512,SZSE,创业板,bundled_seed,2026-06-02
301326,捷邦科技,20220921,SZSE,创业板,bundled_seed,2026-06-02
301327,华宝新能,20220919,SZSE,创业板,bundled_seed,2026-06-02
301328,维峰电子,20220908,SZSE,创业板,bundled_seed,2026-06-02
301329,信音电子,20230717,SZSE,创业板,bundled_seed,2026-06-02
301330,熵基科技,20220817,SZSE,创业板,bundled_seed,2026-06-02
301331,恩威医药,20220921,SZSE,创业板,bundled_seed,2026-06-02
301332,德尔玛,20230518,SZSE,创业板,bundled_seed,2026-06-02
301333,诺思格,20220802,SZSE,创业板,bundled_seed,2026-06-02
301335,天元宠物,20221118,SZSE,创业板,bundled_seed,2026-06-02
301336,趣睡科技,20220812,SZSE,创业板,bundled_seed,2026-06-02
301337,亚华电子,20230526,SZSE,创业板,bundled_seed,2026-06-02
301338,凯格精机,20220816,SZSE,创业板,bundled_seed,2026-06-02
301339,通行宝,20220909,SZSE,创业板,bundled_seed,2026-06-02
301345,涛涛车业,20230321,SZSE,创业板,bundled_seed,2026-06-02
301348,蓝箭电子,20230810,SZSE,创业板,bundled_seed,2026-06-02
301349,信德新材,20220909,SZSE,创业板,bundled_seed,2026-06-02
301353,普莱得,20230530,SZSE,创业板,bundled_seed,2026-06-02
301355,南王科技,20230612,SZSE,创业板,bundled_seed,2026-06-02
301356,天振股份,20221114,SZSE,创业板,bundled_seed,2026-06-02
301357,北方长龙,20230418,SZSE,创业板,bundled_seed,2026-06-02
301358,湖南裕能,20230209,SZSE,创业板,bundled_seed,2026-06-02
301359,东南电子,20221109,SZSE,创业板,bundled_seed,2026-06-02
301360,荣旗科技,20230425,SZSE,创业板,bundled_seed,2026-06-02
301361,众智科技,20221116,SZSE,创业板,bundled_seed,2026-06-02
301362,民爆光电,20230804,SZSE,创业板,bundled_seed,2026-06-02
301363,美好医疗,20221012,SZSE,创业板,bundled_seed,2026-06-02
301365,矩阵股份,20221122,SZSE,创业板,bundled_seed,2026-06-02
301366,一博科技,20220926,SZSE,创业板,bundled_seed,2026-06-02
301367,瑞迈特,20221101,SZSE,创业板,bundled_seed,2026-06-02
301368,丰立智能,20221215,SZSE,创业板,bundled_seed,2026-06-02
301369,联动科技,20220922,SZSE,创业板,bundled_seed,2026-06-02
301370,国科恒泰,20230712,SZSE,创业板,bundled_seed,2026-06-02
301371,敷尔佳,20230801,SZSE,创业板,bundled_seed,2026-06-02
301372,科净源,20230811,SZSE,创业板,bundled_seed,2026-06-02
301373,凌玮科技,20230208,SZSE,创业板,bundled_seed,2026-06-02
301376,致欧科技,20230621,SZSE,创业板,bundled_seed,2026-06-02
301377,鼎泰高科,20221122,SZSE,创业板,bundled_seed,2026-06-02
301378,通达海,20230320,SZSE,创业板,bundled_seed,2026-06-02
301379,天山电子,20221101,SZSE,创业板,bundled_seed,2026-06-02
301380,挖金客,20221025,SZSE,创业板,bundled_seed,2026-06-02
301381,赛维时代,20230712,SZSE,创业板,bundled_seed,2026-06-02
301382,蜂助手,20230517,SZSE,创业板,bundled_seed,2026-06-02
301383,天键股份,20230609,SZSE,创业板,bundled_seed,2026-06-02
301386,未来电器,20230329,SZSE,创业板,bundled_seed,2026-06-02
301387,光大同创,20230418,SZSE,创业板,bundled_seed,2026-06-02
301388,欣灵电气,20221109,SZSE,创业板,bundled_seed,2026-06-02
301389,隆扬电子,20221031,SZSE,创业板,bundled_seed,2026-06-02
301390,经纬股份,20230508,SZSE,创业板,bundled_seed,2026-06-02
301391,卡莱特,20221201,SZSE,创业板,bundled_seed,2026-06-02
301392,汇成真空,20240605,SZSE,创业板,bundled_seed,2026-06-02
301393,昊帆生物,20230712,SZSE,创业板,bundled_seed,2026-06-02
301395,仁信新材,20230703,SZSE,创业板,bundled_seed,2026-06-02
301396,宏景科技,20221111,SZSE,创业板,bundled_seed,2026-06-02
301397,溯联股份,20230628,SZSE,创业板,bundled_seed,2026-06-02
301398,星源卓镁,20221215,SZSE,创业板,bundled_seed,2026-06-02
301399,英特科技,20230523,SZSE,创业板,bundled_seed,2026-06-02
301408,华人健康,20230301,SZSE,创业板,bundled_seed,2026-06-02
301413,安培龙,20231218,SZSE,创业板,bundled_seed,2026-06-02
301418,协昌科技,20230821,SZSE,创业板,bundled_seed,2026-06-02
301419,阿莱德,20230209,SZSE,创业板,bundled_seed,2026-06-02
301421,波长光电,20230823,SZSE,创业板,bundled_seed,2026-06-02
301428,世纪恒通,20230519,SZSE,创业板,bundled_seed,2026-06-02
301429,森泰股份,20230417,SZSE,创业板,bundled_seed,2026-06-02
301439,泓淋电力,20230317,SZSE,创业板,bundled_seed,2026-06-02
301446,福事特,20230725,SZSE,创业板,bundled_seed,2026-06-02
301448,开创电气,20230619,SZSE,创业板,bundled_seed,2026-06-02
301449,天溯计量,20251223,SZSE,创业板,bundled_seed,2026-06-02
301456,盘古智能,20230714,SZSE,创业板,bundled_seed,2026-06-02
301458,钧崴电子,20250110,SZSE,创业板,bundled_seed,2026-06-02
301459,丰茂股份,20231213,SZSE,创业板,bundled_seed,2026-06-02
301468,博盈特焊,20230724,SZSE,创业板,bundled_seed,2026-06-02
301469,恒达新材,20230822,SZSE,创业板,bundled_seed,2026-06-02
301479,弘景光电,20250318,SZSE,创业板,bundled_seed,2026-06-02
301486,致尚科技,20230707,SZSE,创业板,bundled_seed,2026-06-02
301487,盟固利,20230809,SZSE,创业板,bundled_seed,2026-06-02
301488,豪恩汽电,20230704,SZSE,创业板,bundled_seed,2026-06-02
301489,思泉新材,20231024,SZSE,创业板,bundled_seed,2026-06-02
301491,汉桑科技,20250806,SZSE,创业板,bundled_seed,2026-06-02
301498,乖宝宠物,20230816,SZSE,创业板,bundled_seed,2026-06-02
301499,维科精密,20230721,SZSE,创业板,bundled_seed,2026-06-02
301500,飞南资源,20230921,SZSE,创业板,bundled_seed,2026-06-02
301501,恒鑫生活,20250319,SZSE,创业板,bundled_seed,2026-06-02
301502,华阳智能,20240202,SZSE,创业板,bundled_seed,2026-06-02
301503,智迪科技,20230717,SZSE,创业板,bundled_seed,2026-06-02
301505,苏州规划,20230719,SZSE,创业板,bundled_seed,2026-06-02
301507,民生健康,20230905,SZSE,创业板,bundled_seed,2026-06-02
301508,中机认检,20231201,SZSE,创业板,bundled_seed,2026-06-02
301509,金凯生科,20230803,SZSE,创业板,bundled_seed,2026-06-02
301510,固高科技,20230815,SZSE,创业板,bundled_seed,2026-06-02
301511,德福科技,20230817,SZSE,创业板,bundled_seed,2026-06-02
301512,智信精密,20230720,SZSE,创业板,bundled_seed,2026-06-02
301513,尚水智能,20260417,SZSE,创业板,bundled_seed,2026-06-02
301515,港通医疗,20230725,SZSE,创业板,bundled_seed,2026-06-02
301516,中远通,20231208,SZSE,创业板,bundled_seed,2026-06-02
301517,陕西华达,20231017,SZSE,创业板,bundled_seed,2026-06-02
301518,长华化学,20230803,SZSE,创业板,bundled_seed,2026-06-02
301519,舜禹股份,20230727,SZSE,创业板,bundled_seed,2026-06-02
301520,万邦医药,20230925,SZSE,创业板,bundled_seed,2026-06-02
301522,上大股份,20241016,SZSE,创业板,bundled_seed,2026-06-02
301525,儒竞科技,20230830,SZSE,创业板,bundled_seed,2026-06-02
301526,国际复材,20231226,SZSE,创业板,bundled_seed,2026-06-02
301528,多浦乐,20230828,SZSE,创业板,bundled_seed,2026-06-02
301529,福赛科技,20230911,SZSE,创业板,bundled_seed,2026-06-02
301531,春光集团,20260511,SZSE,创业板,bundled_seed,2026-06-02
301533,威马农机,20230818,SZSE,创业板,bundled_seed,2026-06-02
301535,浙江华远,20250327,SZSE,创业板,bundled_seed,2026-06-02
301536,星宸科技,20240328,SZSE,创业板,bundled_seed,2026-06-02
301538,骏鼎达,20240320,SZSE,创业板,bundled_seed,2026-06-02
301539,宏鑫科技,20240415,SZSE,创业板,bundled_seed,2026-06-02
301548,崇德科技,20230920,SZSE,创业板,bundled_seed,2026-06-02
301550,斯菱智驱,20230915,SZSE,创业板,bundled_seed,2026-06-02
301551,无线传媒,20240926,SZSE,创业板,bundled_seed,2026-06-02
301552,科力装备,20240722,SZSE,创业板,bundled_seed,2026-06-02
301555,惠柏新材,20231031,SZSE,创业板,bundled_seed,2026-06-02
301556,托普云农,20241017,SZSE,创业板,bundled_seed,2026-06-02
301557,常友科技,20250304,SZSE,创业板,bundled_seed,2026-06-02
301558,三态股份,20230928,SZSE,创业板,bundled_seed,2026-06-02
301559,中集环科,20231011,SZSE,创业板,bundled_seed,2026-06-02
301560,众捷汽车,20250425,SZSE,创业板,bundled_seed,2026-06-02
301563,云汉芯城,20250930,SZSE,创业板,bundled_seed,2026-06-02
301565,中仑新材,20240620,SZSE,创业板,bundled_seed,2026-06-02
301566,达利凯普,20231229,SZSE,创业板,bundled_seed,2026-06-02
301567,贝隆精密,20240116,SZSE,创业板,bundled_seed,2026-06-02
301568,思泰克,20231128,SZSE,创业板,bundled_seed,2026-06-02
301571,国科天成,20240821,SZSE,创业板,bundled_seed,2026-06-02
301575,艾芬达,20250910,SZSE,创业板,bundled_seed,2026-06-02
301577,美信科技,20240124,SZSE,创业板,bundled_seed,2026-06-02
301578,辰奕智能,20231228,SZSE,创业板,bundled_seed,2026-06-02
301580,爱迪特,20240626,SZSE,创业板,bundled_seed,2026-06-02
301581,黄山谷捷,20250103,SZSE,创业板,bundled_seed,2026-06-02
301584,建发致新,20250925,SZSE,创业板,bundled_seed,2026-06-02
301585,蓝宇股份,20241220,SZSE,创业板,bundled_seed,2026-06-02
301586,佳力奇,20240828,SZSE,创业板,bundled_seed,2026-06-02
301587,中瑞股份,20240408,SZSE,创业板,bundled_seed,2026-06-02
301588,美新科技,20240313,SZSE,创业板,bundled_seed,2026-06-02
301589,诺瓦星云,20240208,SZSE,创业板,bundled_seed,2026-06-02
301590,优优绿能,20250605,SZSE,创业板,bundled_seed,2026-06-02
301591,肯特股份,20240228,SZSE,创业板,bundled_seed,2026-06-02
301592,六九一二,20241024,SZSE,创业板,bundled_seed,2026-06-02
301595,太力科技,20250519,SZSE,创业板,bundled_seed,2026-06-02
301596,瑞迪智驱,20240513,SZSE,创业板,bundled_seed,2026-06-02
301598,博科测试,20241220,SZSE,创业板,bundled_seed,2026-06-02
301599,理奇智能,20260430,SZSE,创业板,bundled_seed,2026-06-02
301600,慧翰股份,20240911,SZSE,创业板,bundled_seed,2026-06-02
301601,惠通科技,20250115,SZSE,创业板,bundled_seed,2026-06-02
301602,超研股份,20250122,SZSE,创业板,bundled_seed,2026-06-02
301603,乔锋智能,20240710,SZSE,创业板,bundled_seed,2026-06-02
301606,绿联科技,20240726,SZSE,创业板,bundled_seed,2026-06-02
301607,富特科技,20240904,SZSE,创业板,bundled_seed,2026-06-02
301608,博实结,20240801,SZSE,创业板,bundled_seed,2026-06-02
301609,山大电力,20250723,SZSE,创业板,bundled_seed,2026-06-02
301611,珂玛科技,20240816,SZSE,创业板,bundled_seed,2026-06-02
301613,新铝时代,20241025,SZSE,创业板,bundled_seed,2026-06-02
301616,浙江华业,20250327,SZSE,创业板,bundled_seed,2026-06-02
301617,博苑新材,20241211,SZSE,创业板,bundled_seed,2026-06-02
301618,长联科技,20240930,SZSE,创业板,bundled_seed,2026-06-02
301622,英思特,20241204,SZSE,创业板,bundled_seed,2026-06-02
301626,苏州天脉,20241024,SZSE,创业板,bundled_seed,2026-06-02
301628,强达电路,20241031,SZSE,创业板,bundled_seed,2026-06-02
301629,矽电股份,20250324,SZSE,创业板,bundled_seed,2026-06-02
301630,同宇新材,20250710,SZSE,创业板,bundled_seed,2026-06-02
301631,壹连科技,20241122,SZSE,创业板,bundled_seed,2026-06-02
301632,广东建科,20250812,SZSE,创业板,bundled_seed,2026-06-02
301633,港迪技术,20241107,SZSE,创业板,bundled_seed,2026-06-02
301636,泽润新能,20250516,SZSE,创业板,bundled_seed,2026-06-02
301638,南网数字,20251118,SZSE,创业板,bundled_seed,2026-06-02
301656,联合动力,20250925,SZSE,创业板,bundled_seed,2026-06-02
301658,首航新能,20250402,SZSE,创业板,bundled_seed,2026-06-02
301662,宏工科技,20250417,SZSE,创业板,bundled_seed,2026-06-02
301665,泰禾股份,20250411,SZSE,创业板,bundled_seed,2026-06-02
301666,大普微-UW,20260416,SZSE,创业板,bundled_seed,2026-06-02
301667,纳百川,20251223,SZSE,创业板,bundled_seed,2026-06-02
301668,昊创瑞通,20250926,SZSE,创业板,bundled_seed,2026-06-02
301678,新恒汇,20250620,SZSE,创业板,bundled_seed,2026-06-02
301680,固德电材,20260306,SZSE,创业板,bundled_seed,2026-06-02
301682,宏明电子,20260325,SZSE,创业板,bundled_seed,2026-06-02
301683,慧谷新材,20260401,SZSE,创业板,bundled_seed,2026-06-02
301687,新广益,20251231,SZSE,创业板,bundled_seed,2026-06-02
301696,三瑞智能,20260410,SZSE,创业板,bundled_seed,2026-06-02
302132,中航成飞,20100827,SZSE,创业板,bundled_seed,2026-06-02
600000,浦发银行,19991110,SSE,主板,bundled_seed,2026-06-02
600004,白云机场,20030428,SSE,主板,bundled_seed,2026-06-02
600006,东风股份,19990727,SSE,主板,bundled_seed,2026-06-02
600007,中国国贸,19990312,SSE,主板,bundled_seed,2026-06-02
600008,首创环保,20000427,SSE,主板,bundled_seed,2026-06-02
600009,上海机场,19980218,SSE,主板,bundled_seed,2026-06-02
600010,包钢股份,20010309,SSE,主板,bundled_seed,2026-06-02
600011,华能国际,20011206,SSE,主板,bundled_seed,2026-06-02
600012,皖通高速,20030107,SSE,主板,bundled_seed,2026-06-02
600015,华夏银行,20030912,SSE,主板,bundled_seed,2026-06-02
600016,民生银行,20001219,SSE,主板,bundled_seed,2026-06-02
600017,日照港,20061017,SSE,主板,bundled_seed,2026-06-02
600018,上港集团,20061026,SSE,主板,bundled_seed,2026-06-02
600019,宝钢股份,20001212,SSE,主板,bundled_seed,2026-06-02
600020,中原高速,20030808,SSE,主板,bundled_seed,2026-06-02
600021,上海电力,20031029,SSE,主板,bundled_seed,2026-06-02
600022,山东钢铁,20040629,SSE,主板,bundled_seed,2026-06-02
600023,浙能电力,20131219,SSE,主板,bundled_seed,2026-06-02
600025,华能水电,20171215,SSE,主板,bundled_seed,2026-06-02
600026,中远海能,20020523,SSE,主板,bundled_seed,2026-06-02
600027,华电国际,20050203,SSE,主板,bundled_seed,2026-06-02
600028,中国石化,20010808,SSE,主板,bundled_seed,2026-06-02
600029,南方航空,20030725,SSE,主板,bundled_seed,2026-06-02
600030,中信证券,20030106,SSE,主板,bundled_seed,2026-06-02
600031,三一重工,20030703,SSE,主板,bundled_seed,2026-06-02
600032,浙江新能,20210525,SSE,主板,bundled_seed,2026-06-02
600033,福建高速,20010209,SSE,主板,bundled_seed,2026-06-02
600035,楚天高速,20040310,SSE,主板,bundled_seed,2026-06-02
600036,招商银行,20020409,SSE,主板,bundled_seed,2026-06-02
600037,歌华有线,20010208,SSE,主板,bundled_seed,2026-06-02
600038,中直股份,20001218,SSE,主板,bundled_seed,2026-06-02
600039,四川路桥,20030325,SSE,主板,bundled_seed,2026-06-02
600048,保利发展,20060731,SSE,主板,bundled_seed,2026-06-02
600050,中国联通,20021009,SSE,主板,bundled_seed,2026-06-02
600051,宁波联合,19970410,SSE,主板,bundled_seed,2026-06-02
600052,东望时代,19970415,SSE,主板,bundled_seed,2026-06-02
600053,*ST九鼎,19970418,SSE,主板,bundled_seed,2026-06-02
600054,黄山旅游,19970506,SSE,主板,bundled_seed,2026-06-02
600055,万东医疗,19970519,SSE,主板,bundled_seed,2026-06-02
600056,中国医药,19970515,SSE,主板,bundled_seed,2026-06-02
600057,厦门象屿,19970604,SSE,主板,bundled_seed,2026-06-02
600058,五矿发展,19970528,SSE,主板,bundled_seed,2026-06-02
600059,古越龙山,19970516,SSE,主板,bundled_seed,2026-06-02
600060,海信视像,19970422,SSE,主板,bundled_seed,2026-06-02
600061,国投资本,19970519,SSE,主板,bundled_seed,2026-06-02
600062,华润双鹤,19970522,SSE,主板,bundled_seed,2026-06-02
600063,皖维高新,19970528,SSE,主板,bundled_seed,2026-06-02
600064,南京高科,19970506,SSE,主板,bundled_seed,2026-06-02
600066,宇通客车,19970508,SSE,主板,bundled_seed,2026-06-02
600067,冠城新材,19970508,SSE,主板,bundled_seed,2026-06-02
600071,凤凰光学,19970528,SSE,主板,bundled_seed,2026-06-02
600072,中船科技,19970603,SSE,主板,bundled_seed,2026-06-02
600073,光明肉业,19970704,SSE,主板,bundled_seed,2026-06-02
600075,新疆天业,19970617,SSE,主板,bundled_seed,2026-06-02
600076,康欣新材,19970526,SSE,主板,bundled_seed,2026-06-02
600078,澄星股份,19970627,SSE,主板,bundled_seed,2026-06-02
600079,ST人福,19970606,SSE,主板,bundled_seed,2026-06-02
600080,ST金花,19970612,SSE,主板,bundled_seed,2026-06-02
600081,东风科技,19970703,SSE,主板,bundled_seed,2026-06-02
600082,ST海泰,19970620,SSE,主板,bundled_seed,2026-06-02
600084,*ST尼雅,19970711,SSE,主板,bundled_seed,2026-06-02
600085,同仁堂,19970625,SSE,主板,bundled_seed,2026-06-02
600088,中视传媒,19970616,SSE,主板,bundled_seed,2026-06-02
600089,特变电工,19970618,SSE,主板,bundled_seed,2026-06-02
600094,大名城,19970703,SSE,主板,bundled_seed,2026-06-02
600095,湘财股份,19970708,SSE,主板,bundled_seed,2026-06-02
600096,云天化,19970709,SSE,主板,bundled_seed,2026-06-02
600097,开创国际,19970619,SSE,主板,bundled_seed,2026-06-02
600098,广州发展,19970718,SSE,主板,bundled_seed,2026-06-02
600099,林海股份,19970704,SSE,主板,bundled_seed,2026-06-02
600100,同方股份,19970627,SSE,主板,bundled_seed,2026-06-02
600101,明星电力,19970627,SSE,主板,bundled_seed,2026-06-02
600103,青山纸业,19970703,SSE,主板,bundled_seed,2026-06-02
600104,上汽集团,19971125,SSE,主板,bundled_seed,2026-06-02
600105,永鼎股份,19970929,SSE,主板,bundled_seed,2026-06-02
600106,重庆路桥,19970618,SSE,主板,bundled_seed,2026-06-02
600107,*ST尔雅,19971106,SSE,主板,bundled_seed,2026-06-02
600108,亚盛集团,19970818,SSE,主板,bundled_seed,2026-06-02
600109,国金证券,19970807,SSE,主板,bundled_seed,2026-06-02
600110,诺德股份,19971007,SSE,主板,bundled_seed,2026-06-02
600111,北方稀土,19970924,SSE,主板,bundled_seed,2026-06-02
600113,浙江东日,19971021,SSE,主板,bundled_seed,2026-06-02
600114,东睦股份,20040511,SSE,主板,bundled_seed,2026-06-02
600115,中国东航,19971105,SSE,主板,bundled_seed,2026-06-02
600116,三峡水利,19970804,SSE,主板,bundled_seed,2026-06-02
600117,西宁特钢,19971015,SSE,主板,bundled_seed,2026-06-02
600118,中国卫星,19970908,SSE,主板,bundled_seed,2026-06-02
600119,*ST长投,19980115,SSE,主板,bundled_seed,2026-06-02
600120,浙江东方,19971201,SSE,主板,bundled_seed,2026-06-02
600121,郑州煤电,19980107,SSE,主板,bundled_seed,2026-06-02
600123,兰花科创,19981217,SSE,主板,bundled_seed,2026-06-02
600125,铁龙物流,19980511,SSE,主板,bundled_seed,2026-06-02
600126,杭钢股份,19980311,SSE,主板,bundled_seed,2026-06-02
600127,金健米业,19980506,SSE,主板,bundled_seed,2026-06-02
600128,苏豪弘业,19970901,SSE,主板,bundled_seed,2026-06-02
600129,太极集团,19971118,SSE,主板,bundled_seed,2026-06-02
600130,波导股份,20000706,SSE,主板,bundled_seed,2026-06-02
600131,国网信通,19980402,SSE,主板,bundled_seed,2026-06-02
600132,重庆啤酒,19971030,SSE,主板,bundled_seed,2026-06-02
600133,东湖高新,19980212,SSE,主板,bundled_seed,2026-06-02
600135,乐凯胶片,19980122,SSE,主板,bundled_seed,2026-06-02
600136,ST明诚,19980303,SSE,主板,bundled_seed,2026-06-02
600137,浪莎股份,19980416,SSE,主板,bundled_seed,2026-06-02
600138,中青旅,19971203,SSE,主板,bundled_seed,2026-06-02
600141,兴发集团,19990616,SSE,主板,bundled_seed,2026-06-02
600143,金发科技,20040623,SSE,主板,bundled_seed,2026-06-02
600148,长春一东,19980520,SSE,主板,bundled_seed,2026-06-02
600149,廊坊发展,19991014,SSE,主板,bundled_seed,2026-06-02
600150,中国船舶,19980520,SSE,主板,bundled_seed,2026-06-02
600151,航天机电,19980605,SSE,主板,bundled_seed,2026-06-02
600152,维科技术,19980609,SSE,主板,bundled_seed,2026-06-02
600153,建发股份,19980616,SSE,主板,bundled_seed,2026-06-02
600155,华创云信,19980918,SSE,主板,bundled_seed,2026-06-02
600156,华升股份,19980527,SSE,主板,bundled_seed,2026-06-02
600157,永泰能源,19980513,SSE,主板,bundled_seed,2026-06-02
600158,中体产业,19980327,SSE,主板,bundled_seed,2026-06-02
600159,大龙地产,19980526,SSE,主板,bundled_seed,2026-06-02
600160,巨化股份,19980626,SSE,主板,bundled_seed,2026-06-02
600161,天坛生物,19980616,SSE,主板,bundled_seed,2026-06-02
600162,香江控股,19980609,SSE,主板,bundled_seed,2026-06-02
600163,中闽能源,19980602,SSE,主板,bundled_seed,2026-06-02
600165,ST宁科,19980529,SSE,主板,bundled_seed,2026-06-02
600166,福田汽车,19980602,SSE,主板,bundled_seed,2026-06-02
600167,联美控股,19990128,SSE,主板,bundled_seed,2026-06-02
600168,武汉控股,19980427,SSE,主板,bundled_seed,2026-06-02
600169,ST太重,19980904,SSE,主板,bundled_seed,2026-06-02
600170,上海建工,19980623,SSE,主板,bundled_seed,2026-06-02
600171,上海贝岭,19980924,SSE,主板,bundled_seed,2026-06-02
600172,黄河旋风,19981126,SSE,主板,bundled_seed,2026-06-02
600173,卧龙新能,19990415,SSE,主板,bundled_seed,2026-06-02
600176,中国巨石,19990422,SSE,主板,bundled_seed,2026-06-02
600177,雅戈尔,19981119,SSE,主板,bundled_seed,2026-06-02
600178,东安动力,19981014,SSE,主板,bundled_seed,2026-06-02
600179,安通控股,19981104,SSE,主板,bundled_seed,2026-06-02
600180,*ST瑞茂,19980703,SSE,主板,bundled_seed,2026-06-02
600182,S佳通,19990507,SSE,主板,bundled_seed,2026-06-02
600183,生益科技,19981028,SSE,主板,bundled_seed,2026-06-02
600184,光电股份,20031106,SSE,主板,bundled_seed,2026-06-02
600185,珠免集团,19990611,SSE,主板,bundled_seed,2026-06-02
600186,莲花控股,19980825,SSE,主板,bundled_seed,2026-06-02
600187,*ST国中,19981111,SSE,主板,bundled_seed,2026-06-02
600188,兖矿能源,19980701,SSE,主板,bundled_seed,2026-06-02
600189,泉阳泉,19981007,SSE,主板,bundled_seed,2026-06-02
600191,华资实业,19981210,SSE,主板,bundled_seed,2026-06-02
600192,长城电工,19981224,SSE,主板,bundled_seed,2026-06-02
600193,*ST创兴,19990527,SSE,主板,bundled_seed,2026-06-02
600195,中牧股份,19990107,SSE,主板,bundled_seed,2026-06-02
600196,复星医药,19980807,SSE,主板,bundled_seed,2026-06-02
600197,伊力特,19990916,SSE,主板,bundled_seed,2026-06-02
600198,大唐电信,19981021,SSE,主板,bundled_seed,2026-06-02
600199,金种子酒,19980812,SSE,主板,bundled_seed,2026-06-02
600201,生物股份,19990115,SSE,主板,bundled_seed,2026-06-02
600202,哈空调,19990603,SSE,主板,bundled_seed,2026-06-02
600203,福日电子,19990514,SSE,主板,bundled_seed,2026-06-02
600206,有研新材,19990319,SSE,主板,bundled_seed,2026-06-02
600207,安彩高科,19990714,SSE,主板,bundled_seed,2026-06-02
600208,衢州发展,19990623,SSE,主板,bundled_seed,2026-06-02
600210,紫江企业,19990824,SSE,主板,bundled_seed,2026-06-02
600211,西藏药业,19990721,SSE,主板,bundled_seed,2026-06-02
600212,绿能慧充,19990817,SSE,主板,bundled_seed,2026-06-02
600215,派斯林,19990909,SSE,主板,bundled_seed,2026-06-02
600216,浙江医药,19991021,SSE,主板,bundled_seed,2026-06-02
600217,中再资环,19991216,SSE,主板,bundled_seed,2026-06-02
600218,全柴动力,19981203,SSE,主板,bundled_seed,2026-06-02
600219,南山铝业,19991223,SSE,主板,bundled_seed,2026-06-02
600221,海航控股,19991125,SSE,主板,bundled_seed,2026-06-02
600222,太龙药业,19991105,SSE,主板,bundled_seed,2026-06-02
600223,福瑞达,20000113,SSE,主板,bundled_seed,2026-06-02
600226,亨通股份,19991116,SSE,主板,bundled_seed,2026-06-02
600227,赤天化,20000221,SSE,主板,bundled_seed,2026-06-02
600228,*ST返利,19990119,SSE,主板,bundled_seed,2026-06-02
600229,城市传媒,20000309,SSE,主板,bundled_seed,2026-06-02
600230,沧州大化,20000406,SSE,主板,bundled_seed,2026-06-02
600231,凌钢股份,20000511,SSE,主板,bundled_seed,2026-06-02
600232,金鹰股份,20000602,SSE,主板,bundled_seed,2026-06-02
600233,圆通速递,20000608,SSE,主板,bundled_seed,2026-06-02
600234,科新发展,20000615,SSE,主板,bundled_seed,2026-06-02
600235,民丰特纸,20000615,SSE,主板,bundled_seed,2026-06-02
600236,桂冠电力,20000323,SSE,主板,bundled_seed,2026-06-02
600237,铜峰电子,20000609,SSE,主板,bundled_seed,2026-06-02
600238,*ST椰岛,20000120,SSE,主板,bundled_seed,2026-06-02
600239,ST云城,19991202,SSE,主板,bundled_seed,2026-06-02
600241,时代万恒,20001128,SSE,主板,bundled_seed,2026-06-02
600243,*ST海华,20001120,SSE,主板,bundled_seed,2026-06-02
600246,万通发展,20000922,SSE,主板,bundled_seed,2026-06-02
600248,陕建股份,20000622,SSE,主板,bundled_seed,2026-06-02
600249,两面针,20040130,SSE,主板,bundled_seed,2026-06-02
600250,南京商旅,20010306,SSE,主板,bundled_seed,2026-06-02
600251,冠农股份,20030609,SSE,主板,bundled_seed,2026-06-02
600252,中恒集团,20001130,SSE,主板,bundled_seed,2026-06-02
600255,鑫科材料,20001122,SSE,主板,bundled_seed,2026-06-02
600256,广汇能源,20000526,SSE,主板,bundled_seed,2026-06-02
600257,大湖股份,20000612,SSE,主板,bundled_seed,2026-06-02
600258,首旅酒店,20000601,SSE,主板,bundled_seed,2026-06-02
600259,中稀有色,20000525,SSE,主板,bundled_seed,2026-06-02
600261,阳光照明,20000720,SSE,主板,bundled_seed,2026-06-02
600262,北方股份,20000630,SSE,主板,bundled_seed,2026-06-02
600265,*ST景谷,20000825,SSE,主板,bundled_seed,2026-06-02
600266,城建发展,19990203,SSE,主板,bundled_seed,2026-06-02
600267,海正药业,20000725,SSE,主板,bundled_seed,2026-06-02
600268,国电南自,19991118,SSE,主板,bundled_seed,2026-06-02
600269,赣粤高速,20000518,SSE,主板,bundled_seed,2026-06-02
600271,航天信息,20030711,SSE,主板,bundled_seed,2026-06-02
600272,开开实业,20010228,SSE,主板,bundled_seed,2026-06-02
600273,嘉化能源,20030627,SSE,主板,bundled_seed,2026-06-02
600276,恒瑞医药,20001018,SSE,主板,bundled_seed,2026-06-02
600278,东方创业,20000712,SSE,主板,bundled_seed,2026-06-02
600279,重庆港,20000731,SSE,主板,bundled_seed,2026-06-02
600280,中央商场,20000926,SSE,主板,bundled_seed,2026-06-02
600281,华阳新材,20001109,SSE,主板,bundled_seed,2026-06-02
600282,南钢股份,20000919,SSE,主板,bundled_seed,2026-06-02
600283,钱江水利,20001018,SSE,主板,bundled_seed,2026-06-02
600284,浦东建设,20040316,SSE,主板,bundled_seed,2026-06-02
600285,羚锐制药,20001018,SSE,主板,bundled_seed,2026-06-02
600287,苏豪时尚,20000901,SSE,主板,bundled_seed,2026-06-02
600288,大恒科技,20001129,SSE,主板,bundled_seed,2026-06-02
600289,ST信通,20000720,SSE,主板,bundled_seed,2026-06-02
600292,电投水电,20001101,SSE,主板,bundled_seed,2026-06-02
600293,三峡新材,20000919,SSE,主板,bundled_seed,2026-06-02
600295,鄂尔多斯,20010426,SSE,主板,bundled_seed,2026-06-02
600298,安琪酵母,20000818,SSE,主板,bundled_seed,2026-06-02
600299,安迪苏,20000420,SSE,主板,bundled_seed,2026-06-02
600300,维维股份,20000630,SSE,主板,bundled_seed,2026-06-02
600301,华锡有色,20000712,SSE,主板,bundled_seed,2026-06-02
600302,ST标准,20001213,SSE,主板,bundled_seed,2026-06-02
600303,曙光股份,20001226,SSE,主板,bundled_seed,2026-06-02
600305,恒顺醋业,20010206,SSE,主板,bundled_seed,2026-06-02
600307,酒钢宏兴,20001220,SSE,主板,bundled_seed,2026-06-02
600308,华泰股份,20000928,SSE,主板,bundled_seed,2026-06-02
600309,万华化学,20010105,SSE,主板,bundled_seed,2026-06-02
600310,广西能源,20010228,SSE,主板,bundled_seed,2026-06-02
600312,平高电气,20010221,SSE,主板,bundled_seed,2026-06-02
600313,农发种业,20010119,SSE,主板,bundled_seed,2026-06-02
600315,上海家化,20010315,SSE,主板,bundled_seed,2026-06-02
600316,洪都航空,20001215,SSE,主板,bundled_seed,2026-06-02
600318,新力金融,20001208,SSE,主板,bundled_seed,2026-06-02
600319,亚星化学,20010326,SSE,主板,bundled_seed,2026-06-02
600320,振华重工,20001221,SSE,主板,bundled_seed,2026-06-02
600322,津投城开,20010910,SSE,主板,bundled_seed,2026-06-02
600323,瀚蓝环境,20001225,SSE,主板,bundled_seed,2026-06-02
600325,华发股份,20040225,SSE,主板,bundled_seed,2026-06-02
600326,西藏天路,20010116,SSE,主板,bundled_seed,2026-06-02
600327,大东方,20020625,SSE,主板,bundled_seed,2026-06-02
600328,中盐化工,20001222,SSE,主板,bundled_seed,2026-06-02
600329,达仁堂,20010606,SSE,主板,bundled_seed,2026-06-02
600330,天通股份,20010118,SSE,主板,bundled_seed,2026-06-02
600331,宏达股份,20011220,SSE,主板,bundled_seed,2026-06-02
600332,白云山,20010206,SSE,主板,bundled_seed,2026-06-02
600333,长春燃气,20001211,SSE,主板,bundled_seed,2026-06-02
600335,国机汽车,20010305,SSE,主板,bundled_seed,2026-06-02
600336,澳柯玛,20001229,SSE,主板,bundled_seed,2026-06-02
600337,ST美克,20001127,SSE,主板,bundled_seed,2026-06-02
600338,西藏珠峰,20001227,SSE,主板,bundled_seed,2026-06-02
600339,中油工程,20001225,SSE,主板,bundled_seed,2026-06-02
600340,*ST华幸,20031230,SSE,主板,bundled_seed,2026-06-02
600343,航天动力,20030408,SSE,主板,bundled_seed,2026-06-02
600345,长江通信,20001222,SSE,主板,bundled_seed,2026-06-02
600346,恒力石化,20010820,SSE,主板,bundled_seed,2026-06-02
600348,华阳股份,20030821,SSE,主板,bundled_seed,2026-06-02
600350,山东高速,20020318,SSE,主板,bundled_seed,2026-06-02
600351,亚宝药业,20020926,SSE,主板,bundled_seed,2026-06-02
600352,浙江龙盛,20030801,SSE,主板,bundled_seed,2026-06-02
600353,旭光电子,20021120,SSE,主板,bundled_seed,2026-06-02
600354,敦煌种业,20040115,SSE,主板,bundled_seed,2026-06-02
600356,恒丰纸业,20010419,SSE,主板,bundled_seed,2026-06-02
600358,国旅联合,20000922,SSE,主板,bundled_seed,2026-06-02
600359,新农开发,19990429,SSE,主板,bundled_seed,2026-06-02
600360,华微电子,20010316,SSE,主板,bundled_seed,2026-06-02
600361,创新新材,20011129,SSE,主板,bundled_seed,2026-06-02
600362,江西铜业,20020111,SSE,主板,bundled_seed,2026-06-02
600363,联创光电,20010329,SSE,主板,bundled_seed,2026-06-02
600365,ST通葡,20010115,SSE,主板,bundled_seed,2026-06-02
600366,宁波韵升,20001030,SSE,主板,bundled_seed,2026-06-02
600367,红星发展,20010320,SSE,主板,bundled_seed,2026-06-02
600368,五洲交通,20001221,SSE,主板,bundled_seed,2026-06-02
600369,西南证券,20010109,SSE,主板,bundled_seed,2026-06-02
600370,*ST三房,20030306,SSE,主板,bundled_seed,2026-06-02
600371,万向德农,20020916,SSE,主板,bundled_seed,2026-06-02
600372,中航机载,20010706,SSE,主板,bundled_seed,2026-06-02
600373,中文传媒,20020304,SSE,主板,bundled_seed,2026-06-02
600375,汉马科技,20030401,SSE,主板,bundled_seed,2026-06-02
600376,首开股份,20010312,SSE,主板,bundled_seed,2026-06-02
600377,宁沪高速,20010116,SSE,主板,bundled_seed,2026-06-02
600378,昊华科技,20010111,SSE,主板,bundled_seed,2026-06-02
600379,宝光股份,20020116,SSE,主板,bundled_seed,2026-06-02
600380,健康元,20010608,SSE,主板,bundled_seed,2026-06-02
600381,*ST春天,20010508,SSE,主板,bundled_seed,2026-06-02
600382,广东明珠,20010118,SSE,主板,bundled_seed,2026-06-02
600383,金地集团,20010412,SSE,主板,bundled_seed,2026-06-02
600386,北巴传媒,20010216,SSE,主板,bundled_seed,2026-06-02
600388,龙净环保,20001229,SSE,主板,bundled_seed,2026-06-02
600389,江山股份,20010110,SSE,主板,bundled_seed,2026-06-02
600390,五矿资本,20010115,SSE,主板,bundled_seed,2026-06-02
600391,航发科技,20011212,SSE,主板,bundled_seed,2026-06-02
600392,盛和资源,20030529,SSE,主板,bundled_seed,2026-06-02
600395,盘江股份,20010531,SSE,主板,bundled_seed,2026-06-02
600396,华电辽能,20010328,SSE,主板,bundled_seed,2026-06-02
600397,江钨装备,20020702,SSE,主板,bundled_seed,2026-06-02
600398,海澜之家,20001228,SSE,主板,bundled_seed,2026-06-02
600399,抚顺特钢,20001229,SSE,主板,bundled_seed,2026-06-02
600400,红豆股份,20010108,SSE,主板,bundled_seed,2026-06-02
600403,大有能源,20031009,SSE,主板,bundled_seed,2026-06-02
600405,动力源,20040401,SSE,主板,bundled_seed,2026-06-02
600406,国电南瑞,20031016,SSE,主板,bundled_seed,2026-06-02
600408,安泰集团,20030212,SSE,主板,bundled_seed,2026-06-02
600409,三友化工,20030618,SSE,主板,bundled_seed,2026-06-02
600410,华胜天成,20040427,SSE,主板,bundled_seed,2026-06-02
600415,小商品城,20020509,SSE,主板,bundled_seed,2026-06-02
600416,湘电股份,20020718,SSE,主板,bundled_seed,2026-06-02
600418,江淮汽车,20010824,SSE,主板,bundled_seed,2026-06-02
600419,天润乳业,20010628,SSE,主板,bundled_seed,2026-06-02
600420,国药现代,20040616,SSE,主板,bundled_seed,2026-06-02
600421,退市华嵘,20040607,SSE,主板,bundled_seed,2026-06-02
600422,昆药集团,20001206,SSE,主板,bundled_seed,2026-06-02
600423,*ST柳化,20030717,SSE,主板,bundled_seed,2026-06-02
600425,青松建化,20030724,SSE,主板,bundled_seed,2026-06-02
600426,华鲁恒升,20020620,SSE,主板,bundled_seed,2026-06-02
600428,中远海特,20020418,SSE,主板,bundled_seed,2026-06-02
600429,三元股份,20030915,SSE,主板,bundled_seed,2026-06-02
600433,冠豪高新,20030619,SSE,主板,bundled_seed,2026-06-02
600435,北方导航,20030704,SSE,主板,bundled_seed,2026-06-02
600436,片仔癀,20030616,SSE,主板,bundled_seed,2026-06-02
600438,通威股份,20040302,SSE,主板,bundled_seed,2026-06-02
600439,瑞贝卡,20030710,SSE,主板,bundled_seed,2026-06-02
600444,国机通用,20040219,SSE,主板,bundled_seed,2026-06-02
600446,金证股份,20031224,SSE,主板,bundled_seed,2026-06-02
600448,华纺股份,20010903,SSE,主板,bundled_seed,2026-06-02
600449,宁夏建材,20030829,SSE,主板,bundled_seed,2026-06-02
600452,涪陵电力,20040303,SSE,主板,bundled_seed,2026-06-02
600455,博通股份,20040329,SSE,主板,bundled_seed,2026-06-02
600456,宝钛股份,20020412,SSE,主板,bundled_seed,2026-06-02
600458,时代新材,20021219,SSE,主板,bundled_seed,2026-06-02
600459,贵研铂业,20030516,SSE,主板,bundled_seed,2026-06-02
600460,士兰微,20030311,SSE,主板,bundled_seed,2026-06-02
600461,洪城环境,20040601,SSE,主板,bundled_seed,2026-06-02
600463,空港股份,20040318,SSE,主板,bundled_seed,2026-06-02
600467,好当家,20040405,SSE,主板,bundled_seed,2026-06-02
600468,百利电气,20010615,SSE,主板,bundled_seed,2026-06-02
600469,风神股份,20031021,SSE,主板,bundled_seed,2026-06-02
600470,六国化工,20040305,SSE,主板,bundled_seed,2026-06-02
600475,华光环能,20030721,SSE,主板,bundled_seed,2026-06-02
600476,*ST湘邮,20031210,SSE,主板,bundled_seed,2026-06-02
600477,杭萧钢构,20031110,SSE,主板,bundled_seed,2026-06-02
600478,科力远,20030918,SSE,主板,bundled_seed,2026-06-02
600479,千金药业,20040312,SSE,主板,bundled_seed,2026-06-02
600480,凌云股份,20030815,SSE,主板,bundled_seed,2026-06-02
600481,双良节能,20030422,SSE,主板,bundled_seed,2026-06-02
600482,中国动力,20040714,SSE,主板,bundled_seed,2026-06-02
600483,福能股份,20040531,SSE,主板,bundled_seed,2026-06-02
600486,扬农化工,20020425,SSE,主板,bundled_seed,2026-06-02
600487,亨通光电,20030822,SSE,主板,bundled_seed,2026-06-02
600488,津药药业,20010618,SSE,主板,bundled_seed,2026-06-02
600489,中金黄金,20030814,SSE,主板,bundled_seed,2026-06-02
600490,鹏欣资源,20030626,SSE,主板,bundled_seed,2026-06-02
600491,ST龙元,20040524,SSE,主板,bundled_seed,2026-06-02
600493,凤竹纺织,20040421,SSE,主板,bundled_seed,2026-06-02
600495,晋西车轴,20040526,SSE,主板,bundled_seed,2026-06-02
600496,精工钢构,20020605,SSE,主板,bundled_seed,2026-06-02
600497,驰宏锌锗,20040420,SSE,主板,bundled_seed,2026-06-02
600498,烽火通信,20010823,SSE,主板,bundled_seed,2026-06-02
600499,科达制造,20021010,SSE,主板,bundled_seed,2026-06-02
600500,中化国际,20000301,SSE,主板,bundled_seed,2026-06-02
600501,航天晨光,20010615,SSE,主板,bundled_seed,2026-06-02
600502,安徽建工,20030415,SSE,主板,bundled_seed,2026-06-02
600503,华丽家族,20020709,SSE,主板,bundled_seed,2026-06-02
600505,西昌电力,20020530,SSE,主板,bundled_seed,2026-06-02
600506,统一股份,20011226,SSE,主板,bundled_seed,2026-06-02
600507,方大特钢,20030930,SSE,主板,bundled_seed,2026-06-02
600508,上海能源,20010829,SSE,主板,bundled_seed,2026-06-02
600509,天富能源,20020228,SSE,主板,bundled_seed,2026-06-02
600510,黑牡丹,20020618,SSE,主板,bundled_seed,2026-06-02
600511,国药股份,20021127,SSE,主板,bundled_seed,2026-06-02
600512,腾达建设,20021226,SSE,主板,bundled_seed,2026-06-02
600513,联环药业,20030319,SSE,主板,bundled_seed,2026-06-02
600515,海南机场,20020806,SSE,主板,bundled_seed,2026-06-02
600516,方大炭素,20020830,SSE,主板,bundled_seed,2026-06-02
600517,国网英大,20031010,SSE,主板,bundled_seed,2026-06-02
600518,康美药业,20010319,SSE,主板,bundled_seed,2026-06-02
600519,贵州茅台,20010827,SSE,主板,bundled_seed,2026-06-02
600520,三佳科技,20020108,SSE,主板,bundled_seed,2026-06-02
600521,华海药业,20030304,SSE,主板,bundled_seed,2026-06-02
600522,中天科技,20021024,SSE,主板,bundled_seed,2026-06-02
600523,贵航股份,20011227,SSE,主板,bundled_seed,2026-06-02
600525,ST长园,20021202,SSE,主板,bundled_seed,2026-06-02
600526,菲达环保,20020722,SSE,主板,bundled_seed,2026-06-02
600527,江南高纤,20031127,SSE,主板,bundled_seed,2026-06-02
600528,中铁工业,20010528,SSE,主板,bundled_seed,2026-06-02
600529,山东药玻,20020603,SSE,主板,bundled_seed,2026-06-02
600530,交大昂立,20010702,SSE,主板,bundled_seed,2026-06-02
600531,豫光金铅,20020730,SSE,主板,bundled_seed,2026-06-02
600533,栖霞建设,20020328,SSE,主板,bundled_seed,2026-06-02
600535,天士力,20020823,SSE,主板,bundled_seed,2026-06-02
600536,中国软件,20020517,SSE,主板,bundled_seed,2026-06-02
600537,*ST亿晶,20030123,SSE,主板,bundled_seed,2026-06-02
600538,国发股份,20030114,SSE,主板,bundled_seed,2026-06-02
600539,狮头股份,20010824,SSE,主板,bundled_seed,2026-06-02
600540,新赛股份,20040107,SSE,主板,bundled_seed,2026-06-02
600543,*ST莫高,20040324,SSE,主板,bundled_seed,2026-06-02
600545,卓郎智能,20031203,SSE,主板,bundled_seed,2026-06-02
600546,山煤国际,20030731,SSE,主板,bundled_seed,2026-06-02
600547,山东黄金,20030828,SSE,主板,bundled_seed,2026-06-02
600548,深高速,20011225,SSE,主板,bundled_seed,2026-06-02
600549,厦门钨业,20021107,SSE,主板,bundled_seed,2026-06-02
600550,保变电气,20010228,SSE,主板,bundled_seed,2026-06-02
600551,时代出版,20020905,SSE,主板,bundled_seed,2026-06-02
600552,凯盛科技,20021108,SSE,主板,bundled_seed,2026-06-02
600556,天下秀,20010807,SSE,主板,bundled_seed,2026-06-02
600557,康缘药业,20020918,SSE,主板,bundled_seed,2026-06-02
600558,大西洋,20010227,SSE,主板,bundled_seed,2026-06-02
600559,老白干酒,20021029,SSE,主板,bundled_seed,2026-06-02
600560,金自天正,20020919,SSE,主板,bundled_seed,2026-06-02
600561,江西长运,20020716,SSE,主板,bundled_seed,2026-06-02
600562,国睿科技,20030128,SSE,主板,bundled_seed,2026-06-02
600563,法拉电子,20021210,SSE,主板,bundled_seed,2026-06-02
600566,济川药业,20010822,SSE,主板,bundled_seed,2026-06-02
600567,山鹰国际,20011218,SSE,主板,bundled_seed,2026-06-02
600568,ST中珠,20010518,SSE,主板,bundled_seed,2026-06-02
600569,安阳钢铁,20010820,SSE,主板,bundled_seed,2026-06-02
600570,恒生电子,20031216,SSE,主板,bundled_seed,2026-06-02
600571,信雅达,20021101,SSE,主板,bundled_seed,2026-06-02
600572,康恩贝,20040412,SSE,主板,bundled_seed,2026-06-02
600573,惠泉啤酒,20030226,SSE,主板,bundled_seed,2026-06-02
600575,淮河能源,20030328,SSE,主板,bundled_seed,2026-06-02
600576,祥源文旅,20030220,SSE,主板,bundled_seed,2026-06-02
600577,精达股份,20020911,SSE,主板,bundled_seed,2026-06-02
600578,京能电力,20020510,SSE,主板,bundled_seed,2026-06-02
600579,中化装备,20020809,SSE,主板,bundled_seed,2026-06-02
600580,卧龙电驱,20020606,SSE,主板,bundled_seed,2026-06-02
600581,*ST八钢,20020816,SSE,主板,bundled_seed,2026-06-02
600582,天地科技,20020515,SSE,主板,bundled_seed,2026-06-02
600583,海油工程,20020205,SSE,主板,bundled_seed,2026-06-02
600584,长电科技,20030603,SSE,主板,bundled_seed,2026-06-02
600585,海螺水泥,20020207,SSE,主板,bundled_seed,2026-06-02
600586,金晶科技,20020815,SSE,主板,bundled_seed,2026-06-02
600587,新华医疗,20020927,SSE,主板,bundled_seed,2026-06-02
600588,用友网络,20010518,SSE,主板,bundled_seed,2026-06-02
600589,大位科技,20010612,SSE,主板,bundled_seed,2026-06-02
600590,泰豪科技,20020703,SSE,主板,bundled_seed,2026-06-02
600592,龙溪股份,20020805,SSE,主板,bundled_seed,2026-06-02
600593,大连圣亚,20020711,SSE,主板,bundled_seed,2026-06-02
600594,益佰制药,20040323,SSE,主板,bundled_seed,2026-06-02
600595,中孚实业,20020626,SSE,主板,bundled_seed,2026-06-02
600596,新安股份,20010906,SSE,主板,bundled_seed,2026-06-02
600597,光明乳业,20020828,SSE,主板,bundled_seed,2026-06-02
600598,北大荒,20020329,SSE,主板,bundled_seed,2026-06-02
600599,退市熊猫,20010828,SSE,主板,bundled_seed,2026-06-02
600600,青岛啤酒,19930827,SSE,主板,bundled_seed,2026-06-02
600601,方正科技,19901219,SSE,主板,bundled_seed,2026-06-02
600602,云赛智联,19901219,SSE,主板,bundled_seed,2026-06-02
600603,广汇物流,19920113,SSE,主板,bundled_seed,2026-06-02
600604,市北高新,19920327,SSE,主板,bundled_seed,2026-06-02
600605,汇通能源,19920327,SSE,主板,bundled_seed,2026-06-02
600606,绿地控股,19920327,SSE,主板,bundled_seed,2026-06-02
600608,*ST沪科,19920327,SSE,主板,bundled_seed,2026-06-02
600609,金杯汽车,19920724,SSE,主板,bundled_seed,2026-06-02
600610,中毅达,19920805,SSE,主板,bundled_seed,2026-06-02
600611,大众交通,19920807,SSE,主板,bundled_seed,2026-06-02
600612,老凤祥,19920814,SSE,主板,bundled_seed,2026-06-02
600613,神奇制药,19920820,SSE,主板,bundled_seed,2026-06-02
600615,鑫源智造,19920910,SSE,主板,bundled_seed,2026-06-02
600616,金枫酒业,19920929,SSE,主板,bundled_seed,2026-06-02
600617,国新能源,19921013,SSE,主板,bundled_seed,2026-06-02
600618,氯碱化工,19921113,SSE,主板,bundled_seed,2026-06-02
600619,海立股份,19921116,SSE,主板,bundled_seed,2026-06-02
600620,天宸股份,19921117,SSE,主板,bundled_seed,2026-06-02
600621,华鑫股份,19921202,SSE,主板,bundled_seed,2026-06-02
600622,光大嘉宝,19921203,SSE,主板,bundled_seed,2026-06-02
600623,华谊集团,19921204,SSE,主板,bundled_seed,2026-06-02
600624,ST复华,19930105,SSE,主板,bundled_seed,2026-06-02
600626,申达股份,19930107,SSE,主板,bundled_seed,2026-06-02
600628,新世界,19930119,SSE,主板,bundled_seed,2026-06-02
600629,华建集团,19930209,SSE,主板,bundled_seed,2026-06-02
600630,龙头股份,19930209,SSE,主板,bundled_seed,2026-06-02
600633,浙数文化,19930304,SSE,主板,bundled_seed,2026-06-02
600635,大众公用,19930304,SSE,主板,bundled_seed,2026-06-02
600636,退市国化,19930316,SSE,主板,bundled_seed,2026-06-02
600637,东方明珠,19930316,SSE,主板,bundled_seed,2026-06-02
600638,新黄浦,19930326,SSE,主板,bundled_seed,2026-06-02
600639,浦东金桥,19930326,SSE,主板,bundled_seed,2026-06-02
600640,国脉文化,19930407,SSE,主板,bundled_seed,2026-06-02
600641,先导基电,19930407,SSE,主板,bundled_seed,2026-06-02
600642,申能股份,19930416,SSE,主板,bundled_seed,2026-06-02
600643,爱建集团,19930426,SSE,主板,bundled_seed,2026-06-02
600644,乐山电力,19930426,SSE,主板,bundled_seed,2026-06-02
600645,中源协和,19930504,SSE,主板,bundled_seed,2026-06-02
600648,外高桥,19930504,SSE,主板,bundled_seed,2026-06-02
600649,城投控股,19930518,SSE,主板,bundled_seed,2026-06-02
600650,锦江在线,19930607,SSE,主板,bundled_seed,2026-06-02
600651,飞乐音响,19901219,SSE,主板,bundled_seed,2026-06-02
600653,申华控股,19901219,SSE,主板,bundled_seed,2026-06-02
600654,中安科,19901219,SSE,主板,bundled_seed,2026-06-02
600655,豫园股份,19920902,SSE,主板,bundled_seed,2026-06-02
600657,信达地产,19930524,SSE,主板,bundled_seed,2026-06-02
600658,电子城,19930524,SSE,主板,bundled_seed,2026-06-02
600660,福耀玻璃,19930610,SSE,主板,bundled_seed,2026-06-02
600661,昂立教育,19930614,SSE,主板,bundled_seed,2026-06-02
600662,外服控股,19930614,SSE,主板,bundled_seed,2026-06-02
600663,陆家嘴,19930628,SSE,主板,bundled_seed,2026-06-02
600664,哈药股份,19930629,SSE,主板,bundled_seed,2026-06-02
600665,天地源,19930709,SSE,主板,bundled_seed,2026-06-02
600666,奥瑞德,19930712,SSE,主板,bundled_seed,2026-06-02
600667,太极实业,19930728,SSE,主板,bundled_seed,2026-06-02
600668,尖峰集团,19930728,SSE,主板,bundled_seed,2026-06-02
600671,天目药业,19930823,SSE,主板,bundled_seed,2026-06-02
600673,东阳光,19930917,SSE,主板,bundled_seed,2026-06-02
600674,川投能源,19930924,SSE,主板,bundled_seed,2026-06-02
600675,中华企业,19930924,SSE,主板,bundled_seed,2026-06-02
600676,交运股份,19930928,SSE,主板,bundled_seed,2026-06-02
600678,ST金顶,19931008,SSE,主板,bundled_seed,2026-06-02
600679,上海凤凰,19931008,SSE,主板,bundled_seed,2026-06-02
600681,百川能源,19931018,SSE,主板,bundled_seed,2026-06-02
600682,南京新百,19931018,SSE,主板,bundled_seed,2026-06-02
600683,京投发展,19931025,SSE,主板,bundled_seed,2026-06-02
600684,珠江股份,19931028,SSE,主板,bundled_seed,2026-06-02
600685,中船防务,19931028,SSE,主板,bundled_seed,2026-06-02
600686,金龙汽车,19931108,SSE,主板,bundled_seed,2026-06-02
600688,上海石化,19931108,SSE,主板,bundled_seed,2026-06-02
600689,上海三毛,19931108,SSE,主板,bundled_seed,2026-06-02
600690,海尔智家,19931119,SSE,主板,bundled_seed,2026-06-02
600691,潞化科技,19931119,SSE,主板,bundled_seed,2026-06-02
600692,亚通股份,19931119,SSE,主板,bundled_seed,2026-06-02
600693,东百集团,19931122,SSE,主板,bundled_seed,2026-06-02
600694,大商股份,19931122,SSE,主板,bundled_seed,2026-06-02
600696,退市岩石,19931206,SSE,主板,bundled_seed,2026-06-02
600697,欧亚集团,19931206,SSE,主板,bundled_seed,2026-06-02
600698,湖南天雁,19931206,SSE,主板,bundled_seed,2026-06-02
600699,均胜电子,19931206,SSE,主板,bundled_seed,2026-06-02
600702,舍得酒业,19960524,SSE,主板,bundled_seed,2026-06-02
600703,三安光电,19960528,SSE,主板,bundled_seed,2026-06-02
600704,物产中大,19960606,SSE,主板,bundled_seed,2026-06-02
600706,曲江文旅,19960516,SSE,主板,bundled_seed,2026-06-02
600707,彩虹股份,19960520,SSE,主板,bundled_seed,2026-06-02
600708,光明地产,19960606,SSE,主板,bundled_seed,2026-06-02
600710,苏美达,19960701,SSE,主板,bundled_seed,2026-06-02
600711,盛屯矿业,19960531,SSE,主板,bundled_seed,2026-06-02
600712,南宁百货,19960626,SSE,主板,bundled_seed,2026-06-02
600713,南京医药,19960701,SSE,主板,bundled_seed,2026-06-02
600714,金瑞矿业,19960606,SSE,主板,bundled_seed,2026-06-02
600715,文投控股,19960701,SSE,主板,bundled_seed,2026-06-02
600716,凤凰股份,19960702,SSE,主板,bundled_seed,2026-06-02
600717,天津港,19960614,SSE,主板,bundled_seed,2026-06-02
600718,东软集团,19960618,SSE,主板,bundled_seed,2026-06-02
600719,大连热电,19960716,SSE,主板,bundled_seed,2026-06-02
600720,中交设计,19960716,SSE,主板,bundled_seed,2026-06-02
600721,百花医药,19960626,SSE,主板,bundled_seed,2026-06-02
600722,金牛化工,19960626,SSE,主板,bundled_seed,2026-06-02
600724,宁波富达,19960716,SSE,主板,bundled_seed,2026-06-02
600725,云维股份,19960702,SSE,主板,bundled_seed,2026-06-02
600726,华电能源,19960701,SSE,主板,bundled_seed,2026-06-02
600727,鲁北化工,19960702,SSE,主板,bundled_seed,2026-06-02
600728,佳都科技,19960716,SSE,主板,bundled_seed,2026-06-02
600729,重百集团,19960702,SSE,主板,bundled_seed,2026-06-02
600730,*ST高科,19960726,SSE,主板,bundled_seed,2026-06-02
600731,湖南海利,19960802,SSE,主板,bundled_seed,2026-06-02
600732,爱旭股份,19960816,SSE,主板,bundled_seed,2026-06-02
600733,北汽蓝谷,19960816,SSE,主板,bundled_seed,2026-06-02
600734,*ST实达,19960808,SSE,主板,bundled_seed,2026-06-02
600735,ST新华锦,19960726,SSE,主板,bundled_seed,2026-06-02
600736,苏州高新,19960815,SSE,主板,bundled_seed,2026-06-02
600737,中粮糖业,19960731,SSE,主板,bundled_seed,2026-06-02
600738,丽尚国潮,19960802,SSE,主板,bundled_seed,2026-06-02
600739,辽宁成大,19960819,SSE,主板,bundled_seed,2026-06-02
600740,山西焦化,19960808,SSE,主板,bundled_seed,2026-06-02
600741,华域汽车,19960826,SSE,主板,bundled_seed,2026-06-02
600742,富维股份,19960826,SSE,主板,bundled_seed,2026-06-02
600743,华远控股,19960909,SSE,主板,bundled_seed,2026-06-02
600744,华银电力,19960905,SSE,主板,bundled_seed,2026-06-02
600745,*ST闻泰,19960828,SSE,主板,bundled_seed,2026-06-02
600746,江苏索普,19960918,SSE,主板,bundled_seed,2026-06-02
600748,上实发展,19960925,SSE,主板,bundled_seed,2026-06-02
600749,西藏旅游,19961015,SSE,主板,bundled_seed,2026-06-02
600750,华润江中,19960923,SSE,主板,bundled_seed,2026-06-02
600751,海航科技,19960909,SSE,主板,bundled_seed,2026-06-02
600753,*ST海钦,19960927,SSE,主板,bundled_seed,2026-06-02
600754,锦江酒店,19961011,SSE,主板,bundled_seed,2026-06-02
600755,厦门国贸,19961003,SSE,主板,bundled_seed,2026-06-02
600756,浪潮软件,19960923,SSE,主板,bundled_seed,2026-06-02
600757,长江传媒,19961003,SSE,主板,bundled_seed,2026-06-02
600758,辽宁能源,19961029,SSE,主板,bundled_seed,2026-06-02
600759,ST洲际,19961008,SSE,主板,bundled_seed,2026-06-02
600760,中航沈飞,19961011,SSE,主板,bundled_seed,2026-06-02
600761,安徽合力,19961009,SSE,主板,bundled_seed,2026-06-02
600763,通策医疗,19961030,SSE,主板,bundled_seed,2026-06-02
600764,中国海防,19961104,SSE,主板,bundled_seed,2026-06-02
600765,中航重机,19961106,SSE,主板,bundled_seed,2026-06-02
600768,宁波富邦,19961111,SSE,主板,bundled_seed,2026-06-02
600769,祥龙电业,19961101,SSE,主板,bundled_seed,2026-06-02
600770,综艺股份,19961120,SSE,主板,bundled_seed,2026-06-02
600771,广誉远,19961105,SSE,主板,bundled_seed,2026-06-02
600773,西藏城投,19961108,SSE,主板,bundled_seed,2026-06-02
600774,汉商集团,19961108,SSE,主板,bundled_seed,2026-06-02
600775,南京熊猫,19961118,SSE,主板,bundled_seed,2026-06-02
600776,东方通信,19961126,SSE,主板,bundled_seed,2026-06-02
600777,*ST新潮,19961121,SSE,主板,bundled_seed,2026-06-02
600778,友好集团,19961203,SSE,主板,bundled_seed,2026-06-02
600779,水井坊,19961206,SSE,主板,bundled_seed,2026-06-02
600780,通宝能源,19961205,SSE,主板,bundled_seed,2026-06-02
600782,新钢股份,19961225,SSE,主板,bundled_seed,2026-06-02
600783,鲁信创投,19961225,SSE,主板,bundled_seed,2026-06-02
600784,鲁银投资,19961225,SSE,主板,bundled_seed,2026-06-02
600785,新华百货,19970108,SSE,主板,bundled_seed,2026-06-02
600787,中储股份,19970121,SSE,主板,bundled_seed,2026-06-02
600789,鲁抗医药,19970226,SSE,主板,bundled_seed,2026-06-02
600790,轻纺城,19970228,SSE,主板,bundled_seed,2026-06-02
600791,京能置业,19970130,SSE,主板,bundled_seed,2026-06-02
600792,云煤能源,19970123,SSE,主板,bundled_seed,2026-06-02
600793,宜宾纸业,19970220,SSE,主板,bundled_seed,2026-06-02
600794,保税科技,19970306,SSE,主板,bundled_seed,2026-06-02
600795,国电电力,19970318,SSE,主板,bundled_seed,2026-06-02
600796,钱江生化,19970408,SSE,主板,bundled_seed,2026-06-02
600797,浙大网新,19970418,SSE,主板,bundled_seed,2026-06-02
600798,宁波海运,19970423,SSE,主板,bundled_seed,2026-06-02
600800,渤海化学,19931206,SSE,主板,bundled_seed,2026-06-02
600801,华新建材,19940103,SSE,主板,bundled_seed,2026-06-02
600802,福建水泥,19940103,SSE,主板,bundled_seed,2026-06-02
600803,新奥股份,19940103,SSE,主板,bundled_seed,2026-06-02
600805,悦达投资,19940103,SSE,主板,bundled_seed,2026-06-02
600807,济高发展,19940103,SSE,主板,bundled_seed,2026-06-02
600808,马钢股份,19940106,SSE,主板,bundled_seed,2026-06-02
600809,山西汾酒,19940106,SSE,主板,bundled_seed,2026-06-02
600810,神马股份,19940106,SSE,主板,bundled_seed,2026-06-02
600812,华北制药,19940114,SSE,主板,bundled_seed,2026-06-02
600814,杭州解百,19940114,SSE,主板,bundled_seed,2026-06-02
600815,厦工股份,19940128,SSE,主板,bundled_seed,2026-06-02
600816,建元信托,19940128,SSE,主板,bundled_seed,2026-06-02
600817,宇通重工,19940128,SSE,主板,bundled_seed,2026-06-02
600818,ST中路,19940128,SSE,主板,bundled_seed,2026-06-02
600819,耀皮玻璃,19940128,SSE,主板,bundled_seed,2026-06-02
600820,隧道股份,19940128,SSE,主板,bundled_seed,2026-06-02
600821,金开新能,19940128,SSE,主板,bundled_seed,2026-06-02
600822,上海物贸,19940204,SSE,主板,bundled_seed,2026-06-02
600824,益民集团,19940204,SSE,主板,bundled_seed,2026-06-02
600825,新华传媒,19940204,SSE,主板,bundled_seed,2026-06-02
600826,兰生股份,19940204,SSE,主板,bundled_seed,2026-06-02
600827,百联股份,19940204,SSE,主板,bundled_seed,2026-06-02
600828,茂业商业,19940224,SSE,主板,bundled_seed,2026-06-02
600829,人民同泰,19940224,SSE,主板,bundled_seed,2026-06-02
600830,香溢融通,19940224,SSE,主板,bundled_seed,2026-06-02
600831,广电网络,19940224,SSE,主板,bundled_seed,2026-06-02
600833,第一医药,19940224,SSE,主板,bundled_seed,2026-06-02
600834,申通地铁,19940224,SSE,主板,bundled_seed,2026-06-02
600835,上海机电,19940224,SSE,主板,bundled_seed,2026-06-02
600838,上海九百,19940224,SSE,主板,bundled_seed,2026-06-02
600839,四川长虹,19940311,SSE,主板,bundled_seed,2026-06-02
600841,动力新科,19940311,SSE,主板,bundled_seed,2026-06-02
600843,上工申贝,19940311,SSE,主板,bundled_seed,2026-06-02
600844,金煤科技,19940311,SSE,主板,bundled_seed,2026-06-02
600845,宝信软件,19940311,SSE,主板,bundled_seed,2026-06-02
600846,同济科技,19940311,SSE,主板,bundled_seed,2026-06-02
600847,万里股份,19940324,SSE,主板,bundled_seed,2026-06-02
600848,上海临港,19940324,SSE,主板,bundled_seed,2026-06-02
600850,电科数字,19940324,SSE,主板,bundled_seed,2026-06-02
600851,海欣股份,19940404,SSE,主板,bundled_seed,2026-06-02
600853,龙建股份,19940404,SSE,主板,bundled_seed,2026-06-02
600854,春兰股份,19940425,SSE,主板,bundled_seed,2026-06-02
600855,航天长峰,19940425,SSE,主板,bundled_seed,2026-06-02
600857,XD宁波中,19940425,SSE,主板,bundled_seed,2026-06-02
600858,银座股份,19940506,SSE,主板,bundled_seed,2026-06-02
600859,王府井,19940506,SSE,主板,bundled_seed,2026-06-02
600860,京城股份,19940506,SSE,主板,bundled_seed,2026-06-02
600861,北京人力,19940520,SSE,主板,bundled_seed,2026-06-02
600862,中航高科,19940520,SSE,主板,bundled_seed,2026-06-02
600863,华能蒙电,19940520,SSE,主板,bundled_seed,2026-06-02
600864,哈投股份,19940809,SSE,主板,bundled_seed,2026-06-02
600865,百大集团,19940809,SSE,主板,bundled_seed,2026-06-02
600866,星湖科技,19940818,SSE,主板,bundled_seed,2026-06-02
600867,通化东宝,19940824,SSE,主板,bundled_seed,2026-06-02
600868,梅雁吉祥,19940912,SSE,主板,bundled_seed,2026-06-02
600869,远东股份,19950206,SSE,主板,bundled_seed,2026-06-02
600871,石化油服,19950411,SSE,主板,bundled_seed,2026-06-02
600872,中炬高新,19950124,SSE,主板,bundled_seed,2026-06-02
600873,梅花生物,19950217,SSE,主板,bundled_seed,2026-06-02
600874,创业环保,19950630,SSE,主板,bundled_seed,2026-06-02
600875,东方电气,19951010,SSE,主板,bundled_seed,2026-06-02
600876,凯盛新能,19951031,SSE,主板,bundled_seed,2026-06-02
600877,电科芯片,19951013,SSE,主板,bundled_seed,2026-06-02
600879,航天电子,19951115,SSE,主板,bundled_seed,2026-06-02
600880,博瑞传播,19951115,SSE,主板,bundled_seed,2026-06-02
600881,亚泰集团,19951115,SSE,主板,bundled_seed,2026-06-02
600882,妙可蓝多,19951206,SSE,主板,bundled_seed,2026-06-02
600883,博闻科技,19951208,SSE,主板,bundled_seed,2026-06-02
600884,杉杉股份,19960130,SSE,主板,bundled_seed,2026-06-02
600885,宏发股份,19960205,SSE,主板,bundled_seed,2026-06-02
600886,国投电力,19960118,SSE,主板,bundled_seed,2026-06-02
600887,伊利股份,19960312,SSE,主板,bundled_seed,2026-06-02
600888,新疆众和,19960215,SSE,主板,bundled_seed,2026-06-02
600889,*ST京化,19960308,SSE,主板,bundled_seed,2026-06-02
600892,*ST大晟,19960315,SSE,主板,bundled_seed,2026-06-02
600893,航发动力,19960408,SSE,主板,bundled_seed,2026-06-02
600894,广日股份,19960328,SSE,主板,bundled_seed,2026-06-02
600895,张江高科,19960422,SSE,主板,bundled_seed,2026-06-02
600897,厦门空港,19960531,SSE,主板,bundled_seed,2026-06-02
600900,长江电力,20031118,SSE,主板,bundled_seed,2026-06-02
600901,江苏金租,20180301,SSE,主板,bundled_seed,2026-06-02
600903,贵州燃气,20171107,SSE,主板,bundled_seed,2026-06-02
600905,三峡能源,20210610,SSE,主板,bundled_seed,2026-06-02
600906,财达证券,20210507,SSE,主板,bundled_seed,2026-06-02
600908,无锡银行,20160923,SSE,主板,bundled_seed,2026-06-02
600909,华安证券,20161206,SSE,主板,bundled_seed,2026-06-02
600916,中国黄金,20210205,SSE,主板,bundled_seed,2026-06-02
600917,重庆燃气,20140930,SSE,主板,bundled_seed,2026-06-02
600918,中泰证券,20200603,SSE,主板,bundled_seed,2026-06-02
600919,江苏银行,20160802,SSE,主板,bundled_seed,2026-06-02
600925,苏能股份,20230329,SSE,主板,bundled_seed,2026-06-02
600926,杭州银行,20161027,SSE,主板,bundled_seed,2026-06-02
600927,永安期货,20211223,SSE,主板,bundled_seed,2026-06-02
600928,西安银行,20190301,SSE,主板,bundled_seed,2026-06-02
600929,雪天盐业,20180326,SSE,主板,bundled_seed,2026-06-02
600930,华电新能,20250716,SSE,主板,bundled_seed,2026-06-02
600933,爱柯迪,20171117,SSE,主板,bundled_seed,2026-06-02
600935,华塑股份,20211126,SSE,主板,bundled_seed,2026-06-02
600936,北投科技,20160815,SSE,主板,bundled_seed,2026-06-02
600938,中国海油,20220421,SSE,主板,bundled_seed,2026-06-02
600939,重庆建工,20170221,SSE,主板,bundled_seed,2026-06-02
600941,中国移动,20220105,SSE,主板,bundled_seed,2026-06-02
600955,维远股份,20210915,SSE,主板,bundled_seed,2026-06-02
600956,新天绿能,20200629,SSE,主板,bundled_seed,2026-06-02
600958,东方证券,20150323,SSE,主板,bundled_seed,2026-06-02
600959,江苏有线,20150428,SSE,主板,bundled_seed,2026-06-02
600960,渤海汽车,20040407,SSE,主板,bundled_seed,2026-06-02
600961,株冶集团,20040830,SSE,主板,bundled_seed,2026-06-02
600962,国投中鲁,20040622,SSE,主板,bundled_seed,2026-06-02
600963,岳阳林纸,20040525,SSE,主板,bundled_seed,2026-06-02
600965,*ST福成,20040713,SSE,主板,bundled_seed,2026-06-02
600966,博汇纸业,20040608,SSE,主板,bundled_seed,2026-06-02
600967,内蒙一机,20040518,SSE,主板,bundled_seed,2026-06-02
600968,海油发展,20190626,SSE,主板,bundled_seed,2026-06-02
600969,郴电国际,20040408,SSE,主板,bundled_seed,2026-06-02
600970,中材国际,20050412,SSE,主板,bundled_seed,2026-06-02
600971,恒源煤电,20040817,SSE,主板,bundled_seed,2026-06-02
600973,宝胜股份,20040802,SSE,主板,bundled_seed,2026-06-02
600975,新五丰,20040609,SSE,主板,bundled_seed,2026-06-02
600976,健民集团,20040419,SSE,主板,bundled_seed,2026-06-02
600977,中国电影,20160809,SSE,主板,bundled_seed,2026-06-02
600979,广安爱众,20040906,SSE,主板,bundled_seed,2026-06-02
600980,北矿科技,20040512,SSE,主板,bundled_seed,2026-06-02
600981,苏豪汇鸿,20040630,SSE,主板,bundled_seed,2026-06-02
600982,宁波能源,20040706,SSE,主板,bundled_seed,2026-06-02
600983,惠而浦,20040727,SSE,主板,bundled_seed,2026-06-02
600984,建设机械,20040707,SSE,主板,bundled_seed,2026-06-02
600985,淮北矿业,20040428,SSE,主板,bundled_seed,2026-06-02
600986,浙文互联,20040426,SSE,主板,bundled_seed,2026-06-02
600987,航民股份,20040809,SSE,主板,bundled_seed,2026-06-02
600988,赤峰黄金,20040414,SSE,主板,bundled_seed,2026-06-02
600989,宝丰能源,20190516,SSE,主板,bundled_seed,2026-06-02
600990,四创电子,20040510,SSE,主板,bundled_seed,2026-06-02
600992,贵绳股份,20040514,SSE,主板,bundled_seed,2026-06-02
600993,马应龙,20040517,SSE,主板,bundled_seed,2026-06-02
600995,南网储能,20040615,SSE,主板,bundled_seed,2026-06-02
600996,贵广网络,20161226,SSE,主板,bundled_seed,2026-06-02
600997,开滦股份,20040602,SSE,主板,bundled_seed,2026-06-02
600998,九州通,20101102,SSE,主板,bundled_seed,2026-06-02
600999,招商证券,20091117,SSE,主板,bundled_seed,2026-06-02
601000,唐山港,20100705,SSE,主板,bundled_seed,2026-06-02
601001,晋控煤业,20060623,SSE,主板,bundled_seed,2026-06-02
601002,晋亿实业,20070126,SSE,主板,bundled_seed,2026-06-02
601003,柳钢股份,20070227,SSE,主板,bundled_seed,2026-06-02
601005,重庆钢铁,20070228,SSE,主板,bundled_seed,2026-06-02
601006,大秦铁路,20060801,SSE,主板,bundled_seed,2026-06-02
601007,金陵饭店,20070406,SSE,主板,bundled_seed,2026-06-02
601008,连云港,20070426,SSE,主板,bundled_seed,2026-06-02
601009,南京银行,20070719,SSE,主板,bundled_seed,2026-06-02
601010,ST文峰,20110603,SSE,主板,bundled_seed,2026-06-02
601011,宝泰隆,20110309,SSE,主板,bundled_seed,2026-06-02
601012,隆基绿能,20120411,SSE,主板,bundled_seed,2026-06-02
601015,陕西黑猫,20141105,SSE,主板,bundled_seed,2026-06-02
601016,节能风电,20140929,SSE,主板,bundled_seed,2026-06-02
601018,宁波港,20100928,SSE,主板,bundled_seed,2026-06-02
601019,山东出版,20171122,SSE,主板,bundled_seed,2026-06-02
601020,华钰矿业,20160316,SSE,主板,bundled_seed,2026-06-02
601021,春秋航空,20150121,SSE,主板,bundled_seed,2026-06-02
601022,宁波远洋,20221208,SSE,主板,bundled_seed,2026-06-02
601026,道生天合,20251017,SSE,主板,bundled_seed,2026-06-02
601033,永兴股份,20240118,SSE,主板,bundled_seed,2026-06-02
601038,一拖股份,20120808,SSE,主板,bundled_seed,2026-06-02
601058,赛轮轮胎,20110630,SSE,主板,bundled_seed,2026-06-02
601059,信达证券,20230201,SSE,主板,bundled_seed,2026-06-02
601061,中信金属,20230410,SSE,主板,bundled_seed,2026-06-02
601065,江盐集团,20230410,SSE,主板,bundled_seed,2026-06-02
601066,中信建投,20180620,SSE,主板,bundled_seed,2026-06-02
601068,中铝国际,20180831,SSE,主板,bundled_seed,2026-06-02
601069,西部黄金,20150122,SSE,主板,bundled_seed,2026-06-02
601077,渝农商行,20191029,SSE,主板,bundled_seed,2026-06-02
601083,锦江航运,20231205,SSE,主板,bundled_seed,2026-06-02
601086,国芳集团,20170929,SSE,主板,bundled_seed,2026-06-02
601088,中国神华,20071009,SSE,主板,bundled_seed,2026-06-02
601089,福元医药,20220630,SSE,主板,bundled_seed,2026-06-02
601096,宏盛华源,20231222,SSE,主板,bundled_seed,2026-06-02
601098,中南传媒,20101028,SSE,主板,bundled_seed,2026-06-02
601099,太平洋,20071228,SSE,主板,bundled_seed,2026-06-02
601100,恒立液压,20111028,SSE,主板,bundled_seed,2026-06-02
601101,昊华能源,20100331,SSE,主板,bundled_seed,2026-06-02
601106,中国一重,20100209,SSE,主板,bundled_seed,2026-06-02
601107,四川成渝,20090727,SSE,主板,bundled_seed,2026-06-02
601108,财通证券,20171024,SSE,主板,bundled_seed,2026-06-02
601111,中国国航,20060818,SSE,主板,bundled_seed,2026-06-02
601112,振石股份,20260129,SSE,主板,bundled_seed,2026-06-02
601113,华鼎股份,20110509,SSE,主板,bundled_seed,2026-06-02
601116,三江购物,20110302,SSE,主板,bundled_seed,2026-06-02
601117,中国化学,20100107,SSE,主板,bundled_seed,2026-06-02
601118,海南橡胶,20110107,SSE,主板,bundled_seed,2026-06-02
601121,宝地矿业,20230310,SSE,主板,bundled_seed,2026-06-02
601126,四方股份,20101231,SSE,主板,bundled_seed,2026-06-02
601127,赛力斯,20160615,SSE,主板,bundled_seed,2026-06-02
601128,常熟银行,20160930,SSE,主板,bundled_seed,2026-06-02
601133,柏诚股份,20230410,SSE,主板,bundled_seed,2026-06-02
601136,首创证券,20221222,SSE,主板,bundled_seed,2026-06-02
601137,博威合金,20110127,SSE,主板,bundled_seed,2026-06-02
601138,工业富联,20180608,SSE,主板,bundled_seed,2026-06-02
601139,深圳燃气,20091225,SSE,主板,bundled_seed,2026-06-02
601155,新城控股,20151204,SSE,主板,bundled_seed,2026-06-02
601156,东航物流,20210609,SSE,主板,bundled_seed,2026-06-02
601158,重庆水务,20100329,SSE,主板,bundled_seed,2026-06-02
601162,天风证券,20181019,SSE,主板,bundled_seed,2026-06-02
601163,三角轮胎,20160909,SSE,主板,bundled_seed,2026-06-02
601166,兴业银行,20070205,SSE,主板,bundled_seed,2026-06-02
601168,西部矿业,20070712,SSE,主板,bundled_seed,2026-06-02
601169,北京银行,20070919,SSE,主板,bundled_seed,2026-06-02
601177,杭齿前进,20101011,SSE,主板,bundled_seed,2026-06-02
601179,中国西电,20100128,SSE,主板,bundled_seed,2026-06-02
601186,中国铁建,20080310,SSE,主板,bundled_seed,2026-06-02
601187,厦门银行,20201027,SSE,主板,bundled_seed,2026-06-02
601188,龙江交通,20100319,SSE,主板,bundled_seed,2026-06-02
601198,东兴证券,20150226,SSE,主板,bundled_seed,2026-06-02
601199,江南水务,20110317,SSE,主板,bundled_seed,2026-06-02
601200,上海环境,20170331,SSE,主板,bundled_seed,2026-06-02
601208,东材科技,20110520,SSE,主板,bundled_seed,2026-06-02
601211,国泰海通,20150626,SSE,主板,bundled_seed,2026-06-02
601212,白银有色,20170215,SSE,主板,bundled_seed,2026-06-02
601216,君正集团,20110222,SSE,主板,bundled_seed,2026-06-02
601218,吉鑫科技,20110506,SSE,主板,bundled_seed,2026-06-02
601222,林洋能源,20110808,SSE,主板,bundled_seed,2026-06-02
601225,陕西煤业,20140128,SSE,主板,bundled_seed,2026-06-02
601226,华电科工,20141211,SSE,主板,bundled_seed,2026-06-02
601228,广州港,20170329,SSE,主板,bundled_seed,2026-06-02
601229,上海银行,20161116,SSE,主板,bundled_seed,2026-06-02
601231,环旭电子,20120220,SSE,主板,bundled_seed,2026-06-02
601233,桐昆股份,20110518,SSE,主板,bundled_seed,2026-06-02
601236,红塔证券,20190705,SSE,主板,bundled_seed,2026-06-02
601238,广汽集团,20120329,SSE,主板,bundled_seed,2026-06-02
601279,英利汽车,20210415,SSE,主板,bundled_seed,2026-06-02
601288,农业银行,20100715,SSE,主板,bundled_seed,2026-06-02
601298,青岛港,20190121,SSE,主板,bundled_seed,2026-06-02
601311,骆驼股份,20110602,SSE,主板,bundled_seed,2026-06-02
601318,中国平安,20070301,SSE,主板,bundled_seed,2026-06-02
601319,中国人保,20181116,SSE,主板,bundled_seed,2026-06-02
601326,秦港股份,20170816,SSE,主板,bundled_seed,2026-06-02
601328,交通银行,20070515,SSE,主板,bundled_seed,2026-06-02
601330,绿色动力,20180611,SSE,主板,bundled_seed,2026-06-02
601333,广深铁路,20061222,SSE,主板,bundled_seed,2026-06-02
601336,新华保险,20111216,SSE,主板,bundled_seed,2026-06-02
601339,百隆东方,20120612,SSE,主板,bundled_seed,2026-06-02
601360,三六零,20120116,SSE,主板,bundled_seed,2026-06-02
601366,利群股份,20170412,SSE,主板,bundled_seed,2026-06-02
601368,绿城水务,20150612,SSE,主板,bundled_seed,2026-06-02
601369,陕鼓动力,20100428,SSE,主板,bundled_seed,2026-06-02
601375,中原证券,20170103,SSE,主板,bundled_seed,2026-06-02
601377,兴业证券,20101013,SSE,主板,bundled_seed,2026-06-02
601388,怡球资源,20120423,SSE,主板,bundled_seed,2026-06-02
601390,中国中铁,20071203,SSE,主板,bundled_seed,2026-06-02
601398,工商银行,20061027,SSE,主板,bundled_seed,2026-06-02
601399,国机重装,20200608,SSE,主板,bundled_seed,2026-06-02
601456,国联民生,20200731,SSE,主板,bundled_seed,2026-06-02
601500,通用股份,20160919,SSE,主板,bundled_seed,2026-06-02
601512,中新集团,20191220,SSE,主板,bundled_seed,2026-06-02
601515,衢州东峰,20120216,SSE,主板,bundled_seed,2026-06-02
601518,吉林高速,20100319,SSE,主板,bundled_seed,2026-06-02
601519,大智慧,20110128,SSE,主板,bundled_seed,2026-06-02
601528,瑞丰银行,20210625,SSE,主板,bundled_seed,2026-06-02
601555,东吴证券,20111212,SSE,主板,bundled_seed,2026-06-02
601566,九牧王,20110530,SSE,主板,bundled_seed,2026-06-02
601567,三星电气,20110615,SSE,主板,bundled_seed,2026-06-02
601568,北元化工,20201020,SSE,主板,bundled_seed,2026-06-02
601577,长沙银行,20180926,SSE,主板,bundled_seed,2026-06-02
601579,会稽山,20140825,SSE,主板,bundled_seed,2026-06-02
601588,北辰实业,20061016,SSE,主板,bundled_seed,2026-06-02
601595,上海电影,20160817,SSE,主板,bundled_seed,2026-06-02
601598,中国外运,20190118,SSE,主板,bundled_seed,2026-06-02
601599,浙文影业,20110527,SSE,主板,bundled_seed,2026-06-02
601600,中国铝业,20070430,SSE,主板,bundled_seed,2026-06-02
601601,中国太保,20071225,SSE,主板,bundled_seed,2026-06-02
601606,长城军工,20180806,SSE,主板,bundled_seed,2026-06-02
601607,上海医药,19940324,SSE,主板,bundled_seed,2026-06-02
601608,中信重工,20120706,SSE,主板,bundled_seed,2026-06-02
601609,金田股份,20200422,SSE,主板,bundled_seed,2026-06-02
601611,中国核建,20160606,SSE,主板,bundled_seed,2026-06-02
601615,明阳智能,20190123,SSE,主板,bundled_seed,2026-06-02
601616,广电电气,20110201,SSE,主板,bundled_seed,2026-06-02
601618,中国中冶,20090921,SSE,主板,bundled_seed,2026-06-02
601619,嘉泽新能,20170720,SSE,主板,bundled_seed,2026-06-02
601628,中国人寿,20070109,SSE,主板,bundled_seed,2026-06-02
601633,长城汽车,20110928,SSE,主板,bundled_seed,2026-06-02
601636,旗滨集团,20110812,SSE,主板,bundled_seed,2026-06-02
601658,邮储银行,20191210,SSE,主板,bundled_seed,2026-06-02
601665,齐鲁银行,20210618,SSE,主板,bundled_seed,2026-06-02
601666,平煤股份,20061123,SSE,主板,bundled_seed,2026-06-02
601668,中国建筑,20090729,SSE,主板,bundled_seed,2026-06-02
601669,中国电建,20111018,SSE,主板,bundled_seed,2026-06-02
601677,明泰铝业,20110919,SSE,主板,bundled_seed,2026-06-02
601678,XD滨化股,20100223,SSE,主板,bundled_seed,2026-06-02
601686,友发集团,20201204,SSE,主板,bundled_seed,2026-06-02
601688,华泰证券,20100226,SSE,主板,bundled_seed,2026-06-02
601689,拓普集团,20150319,SSE,主板,bundled_seed,2026-06-02
601696,中银证券,20200226,SSE,主板,bundled_seed,2026-06-02
601698,中国卫通,20190628,SSE,主板,bundled_seed,2026-06-02
601699,潞安环能,20060922,SSE,主板,bundled_seed,2026-06-02
601700,风范股份,20110118,SSE,主板,bundled_seed,2026-06-02
601702,华峰铝业,20200907,SSE,主板,bundled_seed,2026-06-02
601717,中创智领,20100803,SSE,主板,bundled_seed,2026-06-02
601718,ST际华,20100816,SSE,主板,bundled_seed,2026-06-02
601727,上海电气,20081205,SSE,主板,bundled_seed,2026-06-02
601728,中国电信,20210820,SSE,主板,bundled_seed,2026-06-02
601766,中国中车,20080818,SSE,主板,bundled_seed,2026-06-02
601777,千里科技,20101125,SSE,主板,bundled_seed,2026-06-02
601778,晶科科技,20200519,SSE,主板,bundled_seed,2026-06-02
601788,光大证券,20090818,SSE,主板,bundled_seed,2026-06-02
601789,宁波建工,20110816,SSE,主板,bundled_seed,2026-06-02
601798,蓝科高新,20110622,SSE,主板,bundled_seed,2026-06-02
601799,星宇股份,20110201,SSE,主板,bundled_seed,2026-06-02
601800,中国交建,20120309,SSE,主板,bundled_seed,2026-06-02
601801,皖新传媒,20100118,SSE,主板,bundled_seed,2026-06-02
601808,中海油服,20070928,SSE,主板,bundled_seed,2026-06-02
601811,新华文轩,20160808,SSE,主板,bundled_seed,2026-06-02
601816,京沪高铁,20200116,SSE,主板,bundled_seed,2026-06-02
601818,光大银行,20100818,SSE,主板,bundled_seed,2026-06-02
601825,沪农商行,20210819,SSE,主板,bundled_seed,2026-06-02
601827,三峰环境,20200605,SSE,主板,bundled_seed,2026-06-02
601828,美凯龙,20180117,SSE,主板,bundled_seed,2026-06-02
601838,成都银行,20180131,SSE,主板,bundled_seed,2026-06-02
601857,中国石油,20071105,SSE,主板,bundled_seed,2026-06-02
601858,中国科传,20170118,SSE,主板,bundled_seed,2026-06-02
601860,紫金银行,20190103,SSE,主板,bundled_seed,2026-06-02
601865,福莱特,20190215,SSE,主板,bundled_seed,2026-06-02
601866,中远海发,20071212,SSE,主板,bundled_seed,2026-06-02
601868,中国能建,20210928,SSE,主板,bundled_seed,2026-06-02
601869,长飞光纤,20180720,SSE,主板,bundled_seed,2026-06-02
601872,招商轮船,20061201,SSE,主板,bundled_seed,2026-06-02
601877,正泰电器,20100121,SSE,主板,bundled_seed,2026-06-02
601878,浙商证券,20170626,SSE,主板,bundled_seed,2026-06-02
601880,辽港股份,20101206,SSE,主板,bundled_seed,2026-06-02
601881,中国银河,20170123,SSE,主板,bundled_seed,2026-06-02
601882,海天精工,20161107,SSE,主板,bundled_seed,2026-06-02
601886,江河集团,20110818,SSE,主板,bundled_seed,2026-06-02
601888,中国中免,20091015,SSE,主板,bundled_seed,2026-06-02
601890,亚星锚链,20101228,SSE,主板,bundled_seed,2026-06-02
601898,中煤能源,20080201,SSE,主板,bundled_seed,2026-06-02
601899,紫金矿业,20080425,SSE,主板,bundled_seed,2026-06-02
601900,南方传媒,20160215,SSE,主板,bundled_seed,2026-06-02
601901,方正证券,20110810,SSE,主板,bundled_seed,2026-06-02
601908,京运通,20110908,SSE,主板,bundled_seed,2026-06-02
601916,浙商银行,20191126,SSE,主板,bundled_seed,2026-06-02
601918,新集能源,20071219,SSE,主板,bundled_seed,2026-06-02
601919,中远海控,20070626,SSE,主板,bundled_seed,2026-06-02
601921,浙版传媒,20210723,SSE,主板,bundled_seed,2026-06-02
601928,凤凰传媒,20111130,SSE,主板,bundled_seed,2026-06-02
601929,吉视传媒,20120223,SSE,主板,bundled_seed,2026-06-02
601933,永辉超市,20101215,SSE,主板,bundled_seed,2026-06-02
601939,建设银行,20070925,SSE,主板,bundled_seed,2026-06-02
601949,中国出版,20170821,SSE,主板,bundled_seed,2026-06-02
601952,苏垦农发,20170515,SSE,主板,bundled_seed,2026-06-02
601956,东贝集团,20201225,SSE,主板,bundled_seed,2026-06-02
601958,金钼股份,20080417,SSE,主板,bundled_seed,2026-06-02
601963,重庆银行,20210205,SSE,主板,bundled_seed,2026-06-02
601965,中国汽研,20120611,SSE,主板,bundled_seed,2026-06-02
601966,玲珑轮胎,20160706,SSE,主板,bundled_seed,2026-06-02
601968,宝钢包装,20150611,SSE,主板,bundled_seed,2026-06-02
601969,海南矿业,20141209,SSE,主板,bundled_seed,2026-06-02
601975,招商南油,20190108,SSE,主板,bundled_seed,2026-06-02
601985,中国核电,20150610,SSE,主板,bundled_seed,2026-06-02
601988,中国银行,20060705,SSE,主板,bundled_seed,2026-06-02
601990,南京证券,20180613,SSE,主板,bundled_seed,2026-06-02
601991,大唐发电,20061220,SSE,主板,bundled_seed,2026-06-02
601992,金隅集团,20110301,SSE,主板,bundled_seed,2026-06-02
601995,中金公司,20201102,SSE,主板,bundled_seed,2026-06-02
601996,丰林集团,20110929,SSE,主板,bundled_seed,2026-06-02
601997,贵阳银行,20160816,SSE,主板,bundled_seed,2026-06-02
601998,中信银行,20070427,SSE,主板,bundled_seed,2026-06-02
601999,出版传媒,20071221,SSE,主板,bundled_seed,2026-06-02
603000,人民网,20120427,SSE,主板,bundled_seed,2026-06-02
603001,奥康国际,20120426,SSE,主板,bundled_seed,2026-06-02
603002,宏昌电子,20120518,SSE,主板,bundled_seed,2026-06-02
603004,XD鼎龙科,20231227,SSE,主板,bundled_seed,2026-06-02
603005,晶方科技,20140210,SSE,主板,bundled_seed,2026-06-02
603006,联明股份,20140630,SSE,主板,bundled_seed,2026-06-02
603007,顺景科技,20160826,SSE,主板,bundled_seed,2026-06-02
603008,ST喜临门,20120717,SSE,主板,bundled_seed,2026-06-02
603009,北特科技,20140718,SSE,主板,bundled_seed,2026-06-02
603010,万盛股份,20141010,SSE,主板,bundled_seed,2026-06-02
603011,合锻智能,20141107,SSE,主板,bundled_seed,2026-06-02
603012,创力集团,20150320,SSE,主板,bundled_seed,2026-06-02
603013,亚普股份,20180509,SSE,主板,bundled_seed,2026-06-02
603014,XD威高血,20250519,SSE,主板,bundled_seed,2026-06-02
603015,弘讯科技,20150303,SSE,主板,bundled_seed,2026-06-02
603016,新宏泰,20160701,SSE,主板,bundled_seed,2026-06-02
603017,中衡设计,20141231,SSE,主板,bundled_seed,2026-06-02
603018,华设集团,20141013,SSE,主板,bundled_seed,2026-06-02
603019,XD中科曙,20141106,SSE,主板,bundled_seed,2026-06-02
603020,爱普股份,20150325,SSE,主板,bundled_seed,2026-06-02
603021,*ST华鹏,20150423,SSE,主板,bundled_seed,2026-06-02
603022,新通联,20150518,SSE,主板,bundled_seed,2026-06-02
603023,威帝股份,20150527,SSE,主板,bundled_seed,2026-06-02
603025,大豪科技,20150422,SSE,主板,bundled_seed,2026-06-02
603026,石大胜华,20150529,SSE,主板,bundled_seed,2026-06-02
603027,千禾味业,20160307,SSE,主板,bundled_seed,2026-06-02
603028,赛福天,20160331,SSE,主板,bundled_seed,2026-06-02
603029,天鹅股份,20160427,SSE,主板,bundled_seed,2026-06-02
603030,全筑股份,20150320,SSE,主板,bundled_seed,2026-06-02
603031,安孚科技,20160822,SSE,主板,bundled_seed,2026-06-02
603032,德新科技,20170105,SSE,主板,bundled_seed,2026-06-02
603033,三维股份,20161207,SSE,主板,bundled_seed,2026-06-02
603035,常熟汽饰,20170105,SSE,主板,bundled_seed,2026-06-02
603036,如通股份,20161209,SSE,主板,bundled_seed,2026-06-02
603037,凯众股份,20170120,SSE,主板,bundled_seed,2026-06-02
603038,华立股份,20170116,SSE,主板,bundled_seed,2026-06-02
603039,泛微网络,20170113,SSE,主板,bundled_seed,2026-06-02
603040,新坐标,20170209,SSE,主板,bundled_seed,2026-06-02
603041,美思德,20170330,SSE,主板,bundled_seed,2026-06-02
603042,华脉科技,20170602,SSE,主板,bundled_seed,2026-06-02
603043,广州酒家,20170627,SSE,主板,bundled_seed,2026-06-02
603045,福达合金,20180517,SSE,主板,bundled_seed,2026-06-02
603048,浙江黎明,20211116,SSE,主板,bundled_seed,2026-06-02
603049,中策橡胶,20250605,SSE,主板,bundled_seed,2026-06-02
603050,科林电气,20170414,SSE,主板,bundled_seed,2026-06-02
603051,鹿山新材,20220325,SSE,主板,bundled_seed,2026-06-02
603052,可川科技,20221011,SSE,主板,bundled_seed,2026-06-02
603053,成都燃气,20191217,SSE,主板,bundled_seed,2026-06-02
603055,台华新材,20170921,SSE,主板,bundled_seed,2026-06-02
603057,紫燕食品,20220926,SSE,主板,bundled_seed,2026-06-02
603058,永吉股份,20161223,SSE,主板,bundled_seed,2026-06-02
603059,倍加洁,20180302,SSE,主板,bundled_seed,2026-06-02
603060,国检集团,20161109,SSE,主板,bundled_seed,2026-06-02
603061,金海通,20230303,SSE,主板,bundled_seed,2026-06-02
603062,麦加芯彩,20231107,SSE,主板,bundled_seed,2026-06-02
603063,禾望电气,20170728,SSE,主板,bundled_seed,2026-06-02
603065,宿迁联盛,20230321,SSE,主板,bundled_seed,2026-06-02
603066,音飞储存,20150611,SSE,主板,bundled_seed,2026-06-02
603067,振华股份,20160913,SSE,主板,bundled_seed,2026-06-02
603068,博通集成,20190415,SSE,主板,bundled_seed,2026-06-02
603069,海汽集团,20160712,SSE,主板,bundled_seed,2026-06-02
603070,万控智造,20220310,SSE,主板,bundled_seed,2026-06-02
603071,物产环能,20211216,SSE,主板,bundled_seed,2026-06-02
603072,天和磁材,20250103,SSE,主板,bundled_seed,2026-06-02
603073,彩蝶实业,20230316,SSE,主板,bundled_seed,2026-06-02
603075,热威股份,20230911,SSE,主板,bundled_seed,2026-06-02
603076,乐惠国际,20171113,SSE,主板,bundled_seed,2026-06-02
603077,和邦生物,20120731,SSE,主板,bundled_seed,2026-06-02
603078,江化微,20170410,SSE,主板,bundled_seed,2026-06-02
603079,圣达生物,20170823,SSE,主板,bundled_seed,2026-06-02
603080,新疆火炬,20180103,SSE,主板,bundled_seed,2026-06-02
603081,大丰实业,20170420,SSE,主板,bundled_seed,2026-06-02
603082,北自科技,20240130,SSE,主板,bundled_seed,2026-06-02
603083,剑桥科技,20171110,SSE,主板,bundled_seed,2026-06-02
603085,天成自控,20150630,SSE,主板,bundled_seed,2026-06-02
603086,先达股份,20170511,SSE,主板,bundled_seed,2026-06-02
603087,甘李药业,20200629,SSE,主板,bundled_seed,2026-06-02
603088,宁波精达,20141111,SSE,主板,bundled_seed,2026-06-02
603089,正裕工业,20170126,SSE,主板,bundled_seed,2026-06-02
603090,宏盛股份,20160831,SSE,主板,bundled_seed,2026-06-02
603091,众鑫股份,20240920,SSE,主板,bundled_seed,2026-06-02
603092,德力佳,20251107,SSE,主板,bundled_seed,2026-06-02
603093,南华期货,20190830,SSE,主板,bundled_seed,2026-06-02
603095,越剑智能,20200415,SSE,主板,bundled_seed,2026-06-02
603096,新经典,20170425,SSE,主板,bundled_seed,2026-06-02
603097,江苏华辰,20220512,SSE,主板,bundled_seed,2026-06-02
603098,森特股份,20161216,SSE,主板,bundled_seed,2026-06-02
603099,长白山,20140822,SSE,主板,bundled_seed,2026-06-02
603100,川仪股份,20140805,SSE,主板,bundled_seed,2026-06-02
603101,汇嘉时代,20160506,SSE,主板,bundled_seed,2026-06-02
603102,百合股份,20220125,SSE,主板,bundled_seed,2026-06-02
603103,横店影视,20171012,SSE,主板,bundled_seed,2026-06-02
603105,XD芯能科,20180709,SSE,主板,bundled_seed,2026-06-02
603106,恒银科技,20170920,SSE,主板,bundled_seed,2026-06-02
603107,上海汽配,20231101,SSE,主板,bundled_seed,2026-06-02
603108,润达医疗,20150527,SSE,主板,bundled_seed,2026-06-02
603109,神驰机电,20191231,SSE,主板,bundled_seed,2026-06-02
603110,东方材料,20171013,SSE,主板,bundled_seed,2026-06-02
603111,康尼机电,20140801,SSE,主板,bundled_seed,2026-06-02
603112,华翔股份,20200917,SSE,主板,bundled_seed,2026-06-02
603113,金能科技,20170511,SSE,主板,bundled_seed,2026-06-02
603115,海星股份,20190809,SSE,主板,bundled_seed,2026-06-02
603116,红蜻蜓,20150629,SSE,主板,bundled_seed,2026-06-02
603117,万林物流,20150629,SSE,主板,bundled_seed,2026-06-02
603118,共进股份,20150225,SSE,主板,bundled_seed,2026-06-02
603119,浙江荣泰,20230801,SSE,主板,bundled_seed,2026-06-02
603120,肯特催化,20250416,SSE,主板,bundled_seed,2026-06-02
603121,华培动力,20190111,SSE,主板,bundled_seed,2026-06-02
603122,合富中国,20220216,SSE,主板,bundled_seed,2026-06-02
603123,翠微股份,20120503,SSE,主板,bundled_seed,2026-06-02
603124,江南新材,20250320,SSE,主板,bundled_seed,2026-06-02
603125,常青科技,20230410,SSE,主板,bundled_seed,2026-06-02
603126,中材节能,20140731,SSE,主板,bundled_seed,2026-06-02
603127,昭衍新药,20170825,SSE,主板,bundled_seed,2026-06-02
603128,华贸物流,20120529,SSE,主板,bundled_seed,2026-06-02
603129,春风动力,20170818,SSE,主板,bundled_seed,2026-06-02
603130,云中马,20221118,SSE,主板,bundled_seed,2026-06-02
603131,上海沪工,20160607,SSE,主板,bundled_seed,2026-06-02
603132,金徽股份,20220222,SSE,主板,bundled_seed,2026-06-02
603135,中重科技,20230410,SSE,主板,bundled_seed,2026-06-02
603136,XD天目湖,20170927,SSE,主板,bundled_seed,2026-06-02
603137,恒尚节能,20230419,SSE,主板,bundled_seed,2026-06-02
603138,海量数据,20170306,SSE,主板,bundled_seed,2026-06-02
603139,康惠股份,20170421,SSE,主板,bundled_seed,2026-06-02
603150,万朗磁塑,20220124,SSE,主板,bundled_seed,2026-06-02
603151,邦基科技,20221019,SSE,主板,bundled_seed,2026-06-02
603153,上海建科,20230313,SSE,主板,bundled_seed,2026-06-02
603155,新亚强,20200901,SSE,主板,bundled_seed,2026-06-02
603156,养元饮品,20180212,SSE,主板,bundled_seed,2026-06-02
603158,腾龙股份,20150320,SSE,主板,bundled_seed,2026-06-02
603159,上海亚虹,20160812,SSE,主板,bundled_seed,2026-06-02
603160,汇顶科技,20161017,SSE,主板,bundled_seed,2026-06-02
603161,科华控股,20180105,SSE,主板,bundled_seed,2026-06-02
603162,海通发展,20230329,SSE,主板,bundled_seed,2026-06-02
603163,圣晖集成,20221013,SSE,主板,bundled_seed,2026-06-02
603165,荣晟环保,20170117,SSE,主板,bundled_seed,2026-06-02
603166,福达股份,20141127,SSE,主板,bundled_seed,2026-06-02
603167,渤海轮渡,20120906,SSE,主板,bundled_seed,2026-06-02
603168,莎普爱思,20140702,SSE,主板,bundled_seed,2026-06-02
603169,兰石重装,20141009,SSE,主板,bundled_seed,2026-06-02
603170,宝立食品,20220715,SSE,主板,bundled_seed,2026-06-02
603171,税友股份,20210630,SSE,主板,bundled_seed,2026-06-02
603172,万丰股份,20230510,SSE,主板,bundled_seed,2026-06-02
603173,福斯达,20230130,SSE,主板,bundled_seed,2026-06-02
603175,超颖电子,20251024,SSE,主板,bundled_seed,2026-06-02
603176,汇通集团,20211231,SSE,主板,bundled_seed,2026-06-02
603177,德创环保,20170207,SSE,主板,bundled_seed,2026-06-02
603178,圣龙股份,20170328,SSE,主板,bundled_seed,2026-06-02
603179,新泉股份,20170317,SSE,主板,bundled_seed,2026-06-02
603180,金牌家居,20170512,SSE,主板,bundled_seed,2026-06-02
603181,皇马科技,20170824,SSE,主板,bundled_seed,2026-06-02
603182,嘉华股份,20220909,SSE,主板,bundled_seed,2026-06-02
603183,建研院,20170905,SSE,主板,bundled_seed,2026-06-02
603185,弘元绿能,20181228,SSE,主板,bundled_seed,2026-06-02
603186,华正新材,20170103,SSE,主板,bundled_seed,2026-06-02
603187,海容冷链,20181129,SSE,主板,bundled_seed,2026-06-02
603188,亚邦股份,20140909,SSE,主板,bundled_seed,2026-06-02
603189,*ST网达,20160914,SSE,主板,bundled_seed,2026-06-02
603190,亚通精工,20230217,SSE,主板,bundled_seed,2026-06-02
603191,望变电气,20220428,SSE,主板,bundled_seed,2026-06-02
603192,汇得科技,20180828,SSE,主板,bundled_seed,2026-06-02
603193,润本股份,20231017,SSE,主板,bundled_seed,2026-06-02
603194,中力股份,20241224,SSE,主板,bundled_seed,2026-06-02
603195,公牛集团,20200206,SSE,主板,bundled_seed,2026-06-02
603196,璞源材料,20170531,SSE,主板,bundled_seed,2026-06-02
603197,保隆科技,20170519,SSE,主板,bundled_seed,2026-06-02
603198,迎驾贡酒,20150528,SSE,主板,bundled_seed,2026-06-02
603199,九华旅游,20150326,SSE,主板,bundled_seed,2026-06-02
603200,上海洗霸,20170601,SSE,主板,bundled_seed,2026-06-02
603201,常润股份,20220729,SSE,主板,bundled_seed,2026-06-02
603202,天有为,20250424,SSE,主板,bundled_seed,2026-06-02
603203,快克智能,20161108,SSE,主板,bundled_seed,2026-06-02
603205,健尔康,20241107,SSE,主板,bundled_seed,2026-06-02
603206,嘉环科技,20220506,SSE,主板,bundled_seed,2026-06-02
603207,小方制药,20240826,SSE,主板,bundled_seed,2026-06-02
603208,江山欧派,20170210,SSE,主板,bundled_seed,2026-06-02
603209,兴通股份,20220324,SSE,主板,bundled_seed,2026-06-02
603210,泰鸿万立,20250409,SSE,主板,bundled_seed,2026-06-02
603211,晋拓股份,20220725,SSE,主板,bundled_seed,2026-06-02
603212,赛伍技术,20200430,SSE,主板,bundled_seed,2026-06-02
603213,镇洋发展,20211111,SSE,主板,bundled_seed,2026-06-02
603214,爱婴室,20180330,SSE,主板,bundled_seed,2026-06-02
603215,比依股份,20220218,SSE,主板,bundled_seed,2026-06-02
603216,梦天家居,20211215,SSE,主板,bundled_seed,2026-06-02
603217,元利科技,20190620,SSE,主板,bundled_seed,2026-06-02
603218,日月股份,20161228,SSE,主板,bundled_seed,2026-06-02
603219,富佳股份,20211122,SSE,主板,bundled_seed,2026-06-02
603220,中贝通信,20181115,SSE,主板,bundled_seed,2026-06-02
603221,爱丽家居,20200323,SSE,主板,bundled_seed,2026-06-02
603222,济民健康,20150217,SSE,主板,bundled_seed,2026-06-02
603223,恒通股份,20150630,SSE,主板,bundled_seed,2026-06-02
603225,新凤鸣,20170418,SSE,主板,bundled_seed,2026-06-02
603226,菲林格尔,20170615,SSE,主板,bundled_seed,2026-06-02
603227,雪峰科技,20150515,SSE,主板,bundled_seed,2026-06-02
603228,景旺电子,20170106,SSE,主板,bundled_seed,2026-06-02
603229,奥翔药业,20170509,SSE,主板,bundled_seed,2026-06-02
603230,内蒙新华,20211224,SSE,主板,bundled_seed,2026-06-02
603231,索宝蛋白,20231215,SSE,主板,bundled_seed,2026-06-02
603232,格尔软件,20170421,SSE,主板,bundled_seed,2026-06-02
603233,大参林,20170731,SSE,主板,bundled_seed,2026-06-02
603235,天新药业,20220712,SSE,主板,bundled_seed,2026-06-02
603236,移远通信,20190716,SSE,主板,bundled_seed,2026-06-02
603237,五芳斋,20220831,SSE,主板,bundled_seed,2026-06-02
603238,诺邦股份,20170222,SSE,主板,bundled_seed,2026-06-02
603239,浙江仙通,20161230,SSE,主板,bundled_seed,2026-06-02
603248,锡华科技,20251223,SSE,主板,bundled_seed,2026-06-02
603255,鼎际得,20220818,SSE,主板,bundled_seed,2026-06-02
603256,宏和科技,20190719,SSE,主板,bundled_seed,2026-06-02
603257,中国瑞林,20250408,SSE,主板,bundled_seed,2026-06-02
603258,电魂网络,20161026,SSE,主板,bundled_seed,2026-06-02
603259,XD药明康,20180508,SSE,主板,bundled_seed,2026-06-02
603260,合盛硅业,20171030,SSE,主板,bundled_seed,2026-06-02
603261,*ST立航,20220315,SSE,主板,bundled_seed,2026-06-02
603262,技源集团,20250723,SSE,主板,bundled_seed,2026-06-02
603266,天龙股份,20170110,SSE,主板,bundled_seed,2026-06-02
603267,鸿远电子,20190515,SSE,主板,bundled_seed,2026-06-02
603268,松发股份,20150319,SSE,主板,bundled_seed,2026-06-02
603269,海鸥股份,20170517,SSE,主板,bundled_seed,2026-06-02
603270,金帝股份,20230901,SSE,主板,bundled_seed,2026-06-02
603271,永杰新材,20250311,SSE,主板,bundled_seed,2026-06-02
603272,*ST联翔,20220520,SSE,主板,bundled_seed,2026-06-02
603273,天元智能,20231023,SSE,主板,bundled_seed,2026-06-02
603275,众辰科技,20230823,SSE,主板,bundled_seed,2026-06-02
603276,恒兴新材,20230925,SSE,主板,bundled_seed,2026-06-02
603277,银都股份,20170911,SSE,主板,bundled_seed,2026-06-02
603278,大业股份,20171113,SSE,主板,bundled_seed,2026-06-02
603279,景津装备,20190729,SSE,主板,bundled_seed,2026-06-02
603280,南方路机,20221108,SSE,主板,bundled_seed,2026-06-02
603281,江瀚新材,20230131,SSE,主板,bundled_seed,2026-06-02
603282,亚光股份,20230315,SSE,主板,bundled_seed,2026-06-02
603283,赛腾股份,20171225,SSE,主板,bundled_seed,2026-06-02
603284,林平发展,20260210,SSE,主板,bundled_seed,2026-06-02
603285,键邦股份,20240705,SSE,主板,bundled_seed,2026-06-02
603286,日盈电子,20170627,SSE,主板,bundled_seed,2026-06-02
603288,海天味业,20140211,SSE,主板,bundled_seed,2026-06-02
603289,泰瑞机器,20171031,SSE,主板,bundled_seed,2026-06-02
603290,斯达半导,20200204,SSE,主板,bundled_seed,2026-06-02
603291,联合水务,20230327,SSE,主板,bundled_seed,2026-06-02
603293,埃泰克,20260416,SSE,主板,bundled_seed,2026-06-02
603296,华勤技术,20230808,SSE,主板,bundled_seed,2026-06-02
603297,永新光学,20180910,SSE,主板,bundled_seed,2026-06-02
603298,XD杭叉集,20161227,SSE,主板,bundled_seed,2026-06-02
603299,苏盐井神,20151231,SSE,主板,bundled_seed,2026-06-02
603300,海南华铁,20150529,SSE,主板,bundled_seed,2026-06-02
603301,振德医疗,20180412,SSE,主板,bundled_seed,2026-06-02
603303,得邦照明,20170330,SSE,主板,bundled_seed,2026-06-02
603305,旭升集团,20170710,SSE,主板,bundled_seed,2026-06-02
603306,华懋科技,20140926,SSE,主板,bundled_seed,2026-06-02
603307,扬州金泉,20230216,SSE,主板,bundled_seed,2026-06-02
603308,应流股份,20140122,SSE,主板,bundled_seed,2026-06-02
603309,维力医疗,20150302,SSE,主板,bundled_seed,2026-06-02
603310,巍华新材,20240814,SSE,主板,bundled_seed,2026-06-02
603311,金海高科,20150518,SSE,主板,bundled_seed,2026-06-02
603312,西典新能,20240111,SSE,主板,bundled_seed,2026-06-02
603313,梦百合,20161013,SSE,主板,bundled_seed,2026-06-02
603315,福鞍股份,20150424,SSE,主板,bundled_seed,2026-06-02
603316,诚邦股份,20170619,SSE,主板,bundled_seed,2026-06-02
603317,天味食品,20190416,SSE,主板,bundled_seed,2026-06-02
603318,水发燃气,20150424,SSE,主板,bundled_seed,2026-06-02
603319,美湖股份,20161130,SSE,主板,bundled_seed,2026-06-02
603320,迪贝电气,20170502,SSE,主板,bundled_seed,2026-06-02
603321,梅轮电梯,20170915,SSE,主板,bundled_seed,2026-06-02
603322,超讯通信,20160728,SSE,主板,bundled_seed,2026-06-02
603323,苏农银行,20161129,SSE,主板,bundled_seed,2026-06-02
603324,盛剑科技,20210407,SSE,主板,bundled_seed,2026-06-02
603325,博隆技术,20240110,SSE,主板,bundled_seed,2026-06-02
603326,我乐家居,20170616,SSE,主板,bundled_seed,2026-06-02
603327,福蓉科技,20190523,SSE,主板,bundled_seed,2026-06-02
603328,依顿电子,20140701,SSE,主板,bundled_seed,2026-06-02
603329,上海雅仕,20171229,SSE,主板,bundled_seed,2026-06-02
603330,天洋新材,20170213,SSE,主板,bundled_seed,2026-06-02
603331,百达精工,20170705,SSE,主板,bundled_seed,2026-06-02
603332,苏州龙杰,20190117,SSE,主板,bundled_seed,2026-06-02
603333,尚纬股份,20120507,SSE,主板,bundled_seed,2026-06-02
603334,丰倍生物,20251105,SSE,主板,bundled_seed,2026-06-02
603335,迪生力,20170620,SSE,主板,bundled_seed,2026-06-02
603336,宏辉果蔬,20161124,SSE,主板,bundled_seed,2026-06-02
603337,杰克科技,20170119,SSE,主板,bundled_seed,2026-06-02
603338,浙江鼎力,20150325,SSE,主板,bundled_seed,2026-06-02
603339,四方科技,20160519,SSE,主板,bundled_seed,2026-06-02
603341,龙旗科技,20240301,SSE,主板,bundled_seed,2026-06-02
603344,星德胜,20240320,SSE,主板,bundled_seed,2026-06-02
603345,安井食品,20170222,SSE,主板,bundled_seed,2026-06-02
603348,文灿股份,20180426,SSE,主板,bundled_seed,2026-06-02
603350,安乃达,20240703,SSE,主板,bundled_seed,2026-06-02
603351,威尔药业,20190130,SSE,主板,bundled_seed,2026-06-02
603352,至信股份,20260115,SSE,主板,bundled_seed,2026-06-02
603353,和顺石油,20200407,SSE,主板,bundled_seed,2026-06-02
603355,莱克电气,20150513,SSE,主板,bundled_seed,2026-06-02
603356,华菱精工,20180124,SSE,主板,bundled_seed,2026-06-02
603357,设计总院,20170801,SSE,主板,bundled_seed,2026-06-02
603358,华达科技,20170125,SSE,主板,bundled_seed,2026-06-02
603359,*ST东珠,20170901,SSE,主板,bundled_seed,2026-06-02
603360,百傲化学,20170206,SSE,主板,bundled_seed,2026-06-02
603363,傲农生物,20170926,SSE,主板,bundled_seed,2026-06-02
603365,水星家纺,20171120,SSE,主板,bundled_seed,2026-06-02
603366,日出东方,20120521,SSE,主板,bundled_seed,2026-06-02
603367,辰欣药业,20170929,SSE,主板,bundled_seed,2026-06-02
603368,柳药集团,20141204,SSE,主板,bundled_seed,2026-06-02
603369,今世缘,20140703,SSE,主板,bundled_seed,2026-06-02
603370,华新精科,20250905,SSE,主板,bundled_seed,2026-06-02
603373,安邦护卫,20231220,SSE,主板,bundled_seed,2026-06-02
603375,盛景微,20240124,SSE,主板,bundled_seed,2026-06-02
603376,大明电子,20251106,SSE,主板,bundled_seed,2026-06-02
603377,ST东时,20160205,SSE,主板,bundled_seed,2026-06-02
603378,*ST亚士,20170928,SSE,主板,bundled_seed,2026-06-02
603379,三美股份,20190402,SSE,主板,bundled_seed,2026-06-02
603380,易德龙,20170622,SSE,主板,bundled_seed,2026-06-02
603381,永臻股份,20240626,SSE,主板,bundled_seed,2026-06-02
603382,海阳科技,20250612,SSE,主板,bundled_seed,2026-06-02
603383,顶点软件,20170522,SSE,主板,bundled_seed,2026-06-02
603385,惠达卫浴,20170405,SSE,主板,bundled_seed,2026-06-02
603386,骏亚科技,20170912,SSE,主板,bundled_seed,2026-06-02
603387,基蛋生物,20170717,SSE,主板,bundled_seed,2026-06-02
603389,*ST亚振,20161215,SSE,主板,bundled_seed,2026-06-02
603390,通达电气,20191125,SSE,主板,bundled_seed,2026-06-02
603391,力聚热能,20240731,SSE,主板,bundled_seed,2026-06-02
603392,万泰生物,20200429,SSE,主板,bundled_seed,2026-06-02
603393,新天然气,20160912,SSE,主板,bundled_seed,2026-06-02
603395,红四方,20241126,SSE,主板,bundled_seed,2026-06-02
603396,金辰股份,20171018,SSE,主板,bundled_seed,2026-06-02
603398,*ST沐邦,20151209,SSE,主板,bundled_seed,2026-06-02
603399,永杉锂业,20120824,SSE,主板,bundled_seed,2026-06-02
603400,华之杰,20250620,SSE,主板,bundled_seed,2026-06-02
603402,陕西旅游,20260106,SSE,主板,bundled_seed,2026-06-02
603406,天富龙,20250808,SSE,主板,bundled_seed,2026-06-02
603407,长裕集团,20260511,SSE,主板,bundled_seed,2026-06-02
603408,建霖家居,20200730,SSE,主板,bundled_seed,2026-06-02
603409,汇通控股,20250304,SSE,主板,bundled_seed,2026-06-02
603416,信捷电气,20161221,SSE,主板,bundled_seed,2026-06-02
603418,友升股份,20250923,SSE,主板,bundled_seed,2026-06-02
603421,鼎信通讯,20161011,SSE,主板,bundled_seed,2026-06-02
603429,*ST集友,20170124,SSE,主板,bundled_seed,2026-06-02
603435,嘉德利,20260522,SSE,主板,bundled_seed,2026-06-02
603439,三力制药,20200428,SSE,主板,bundled_seed,2026-06-02
603444,吉比特,20170104,SSE,主板,bundled_seed,2026-06-02
603456,九洲药业,20141010,SSE,主板,bundled_seed,2026-06-02
603458,勘设股份,20170809,SSE,主板,bundled_seed,2026-06-02
603459,红板科技,20260408,SSE,主板,bundled_seed,2026-06-02
603466,风语筑,20171020,SSE,主板,bundled_seed,2026-06-02
603477,巨星农牧,20171218,SSE,主板,bundled_seed,2026-06-02
603486,科沃斯,20180528,SSE,主板,bundled_seed,2026-06-02
603488,展鹏科技,20170516,SSE,主板,bundled_seed,2026-06-02
603489,八方股份,20191111,SSE,主板,bundled_seed,2026-06-02
603496,恒为科技,20170607,SSE,主板,bundled_seed,2026-06-02
603499,翔港科技,20171016,SSE,主板,bundled_seed,2026-06-02
603500,祥和实业,20170904,SSE,主板,bundled_seed,2026-06-02
603501,豪威集团,20170504,SSE,主板,bundled_seed,2026-06-02
603505,金石资源,20170503,SSE,主板,bundled_seed,2026-06-02
603506,南都物业,20180201,SSE,主板,bundled_seed,2026-06-02
603507,振江股份,20171106,SSE,主板,bundled_seed,2026-06-02
603508,思维列控,20151224,SSE,主板,bundled_seed,2026-06-02
603511,爱慕股份,20210531,SSE,主板,bundled_seed,2026-06-02
603515,欧普照明,20160819,SSE,主板,bundled_seed,2026-06-02
603516,淳中科技,20180202,SSE,主板,bundled_seed,2026-06-02
603517,ST绝味,20170317,SSE,主板,bundled_seed,2026-06-02
603518,锦泓集团,20141203,SSE,主板,bundled_seed,2026-06-02
603519,立霸股份,20150319,SSE,主板,bundled_seed,2026-06-02
603520,司太立,20160309,SSE,主板,bundled_seed,2026-06-02
603527,众源新材,20170907,SSE,主板,bundled_seed,2026-06-02
603528,多伦科技,20160503,SSE,主板,bundled_seed,2026-06-02
603529,爱玛科技,20210615,SSE,主板,bundled_seed,2026-06-02
603530,神马电力,20190805,SSE,主板,bundled_seed,2026-06-02
603533,掌阅科技,20170921,SSE,主板,bundled_seed,2026-06-02
603535,嘉诚国际,20170808,SSE,主板,bundled_seed,2026-06-02
603536,惠发食品,20170613,SSE,主板,bundled_seed,2026-06-02
603538,美诺华,20170407,SSE,主板,bundled_seed,2026-06-02
603551,奥普科技,20200115,SSE,主板,bundled_seed,2026-06-02
603556,海兴电力,20161110,SSE,主板,bundled_seed,2026-06-02
603557,*ST起步,20170818,SSE,主板,bundled_seed,2026-06-02
603558,健盛集团,20150127,SSE,主板,bundled_seed,2026-06-02
603559,ST通脉,20161202,SSE,主板,bundled_seed,2026-06-02
603565,中谷物流,20200925,SSE,主板,bundled_seed,2026-06-02
603566,普莱柯,20150518,SSE,主板,bundled_seed,2026-06-02
603567,珍宝岛,20150424,SSE,主板,bundled_seed,2026-06-02
603568,伟明环保,20150528,SSE,主板,bundled_seed,2026-06-02
603569,长久物流,20160810,SSE,主板,bundled_seed,2026-06-02
603577,汇金通,20161222,SSE,主板,bundled_seed,2026-06-02
603578,三星新材,20170306,SSE,主板,bundled_seed,2026-06-02
603579,荣泰健康,20170111,SSE,主板,bundled_seed,2026-06-02
603580,*ST艾艾,20170525,SSE,主板,bundled_seed,2026-06-02
603583,捷昌驱动,20180921,SSE,主板,bundled_seed,2026-06-02
603585,苏利股份,20161214,SSE,主板,bundled_seed,2026-06-02
603586,金麒麟,20170406,SSE,主板,bundled_seed,2026-06-02
603587,地素时尚,20180622,SSE,主板,bundled_seed,2026-06-02
603588,高能环境,20141229,SSE,主板,bundled_seed,2026-06-02
603589,口子窖,20150629,SSE,主板,bundled_seed,2026-06-02
603590,康辰药业,20180827,SSE,主板,bundled_seed,2026-06-02
603595,ST东尼,20170712,SSE,主板,bundled_seed,2026-06-02
603596,伯特利,20180427,SSE,主板,bundled_seed,2026-06-02
603598,引力传媒,20150527,SSE,主板,bundled_seed,2026-06-02
603599,广信股份,20150513,SSE,主板,bundled_seed,2026-06-02
603600,永艺股份,20150123,SSE,主板,bundled_seed,2026-06-02
603601,再升科技,20150122,SSE,主板,bundled_seed,2026-06-02
603602,纵横通信,20170810,SSE,主板,bundled_seed,2026-06-02
603605,珀莱雅,20171115,SSE,主板,bundled_seed,2026-06-02
603606,东方电缆,20141015,SSE,主板,bundled_seed,2026-06-02
603607,京华激光,20171025,SSE,主板,bundled_seed,2026-06-02
603608,天创时尚,20160218,SSE,主板,bundled_seed,2026-06-02
603609,禾丰股份,20140808,SSE,主板,bundled_seed,2026-06-02
603610,麒盛科技,20191029,SSE,主板,bundled_seed,2026-06-02
603611,诺力股份,20150128,SSE,主板,bundled_seed,2026-06-02
603612,索通发展,20170718,SSE,主板,bundled_seed,2026-06-02
603613,国联股份,20190730,SSE,主板,bundled_seed,2026-06-02
603615,茶花股份,20170213,SSE,主板,bundled_seed,2026-06-02
603616,韩建河山,20150611,SSE,主板,bundled_seed,2026-06-02
603617,君禾股份,20170703,SSE,主板,bundled_seed,2026-06-02
603618,杭电股份,20150217,SSE,主板,bundled_seed,2026-06-02
603619,中曼石油,20171117,SSE,主板,bundled_seed,2026-06-02
603626,科森科技,20170209,SSE,主板,bundled_seed,2026-06-02
603628,清源股份,20170112,SSE,主板,bundled_seed,2026-06-02
603629,利通电子,20181224,SSE,主板,bundled_seed,2026-06-02
603630,拉芳家化,20170313,SSE,主板,bundled_seed,2026-06-02
603633,徕木股份,20161117,SSE,主板,bundled_seed,2026-06-02
603636,南威软件,20141230,SSE,主板,bundled_seed,2026-06-02
603637,镇海股份,20170208,SSE,主板,bundled_seed,2026-06-02
603638,艾迪精密,20170120,SSE,主板,bundled_seed,2026-06-02
603639,海利尔,20170112,SSE,主板,bundled_seed,2026-06-02
603648,畅联股份,20170913,SSE,主板,bundled_seed,2026-06-02
603650,彤程新材,20180627,SSE,主板,bundled_seed,2026-06-02
603655,朗博科技,20171229,SSE,主板,bundled_seed,2026-06-02
603656,泰禾智能,20170321,SSE,主板,bundled_seed,2026-06-02
603657,春光科技,20180730,SSE,主板,bundled_seed,2026-06-02
603658,安图生物,20160901,SSE,主板,bundled_seed,2026-06-02
603659,璞泰来,20171103,SSE,主板,bundled_seed,2026-06-02
603660,苏州科达,20161201,SSE,主板,bundled_seed,2026-06-02
603661,恒林股份,20171121,SSE,主板,bundled_seed,2026-06-02
603662,柯力传感,20190806,SSE,主板,bundled_seed,2026-06-02
603663,三祥新材,20160801,SSE,主板,bundled_seed,2026-06-02
603665,康隆达,20170313,SSE,主板,bundled_seed,2026-06-02
603666,亿嘉和,20180612,SSE,主板,bundled_seed,2026-06-02
603667,五洲新春,20161025,SSE,主板,bundled_seed,2026-06-02
603668,天马科技,20170117,SSE,主板,bundled_seed,2026-06-02
603669,灵康药业,20150528,SSE,主板,bundled_seed,2026-06-02
603676,卫信康,20170721,SSE,主板,bundled_seed,2026-06-02
603677,奇精机械,20170206,SSE,主板,bundled_seed,2026-06-02
603678,火炬电子,20150126,SSE,主板,bundled_seed,2026-06-02
603679,华体科技,20170621,SSE,主板,bundled_seed,2026-06-02
603680,今创集团,20180227,SSE,主板,bundled_seed,2026-06-02
603681,永冠新材,20190326,SSE,主板,bundled_seed,2026-06-02
603682,锦和商管,20200421,SSE,主板,bundled_seed,2026-06-02
603683,晶华新材,20171020,SSE,主板,bundled_seed,2026-06-02
603685,晨丰科技,20171127,SSE,主板,bundled_seed,2026-06-02
603686,福龙马,20150126,SSE,主板,bundled_seed,2026-06-02
603687,大胜达,20190726,SSE,主板,bundled_seed,2026-06-02
603688,石英股份,20141031,SSE,主板,bundled_seed,2026-06-02
603689,XD皖天然,20170110,SSE,主板,bundled_seed,2026-06-02
603690,至纯科技,20170113,SSE,主板,bundled_seed,2026-06-02
603693,江苏新能,20180703,SSE,主板,bundled_seed,2026-06-02
603696,安记食品,20151209,SSE,主板,bundled_seed,2026-06-02
603697,有友食品,20190508,SSE,主板,bundled_seed,2026-06-02
603698,XD航天工,20150128,SSE,主板,bundled_seed,2026-06-02
603699,纽威股份,20140117,SSE,主板,bundled_seed,2026-06-02
603700,宁水集团,20190122,SSE,主板,bundled_seed,2026-06-02
603701,XD德宏股,20160412,SSE,主板,bundled_seed,2026-06-02
603703,盛洋科技,20150423,SSE,主板,bundled_seed,2026-06-02
603706,东方环宇,20180709,SSE,主板,bundled_seed,2026-06-02
603707,健友股份,20170719,SSE,主板,bundled_seed,2026-06-02
603708,家家悦,20161213,SSE,主板,bundled_seed,2026-06-02
603709,中源家居,20180208,SSE,主板,bundled_seed,2026-06-02
603711,香飘飘,20171130,SSE,主板,bundled_seed,2026-06-02
603712,七一二,20180226,SSE,主板,bundled_seed,2026-06-02
603713,密尔克卫,20180713,SSE,主板,bundled_seed,2026-06-02
603716,塞力医疗,20161031,SSE,主板,bundled_seed,2026-06-02
603717,天域生物,20170327,SSE,主板,bundled_seed,2026-06-02
603718,*ST海利,20150515,SSE,主板,bundled_seed,2026-06-02
603719,良品铺子,20200224,SSE,主板,bundled_seed,2026-06-02
603721,*ST天择,20170811,SSE,主板,bundled_seed,2026-06-02
603722,阿科力,20171025,SSE,主板,bundled_seed,2026-06-02
603725,天安新材,20170906,SSE,主板,bundled_seed,2026-06-02
603726,朗迪集团,20160421,SSE,主板,bundled_seed,2026-06-02
603727,博迈科,20161122,SSE,主板,bundled_seed,2026-06-02
603728,鸣志电器,20170509,SSE,主板,bundled_seed,2026-06-02
603729,ST龙韵,20150324,SSE,主板,bundled_seed,2026-06-02
603730,岱美股份,20170728,SSE,主板,bundled_seed,2026-06-02
603733,仙鹤股份,20180420,SSE,主板,bundled_seed,2026-06-02
603737,三棵树,20160603,SSE,主板,bundled_seed,2026-06-02
603738,泰晶科技,20160928,SSE,主板,bundled_seed,2026-06-02
603739,XD蔚蓝生,20190116,SSE,主板,bundled_seed,2026-06-02
603755,日辰股份,20190828,SSE,主板,bundled_seed,2026-06-02
603757,大元泵业,20170711,SSE,主板,bundled_seed,2026-06-02
603758,秦安股份,20170517,SSE,主板,bundled_seed,2026-06-02
603759,海天股份,20210326,SSE,主板,bundled_seed,2026-06-02
603766,隆鑫通用,20120810,SSE,主板,bundled_seed,2026-06-02
603767,中马传动,20170613,SSE,主板,bundled_seed,2026-06-02
603768,常青股份,20170324,SSE,主板,bundled_seed,2026-06-02
603773,沃格光电,20180417,SSE,主板,bundled_seed,2026-06-02
603776,永安行,20170817,SSE,主板,bundled_seed,2026-06-02
603777,来伊份,20161012,SSE,主板,bundled_seed,2026-06-02
603778,国晟科技,20151231,SSE,主板,bundled_seed,2026-06-02
603779,威龙股份,20160516,SSE,主板,bundled_seed,2026-06-02
603786,科博达,20191015,SSE,主板,bundled_seed,2026-06-02
603787,新日股份,20170427,SSE,主板,bundled_seed,2026-06-02
603788,宁波高发,20150120,SSE,主板,bundled_seed,2026-06-02
603789,ST星农,20150427,SSE,主板,bundled_seed,2026-06-02
603790,雅运股份,20180912,SSE,主板,bundled_seed,2026-06-02
603797,联泰环保,20170413,SSE,主板,bundled_seed,2026-06-02
603798,康普顿,20160406,SSE,主板,bundled_seed,2026-06-02
603799,华友钴业,20150129,SSE,主板,bundled_seed,2026-06-02
603800,洪田股份,20151210,SSE,主板,bundled_seed,2026-06-02
603801,志邦家居,20170630,SSE,主板,bundled_seed,2026-06-02
603803,瑞斯康达,20170420,SSE,主板,bundled_seed,2026-06-02
603806,福斯特,20140905,SSE,主板,bundled_seed,2026-06-02
603808,歌力思,20150422,SSE,主板,bundled_seed,2026-06-02
603809,豪能股份,20171128,SSE,主板,bundled_seed,2026-06-02
603810,丰山集团,20180917,SSE,主板,bundled_seed,2026-06-02
603811,诚意药业,20170315,SSE,主板,bundled_seed,2026-06-02
603813,*ST原尚,20170918,SSE,主板,bundled_seed,2026-06-02
603815,交建股份,20191021,SSE,主板,bundled_seed,2026-06-02
603816,顾家家居,20161014,SSE,主板,bundled_seed,2026-06-02
603817,海峡环保,20170220,SSE,主板,bundled_seed,2026-06-02
603818,曲美家居,20150422,SSE,主板,bundled_seed,2026-06-02
603819,神力股份,20161125,SSE,主板,bundled_seed,2026-06-02
603822,ST嘉澳,20160428,SSE,主板,bundled_seed,2026-06-02
603823,百合花,20161220,SSE,主板,bundled_seed,2026-06-02
603825,ST华扬,20170802,SSE,主板,bundled_seed,2026-06-02
603826,坤彩科技,20170414,SSE,主板,bundled_seed,2026-06-02
603828,*ST利达,20150226,SSE,主板,bundled_seed,2026-06-02
603829,洛凯股份,20171017,SSE,主板,bundled_seed,2026-06-02
603833,欧派家居,20170328,SSE,主板,bundled_seed,2026-06-02
603836,海程邦达,20210526,SSE,主板,bundled_seed,2026-06-02
603838,*ST四通,20150701,SSE,主板,bundled_seed,2026-06-02
603839,安正时尚,20170214,SSE,主板,bundled_seed,2026-06-02
603843,*ST正平,20160905,SSE,主板,bundled_seed,2026-06-02
603848,好太太,20171201,SSE,主板,bundled_seed,2026-06-02
603855,华荣股份,20170524,SSE,主板,bundled_seed,2026-06-02
603856,东宏股份,20171106,SSE,主板,bundled_seed,2026-06-02
603858,步长制药,20161118,SSE,主板,bundled_seed,2026-06-02
603859,能科科技,20161021,SSE,主板,bundled_seed,2026-06-02
603860,XD中公高,20170802,SSE,主板,bundled_seed,2026-06-02
603861,白云电器,20160322,SSE,主板,bundled_seed,2026-06-02
603863,松炀资源,20190621,SSE,主板,bundled_seed,2026-06-02
603866,桃李面包,20151222,SSE,主板,bundled_seed,2026-06-02
603867,新化股份,20190627,SSE,主板,bundled_seed,2026-06-02
603868,飞科电器,20160418,SSE,主板,bundled_seed,2026-06-02
603869,ST智知,20150326,SSE,主板,bundled_seed,2026-06-02
603871,嘉友国际,20180206,SSE,主板,bundled_seed,2026-06-02
603876,鼎胜新材,20180418,SSE,主板,bundled_seed,2026-06-02
603877,太平鸟,20170109,SSE,主板,bundled_seed,2026-06-02
603878,武进不锈,20161219,SSE,主板,bundled_seed,2026-06-02
603879,永悦科技,20170614,SSE,主板,bundled_seed,2026-06-02
603880,南卫股份,20170807,SSE,主板,bundled_seed,2026-06-02
603881,数据港,20170208,SSE,主板,bundled_seed,2026-06-02
603882,金域医学,20170908,SSE,主板,bundled_seed,2026-06-02
603883,老百姓,20150423,SSE,主板,bundled_seed,2026-06-02
603885,吉祥航空,20150527,SSE,主板,bundled_seed,2026-06-02
603886,元祖股份,20161228,SSE,主板,bundled_seed,2026-06-02
603887,城地香江,20161010,SSE,主板,bundled_seed,2026-06-02
603888,新华网,20161028,SSE,主板,bundled_seed,2026-06-02
603889,新澳股份,20141231,SSE,主板,bundled_seed,2026-06-02
603890,春秋电子,20171212,SSE,主板,bundled_seed,2026-06-02
603893,瑞芯微,20200207,SSE,主板,bundled_seed,2026-06-02
603895,天永智能,20180122,SSE,主板,bundled_seed,2026-06-02
603896,寿仙谷,20170510,SSE,主板,bundled_seed,2026-06-02
603897,长城科技,20180410,SSE,主板,bundled_seed,2026-06-02
603898,好莱客,20150217,SSE,主板,bundled_seed,2026-06-02
603899,晨光股份,20150127,SSE,主板,bundled_seed,2026-06-02
603900,莱绅通灵,20161123,SSE,主板,bundled_seed,2026-06-02
603901,永创智能,20150529,SSE,主板,bundled_seed,2026-06-02
603903,中持股份,20170314,SSE,主板,bundled_seed,2026-06-02
603906,龙蟠科技,20170410,SSE,主板,bundled_seed,2026-06-02
603908,牧高笛,20170307,SSE,主板,bundled_seed,2026-06-02
603909,建发合诚,20160628,SSE,主板,bundled_seed,2026-06-02
603912,佳力图,20171101,SSE,主板,bundled_seed,2026-06-02
603915,国茂股份,20190614,SSE,主板,bundled_seed,2026-06-02
603916,苏博特,20171110,SSE,主板,bundled_seed,2026-06-02
603917,合力科技,20171204,SSE,主板,bundled_seed,2026-06-02
603918,金桥信息,20150528,SSE,主板,bundled_seed,2026-06-02
603919,金徽酒,20160310,SSE,主板,bundled_seed,2026-06-02
603920,世运电路,20170426,SSE,主板,bundled_seed,2026-06-02
603922,ST金鸿顺,20171023,SSE,主板,bundled_seed,2026-06-02
603926,铁流股份,20170510,SSE,主板,bundled_seed,2026-06-02
603927,中科软,20190909,SSE,主板,bundled_seed,2026-06-02
603928,兴业股份,20161212,SSE,主板,bundled_seed,2026-06-02
603929,亚翔集成,20161230,SSE,主板,bundled_seed,2026-06-02
603931,格林达,20200819,SSE,主板,bundled_seed,2026-06-02
603933,睿能科技,20170706,SSE,主板,bundled_seed,2026-06-02
603936,博敏电子,20151209,SSE,主板,bundled_seed,2026-06-02
603937,丽岛新材,20171102,SSE,主板,bundled_seed,2026-06-02
603938,三孚股份,20170628,SSE,主板,bundled_seed,2026-06-02
603939,益丰药房,20150217,SSE,主板,bundled_seed,2026-06-02
603948,建业股份,20200302,SSE,主板,bundled_seed,2026-06-02
603949,雪龙集团,20200310,SSE,主板,bundled_seed,2026-06-02
603950,长源东谷,20200526,SSE,主板,bundled_seed,2026-06-02
603955,大千生态,20170310,SSE,主板,bundled_seed,2026-06-02
603956,威派格,20190222,SSE,主板,bundled_seed,2026-06-02
603958,哈森股份,20160629,SSE,主板,bundled_seed,2026-06-02
603959,ST百利,20160517,SSE,主板,bundled_seed,2026-06-02
603960,克来机电,20170314,SSE,主板,bundled_seed,2026-06-02
603966,法兰泰克,20170125,SSE,主板,bundled_seed,2026-06-02
603967,中创物流,20190429,SSE,主板,bundled_seed,2026-06-02
603968,醋化股份,20150518,SSE,主板,bundled_seed,2026-06-02
603969,银龙股份,20150227,SSE,主板,bundled_seed,2026-06-02
603970,中农立华,20171116,SSE,主板,bundled_seed,2026-06-02
603976,正川股份,20170822,SSE,主板,bundled_seed,2026-06-02
603977,国泰集团,20161111,SSE,主板,bundled_seed,2026-06-02
603978,深圳新星,20170807,SSE,主板,bundled_seed,2026-06-02
603979,金诚信,20150630,SSE,主板,bundled_seed,2026-06-02
603980,吉华集团,20170615,SSE,主板,bundled_seed,2026-06-02
603982,泉峰汽车,20190522,SSE,主板,bundled_seed,2026-06-02
603983,丸美生物,20190725,SSE,主板,bundled_seed,2026-06-02
603985,恒润股份,20170505,SSE,主板,bundled_seed,2026-06-02
603986,兆易创新,20160818,SSE,主板,bundled_seed,2026-06-02
603987,康德莱,20161121,SSE,主板,bundled_seed,2026-06-02
603988,XD中电电,20141104,SSE,主板,bundled_seed,2026-06-02
603989,艾华集团,20150515,SSE,主板,bundled_seed,2026-06-02
603990,麦迪科技,20161208,SSE,主板,bundled_seed,2026-06-02
603991,领先股份,20170308,SSE,主板,bundled_seed,2026-06-02
603992,XD松霖科,20190826,SSE,主板,bundled_seed,2026-06-02
603993,洛阳钼业,20121009,SSE,主板,bundled_seed,2026-06-02
603995,甬金股份,20191224,SSE,主板,bundled_seed,2026-06-02
603997,继峰股份,20150302,SSE,主板,bundled_seed,2026-06-02
603998,XD方盛制,20141205,SSE,主板,bundled_seed,2026-06-02
603999,读者传媒,20151210,SSE,主板,bundled_seed,2026-06-02
605001,威奥股份,20200522,SSE,主板,bundled_seed,2026-06-02
605003,众望布艺,20200908,SSE,主板,bundled_seed,2026-06-02
605005,合兴股份,20210119,SSE,主板,bundled_seed,2026-06-02
605006,山东玻纤,20200903,SSE,主板,bundled_seed,2026-06-02
605007,五洲特纸,20201110,SSE,主板,bundled_seed,2026-06-02
605008,长鸿高科,20200821,SSE,主板,bundled_seed,2026-06-02
605009,豪悦护理,20200911,SSE,主板,bundled_seed,2026-06-02
605011,XD杭州热,20210630,SSE,主板,bundled_seed,2026-06-02
605016,百龙创园,20210421,SSE,主板,bundled_seed,2026-06-02
605018,长华集团,20200929,SSE,主板,bundled_seed,2026-06-02
605020,XD永和股,20210709,SSE,主板,bundled_seed,2026-06-02
605028,世茂能源,20210712,SSE,主板,bundled_seed,2026-06-02
605033,美邦股份,20210916,SSE,主板,bundled_seed,2026-06-02
605050,福然德,20200924,SSE,主板,bundled_seed,2026-06-02
605055,迎丰股份,20210129,SSE,主板,bundled_seed,2026-06-02
605056,咸亨国际,20210720,SSE,主板,bundled_seed,2026-06-02
605058,澳弘电子,20201021,SSE,主板,bundled_seed,2026-06-02
605060,联德股份,20210301,SSE,主板,bundled_seed,2026-06-02
605066,天正电气,20200807,SSE,主板,bundled_seed,2026-06-02
605068,明新旭腾,20201123,SSE,主板,bundled_seed,2026-06-02
605069,正和生态,20210816,SSE,主板,bundled_seed,2026-06-02
605077,华康股份,20210209,SSE,主板,bundled_seed,2026-06-02
605080,浙江自然,20210506,SSE,主板,bundled_seed,2026-06-02
605081,*ST太和,20210209,SSE,主板,bundled_seed,2026-06-02
605086,龙高股份,20210416,SSE,主板,bundled_seed,2026-06-02
605088,冠盛股份,20200817,SSE,主板,bundled_seed,2026-06-02
605089,味知香,20210427,SSE,主板,bundled_seed,2026-06-02
605090,九丰能源,20210525,SSE,主板,bundled_seed,2026-06-02
605098,行动教育,20210421,SSE,主板,bundled_seed,2026-06-02
605099,共创草坪,20200930,SSE,主板,bundled_seed,2026-06-02
605100,华丰股份,20200811,SSE,主板,bundled_seed,2026-06-02
605108,同庆楼,20200716,SSE,主板,bundled_seed,2026-06-02
605111,新洁能,20200928,SSE,主板,bundled_seed,2026-06-02
605116,奥锐特,20200921,SSE,主板,bundled_seed,2026-06-02
605117,德业股份,20210420,SSE,主板,bundled_seed,2026-06-02
605118,力鼎光电,20200730,SSE,主板,bundled_seed,2026-06-02
605122,四方新材,20210310,SSE,主板,bundled_seed,2026-06-02
605123,派克新材,20200825,SSE,主板,bundled_seed,2026-06-02
605128,上海沿浦,20200915,SSE,主板,bundled_seed,2026-06-02
605133,嵘泰股份,20210224,SSE,主板,bundled_seed,2026-06-02
605136,丽人丽妆,20200929,SSE,主板,bundled_seed,2026-06-02
605138,盛泰集团,20211027,SSE,主板,bundled_seed,2026-06-02
605151,西上海,20201215,SSE,主板,bundled_seed,2026-06-02
605155,西大门,20201231,SSE,主板,bundled_seed,2026-06-02
605158,华达新材,20200805,SSE,主板,bundled_seed,2026-06-02
605162,新中港,20210707,SSE,主板,bundled_seed,2026-06-02
605166,聚合顺,20200618,SSE,主板,bundled_seed,2026-06-02
605167,利柏特,20210726,SSE,主板,bundled_seed,2026-06-02
605168,三人行,20200528,SSE,主板,bundled_seed,2026-06-02
605169,洪通燃气,20201030,SSE,主板,bundled_seed,2026-06-02
605177,东亚药业,20201125,SSE,主板,bundled_seed,2026-06-02
605178,时空科技,20200821,SSE,主板,bundled_seed,2026-06-02
605179,一鸣食品,20201228,SSE,主板,bundled_seed,2026-06-02
605180,华生科技,20210430,SSE,主板,bundled_seed,2026-06-02
605183,确成股份,20201207,SSE,主板,bundled_seed,2026-06-02
605186,健麾信息,20201222,SSE,主板,bundled_seed,2026-06-02
605188,XD国光连,20200728,SSE,主板,bundled_seed,2026-06-02
605189,富春染织,20210528,SSE,主板,bundled_seed,2026-06-02
605196,华通线缆,20210511,SSE,主板,bundled_seed,2026-06-02
605198,安德利,20200918,SSE,主板,bundled_seed,2026-06-02
605199,ST葫芦娃,20200710,SSE,主板,bundled_seed,2026-06-02
605208,永茂泰,20210308,SSE,主板,bundled_seed,2026-06-02
605218,伟时电子,20200928,SSE,主板,bundled_seed,2026-06-02
605222,起帆电缆,20200731,SSE,主板,bundled_seed,2026-06-02
605228,神通科技,20210120,SSE,主板,bundled_seed,2026-06-02
605255,天普股份,20200825,SSE,主板,bundled_seed,2026-06-02
605258,协和电子,20201203,SSE,主板,bundled_seed,2026-06-02
605259,绿田机械,20210615,SSE,主板,bundled_seed,2026-06-02
605266,健之佳,20201201,SSE,主板,bundled_seed,2026-06-02
605268,王力安防,20210224,SSE,主板,bundled_seed,2026-06-02
605277,新亚电子,20210106,SSE,主板,bundled_seed,2026-06-02
605286,同力天启,20210322,SSE,主板,bundled_seed,2026-06-02
605287,德才股份,20210706,SSE,主板,bundled_seed,2026-06-02
605288,凯迪股份,20200601,SSE,主板,bundled_seed,2026-06-02
605289,罗曼股份,20210426,SSE,主板,bundled_seed,2026-06-02
605296,神农集团,20210528,SSE,主板,bundled_seed,2026-06-02
605298,必得科技,20210301,SSE,主板,bundled_seed,2026-06-02
605299,舒华体育,20201215,SSE,主板,bundled_seed,2026-06-02
605300,佳禾食品,20210430,SSE,主板,bundled_seed,2026-06-02
605303,园林股份,20210301,SSE,主板,bundled_seed,2026-06-02
605305,中际联合,20210506,SSE,主板,bundled_seed,2026-06-02
605318,法狮龙,20200803,SSE,主板,bundled_seed,2026-06-02
605319,无锡振华,20210607,SSE,主板,bundled_seed,2026-06-02
605333,沪光股份,20200818,SSE,主板,bundled_seed,2026-06-02
605336,*ST帅电,20201019,SSE,主板,bundled_seed,2026-06-02
605337,李子园,20210208,SSE,主板,bundled_seed,2026-06-02
605338,巴比食品,20201012,SSE,主板,bundled_seed,2026-06-02
605339,南侨食品,20210518,SSE,主板,bundled_seed,2026-06-02
605358,立昂微,20200911,SSE,主板,bundled_seed,2026-06-02
605365,立达信,20210720,SSE,主板,bundled_seed,2026-06-02
605366,宏柏新材,20200812,SSE,主板,bundled_seed,2026-06-02
605368,蓝天燃气,20210129,SSE,主板,bundled_seed,2026-06-02
605369,拱东医疗,20200916,SSE,主板,bundled_seed,2026-06-02
605376,博迁新材,20201208,SSE,主板,bundled_seed,2026-06-02
605377,华旺科技,20201228,SSE,主板,bundled_seed,2026-06-02
605378,野马电池,20210412,SSE,主板,bundled_seed,2026-06-02
605388,均瑶健康,20200818,SSE,主板,bundled_seed,2026-06-02
605389,长龄液压,20210322,SSE,主板,bundled_seed,2026-06-02
605398,新炬网络,20210121,SSE,主板,bundled_seed,2026-06-02
605399,晨光新材,20200804,SSE,主板,bundled_seed,2026-06-02
605488,福莱新材,20210513,SSE,主板,bundled_seed,2026-06-02
605499,东鹏饮料,20210527,SSE,主板,bundled_seed,2026-06-02
605500,森林包装,20201222,SSE,主板,bundled_seed,2026-06-02
605507,DR国邦医,20210802,SSE,主板,bundled_seed,2026-06-02
605555,德昌股份,20211021,SSE,主板,bundled_seed,2026-06-02
605566,福莱蒽特,20211025,SSE,主板,bundled_seed,2026-06-02
605567,春雪食品,20211013,SSE,主板,bundled_seed,2026-06-02
605577,龙版传媒,20210824,SSE,主板,bundled_seed,2026-06-02
605580,恒盛能源,20210819,SSE,主板,bundled_seed,2026-06-02
605588,冠石科技,20210812,SSE,主板,bundled_seed,2026-06-02
605589,圣泉集团,20210810,SSE,主板,bundled_seed,2026-06-02
605598,上海港湾,20210917,SSE,主板,bundled_seed,2026-06-02
605599,菜百股份,20210909,SSE,主板,bundled_seed,2026-06-02
688001,华兴源创,20190722,SSE,科创板,bundled_seed,2026-06-02
688002,睿创微纳,20190722,SSE,科创板,bundled_seed,2026-06-02
688003,天准科技,20190722,SSE,科创板,bundled_seed,2026-06-02
688004,博汇科技,20200612,SSE,科创板,bundled_seed,2026-06-02
688005,容百科技,20190722,SSE,科创板,bundled_seed,2026-06-02
688006,XD杭可科,20190722,SSE,科创板,bundled_seed,2026-06-02
688007,光峰科技,20190722,SSE,科创板,bundled_seed,2026-06-02
688008,澜起科技,20190722,SSE,科创板,bundled_seed,2026-06-02
688009,中国通号,20190722,SSE,科创板,bundled_seed,2026-06-02
688010,福光股份,20190722,SSE,科创板,bundled_seed,2026-06-02
688011,新光光电,20190722,SSE,科创板,bundled_seed,2026-06-02
688012,DR中微公,20190722,SSE,科创板,bundled_seed,2026-06-02
688013,天臣医疗,20200928,SSE,科创板,bundled_seed,2026-06-02
688015,交控科技,20190722,SSE,科创板,bundled_seed,2026-06-02
688016,心脉医疗,20190722,SSE,科创板,bundled_seed,2026-06-02
688017,绿的谐波,20200828,SSE,科创板,bundled_seed,2026-06-02
688018,乐鑫科技,20190722,SSE,科创板,bundled_seed,2026-06-02
688019,安集科技,20190722,SSE,科创板,bundled_seed,2026-06-02
688020,方邦股份,20190722,SSE,科创板,bundled_seed,2026-06-02
688021,奥福科技,20191106,SSE,科创板,bundled_seed,2026-06-02
688022,ST瀚川,20190722,SSE,科创板,bundled_seed,2026-06-02
688023,安恒信息,20191105,SSE,科创板,bundled_seed,2026-06-02
688025,杰普特,20191031,SSE,科创板,bundled_seed,2026-06-02
688026,洁特生物,20200122,SSE,科创板,bundled_seed,2026-06-02
688027,国盾量子,20200709,SSE,科创板,bundled_seed,2026-06-02
688028,沃尔德,20190722,SSE,科创板,bundled_seed,2026-06-02
688029,南微医学,20190722,SSE,科创板,bundled_seed,2026-06-02
688030,山石网科,20190930,SSE,科创板,bundled_seed,2026-06-02
688031,星环科技-U,20221018,SSE,科创板,bundled_seed,2026-06-02
688032,禾迈股份,20211220,SSE,科创板,bundled_seed,2026-06-02
688033,*ST天宜,20190722,SSE,科创板,bundled_seed,2026-06-02
688035,XD德邦科,20220919,SSE,科创板,bundled_seed,2026-06-02
688036,传音控股,20190930,SSE,科创板,bundled_seed,2026-06-02
688037,芯源微,20191216,SSE,科创板,bundled_seed,2026-06-02
688038,中科通达,20210713,SSE,科创板,bundled_seed,2026-06-02
688039,当虹科技,20191211,SSE,科创板,bundled_seed,2026-06-02
688041,海光信息,20220812,SSE,科创板,bundled_seed,2026-06-02
688045,必易微,20220526,SSE,科创板,bundled_seed,2026-06-02
688046,药康生物,20220425,SSE,科创板,bundled_seed,2026-06-02
688047,龙芯中科,20220624,SSE,科创板,bundled_seed,2026-06-02
688048,长光华芯,20220401,SSE,科创板,bundled_seed,2026-06-02
688049,炬芯科技,20211129,SSE,科创板,bundled_seed,2026-06-02
688050,爱博医疗,20200729,SSE,科创板,bundled_seed,2026-06-02
688051,佳华科技,20200320,SSE,科创板,bundled_seed,2026-06-02
688052,纳芯微,20220422,SSE,科创板,bundled_seed,2026-06-02
688053,ST思科瑞,20220708,SSE,科创板,bundled_seed,2026-06-02
688055,龙腾光电,20200817,SSE,科创板,bundled_seed,2026-06-02
688056,莱伯泰科,20200902,SSE,科创板,bundled_seed,2026-06-02
688057,金达莱,20201111,SSE,科创板,bundled_seed,2026-06-02
688058,宝兰德,20191101,SSE,科创板,bundled_seed,2026-06-02
688059,华锐精密,20210208,SSE,科创板,bundled_seed,2026-06-02
688060,云涌科技,20200710,SSE,科创板,bundled_seed,2026-06-02
688061,灿瑞科技,20221018,SSE,科创板,bundled_seed,2026-06-02
688062,迈威生物-U,20220118,SSE,科创板,bundled_seed,2026-06-02
688063,派能科技,20201230,SSE,科创板,bundled_seed,2026-06-02
688065,凯赛生物,20200812,SSE,科创板,bundled_seed,2026-06-02
688066,*ST航图,20190722,SSE,科创板,bundled_seed,2026-06-02
688067,爱威科技,20210616,SSE,科创板,bundled_seed,2026-06-02
688068,热景生物,20190930,SSE,科创板,bundled_seed,2026-06-02
688069,德林海,20200722,SSE,科创板,bundled_seed,2026-06-02
688070,纵横股份,20210210,SSE,科创板,bundled_seed,2026-06-02
688071,华依科技,20210729,SSE,科创板,bundled_seed,2026-06-02
688072,拓荆科技,20220420,SSE,科创板,bundled_seed,2026-06-02
688073,毕得医药,20221011,SSE,科创板,bundled_seed,2026-06-02
688075,安旭生物,20211118,SSE,科创板,bundled_seed,2026-06-02
688076,ST诺泰,20210520,SSE,科创板,bundled_seed,2026-06-02
688077,大地熊,20200722,SSE,科创板,bundled_seed,2026-06-02
688078,龙软科技,20191230,SSE,科创板,bundled_seed,2026-06-02
688079,美迪凯,20210302,SSE,科创板,bundled_seed,2026-06-02
688080,映翰通,20200212,SSE,科创板,bundled_seed,2026-06-02
688081,兴图新科,20200106,SSE,科创板,bundled_seed,2026-06-02
688082,盛美上海,20211118,SSE,科创板,bundled_seed,2026-06-02
688083,中望软件,20210311,SSE,科创板,bundled_seed,2026-06-02
688084,晶品特装,20221208,SSE,科创板,bundled_seed,2026-06-02
688085,三友医疗,20200409,SSE,科创板,bundled_seed,2026-06-02
688087,英科再生,20210709,SSE,科创板,bundled_seed,2026-06-02
688088,虹软科技,20190722,SSE,科创板,bundled_seed,2026-06-02
688089,嘉必优,20191219,SSE,科创板,bundled_seed,2026-06-02
688090,瑞松科技,20200217,SSE,科创板,bundled_seed,2026-06-02
688091,上海谊众,20210909,SSE,科创板,bundled_seed,2026-06-02
688092,爱科科技,20210319,SSE,科创板,bundled_seed,2026-06-02
688093,世华科技,20200930,SSE,科创板,bundled_seed,2026-06-02
688095,福昕软件,20200908,SSE,科创板,bundled_seed,2026-06-02
688096,京源环保,20200409,SSE,科创板,bundled_seed,2026-06-02
688097,博众精工,20210512,SSE,科创板,bundled_seed,2026-06-02
688098,申联生物,20191028,SSE,科创板,bundled_seed,2026-06-02
688099,晶晨股份,20190808,SSE,科创板,bundled_seed,2026-06-02
688100,威胜信息,20200121,SSE,科创板,bundled_seed,2026-06-02
688101,三达膜,20191115,SSE,科创板,bundled_seed,2026-06-02
688102,斯瑞新材,20220316,SSE,科创板,bundled_seed,2026-06-02
688103,国力电子,20210910,SSE,科创板,bundled_seed,2026-06-02
688105,诺唯赞,20211115,SSE,科创板,bundled_seed,2026-06-02
688106,金宏气体,20200616,SSE,科创板,bundled_seed,2026-06-02
688107,安路科技,20211112,SSE,科创板,bundled_seed,2026-06-02
688108,赛诺医疗,20191030,SSE,科创板,bundled_seed,2026-06-02
688109,品茗科技,20210330,SSE,科创板,bundled_seed,2026-06-02
688110,东芯股份,20211210,SSE,科创板,bundled_seed,2026-06-02
688111,金山办公,20191118,SSE,科创板,bundled_seed,2026-06-02
688112,鼎阳科技,20211201,SSE,科创板,bundled_seed,2026-06-02
688113,联测科技,20210506,SSE,科创板,bundled_seed,2026-06-02
688114,华大智造,20220909,SSE,科创板,bundled_seed,2026-06-02
688115,思林杰,20220314,SSE,科创板,bundled_seed,2026-06-02
688116,天奈科技,20190925,SSE,科创板,bundled_seed,2026-06-02
688117,圣诺生物,20210603,SSE,科创板,bundled_seed,2026-06-02
688118,普元信息,20191204,SSE,科创板,bundled_seed,2026-06-02
688119,中钢洛耐,20220606,SSE,科创板,bundled_seed,2026-06-02
688120,华海清科,20220608,SSE,科创板,bundled_seed,2026-06-02
688121,卓然股份,20210906,SSE,科创板,bundled_seed,2026-06-02
688122,西部超导,20190722,SSE,科创板,bundled_seed,2026-06-02
688123,聚辰股份,20191223,SSE,科创板,bundled_seed,2026-06-02
688125,安达智能,20220415,SSE,科创板,bundled_seed,2026-06-02
688126,沪硅产业,20200420,SSE,科创板,bundled_seed,2026-06-02
688127,蓝特光学,20200921,SSE,科创板,bundled_seed,2026-06-02
688128,中国电研,20191105,SSE,科创板,bundled_seed,2026-06-02
688129,东来技术,20201023,SSE,科创板,bundled_seed,2026-06-02
688130,晶华微,20220729,SSE,科创板,bundled_seed,2026-06-02
688131,皓元医药,20210608,SSE,科创板,bundled_seed,2026-06-02
688132,邦彦技术,20220923,SSE,科创板,bundled_seed,2026-06-02
688133,泰坦科技,20201030,SSE,科创板,bundled_seed,2026-06-02
688135,利扬芯片,20201111,SSE,科创板,bundled_seed,2026-06-02
688136,科兴制药,20201214,SSE,科创板,bundled_seed,2026-06-02
688137,近岸蛋白,20220929,SSE,科创板,bundled_seed,2026-06-02
688138,清溢光电,20191120,SSE,科创板,bundled_seed,2026-06-02
688139,海尔生物,20191025,SSE,科创板,bundled_seed,2026-06-02
688141,杰华特,20221223,SSE,科创板,bundled_seed,2026-06-02
688143,长盈通,20221212,SSE,科创板,bundled_seed,2026-06-02
688146,中船特气,20230421,SSE,科创板,bundled_seed,2026-06-02
688147,微导纳米,20221223,SSE,科创板,bundled_seed,2026-06-02
688148,芳源股份,20210806,SSE,科创板,bundled_seed,2026-06-02
688150,莱特光电,20220318,SSE,科创板,bundled_seed,2026-06-02
688151,华强科技,20211206,SSE,科创板,bundled_seed,2026-06-02
688152,麒麟信安,20221028,SSE,科创板,bundled_seed,2026-06-02
688153,唯捷创芯,20220412,SSE,科创板,bundled_seed,2026-06-02
688155,先惠技术,20200811,SSE,科创板,bundled_seed,2026-06-02
688156,路德科技,20200922,SSE,科创板,bundled_seed,2026-06-02
688157,松井股份,20200609,SSE,科创板,bundled_seed,2026-06-02
688158,优刻得-W,20200120,SSE,科创板,bundled_seed,2026-06-02
688159,有方科技,20200123,SSE,科创板,bundled_seed,2026-06-02
688160,步科股份,20201112,SSE,科创板,bundled_seed,2026-06-02
688161,威高骨科,20210630,SSE,科创板,bundled_seed,2026-06-02
688162,巨一科技,20211110,SSE,科创板,bundled_seed,2026-06-02
688163,XD赛伦生,20220311,SSE,科创板,bundled_seed,2026-06-02
688165,埃夫特-U,20200715,SSE,科创板,bundled_seed,2026-06-02
688166,博瑞医药,20191108,SSE,科创板,bundled_seed,2026-06-02
688167,炬光科技,20211224,SSE,科创板,bundled_seed,2026-06-02
688168,安博通,20190906,SSE,科创板,bundled_seed,2026-06-02
688169,石头科技,20200221,SSE,科创板,bundled_seed,2026-06-02
688170,德龙激光,20220429,SSE,科创板,bundled_seed,2026-06-02
688171,纬德信息,20220127,SSE,科创板,bundled_seed,2026-06-02
688172,燕东微,20221216,SSE,科创板,bundled_seed,2026-06-02
688173,希荻微,20220121,SSE,科创板,bundled_seed,2026-06-02
688175,高凌信息,20220315,SSE,科创板,bundled_seed,2026-06-02
688176,亚虹医药-U,20220107,SSE,科创板,bundled_seed,2026-06-02
688177,百奥泰,20200221,SSE,科创板,bundled_seed,2026-06-02
688178,万德斯,20200114,SSE,科创板,bundled_seed,2026-06-02
688179,阿拉丁,20201026,SSE,科创板,bundled_seed,2026-06-02
688180,君实生物-U,20200715,SSE,科创板,bundled_seed,2026-06-02
688181,八亿时空,20200106,SSE,科创板,bundled_seed,2026-06-02
688182,灿勤科技,20211116,SSE,科创板,bundled_seed,2026-06-02
688183,生益电子,20210225,SSE,科创板,bundled_seed,2026-06-02
688184,ST帕瓦,20220919,SSE,科创板,bundled_seed,2026-06-02
688185,康希诺,20200813,SSE,科创板,bundled_seed,2026-06-02
688186,广大特材,20200211,SSE,科创板,bundled_seed,2026-06-02
688187,时代电气,20210907,SSE,科创板,bundled_seed,2026-06-02
688188,柏楚电子,20190808,SSE,科创板,bundled_seed,2026-06-02
688189,南新制药,20200326,SSE,科创板,bundled_seed,2026-06-02
688190,云路股份,20211126,SSE,科创板,bundled_seed,2026-06-02
688191,智洋创新,20210408,SSE,科创板,bundled_seed,2026-06-02
688192,迪哲医药-U,20211210,SSE,科创板,bundled_seed,2026-06-02
688193,仁度生物,20220330,SSE,科创板,bundled_seed,2026-06-02
688195,DR腾景科,20210326,SSE,科创板,bundled_seed,2026-06-02
688196,卓越新能,20191121,SSE,科创板,bundled_seed,2026-06-02
688197,首药控股-U,20220323,SSE,科创板,bundled_seed,2026-06-02
688198,佰仁医疗,20191209,SSE,科创板,bundled_seed,2026-06-02
688199,久日新材,20191105,SSE,科创板,bundled_seed,2026-06-02
688200,华峰测控,20200218,SSE,科创板,bundled_seed,2026-06-02
688201,ST信安,20210421,SSE,科创板,bundled_seed,2026-06-02
688202,美迪西,20191105,SSE,科创板,bundled_seed,2026-06-02
688203,海正生材,20220816,SSE,科创板,bundled_seed,2026-06-02
688205,德科立,20220809,SSE,科创板,bundled_seed,2026-06-02
688206,概伦电子,20211228,SSE,科创板,bundled_seed,2026-06-02
688207,格灵深瞳,20220317,SSE,科创板,bundled_seed,2026-06-02
688208,道通科技,20200213,SSE,科创板,bundled_seed,2026-06-02
688209,英集芯,20220419,SSE,科创板,bundled_seed,2026-06-02
688210,统联精密,20211227,SSE,科创板,bundled_seed,2026-06-02
688211,中科微至,20211026,SSE,科创板,bundled_seed,2026-06-02
688212,澳华内镜,20211115,SSE,科创板,bundled_seed,2026-06-02
688213,思特威-W,20220520,SSE,科创板,bundled_seed,2026-06-02
688215,瑞晟智能,20200828,SSE,科创板,bundled_seed,2026-06-02
688216,气派科技,20210623,SSE,科创板,bundled_seed,2026-06-02
688217,睿昂基因,20210517,SSE,科创板,bundled_seed,2026-06-02
688218,江苏北人,20191211,SSE,科创板,bundled_seed,2026-06-02
688219,会通股份,20201118,SSE,科创板,bundled_seed,2026-06-02
688220,翱捷科技-U,20220114,SSE,科创板,bundled_seed,2026-06-02
688221,前沿生物-U,20201028,SSE,科创板,bundled_seed,2026-06-02
688222,成都先导,20200416,SSE,科创板,bundled_seed,2026-06-02
688223,晶科能源,20220126,SSE,科创板,bundled_seed,2026-06-02
688225,亚信安全,20220209,SSE,科创板,bundled_seed,2026-06-02
688226,威腾电气,20210707,SSE,科创板,bundled_seed,2026-06-02
688227,品高股份,20211230,SSE,科创板,bundled_seed,2026-06-02
688228,开普云,20200327,SSE,科创板,bundled_seed,2026-06-02
688229,博睿数据,20200817,SSE,科创板,bundled_seed,2026-06-02
688230,芯导科技,20211201,SSE,科创板,bundled_seed,2026-06-02
688231,隆达股份,20220722,SSE,科创板,bundled_seed,2026-06-02
688232,新点软件,20211117,SSE,科创板,bundled_seed,2026-06-02
688233,神工股份,20200221,SSE,科创板,bundled_seed,2026-06-02
688234,天岳先进,20220112,SSE,科创板,bundled_seed,2026-06-02
688235,百济神州,20211215,SSE,科创板,bundled_seed,2026-06-02
688236,春立医疗,20211230,SSE,科创板,bundled_seed,2026-06-02
688237,超卓航科,20220701,SSE,科创板,bundled_seed,2026-06-02
688238,和元生物,20220322,SSE,科创板,bundled_seed,2026-06-02
688239,航宇科技,20210705,SSE,科创板,bundled_seed,2026-06-02
688244,永信至诚,20221019,SSE,科创板,bundled_seed,2026-06-02
688246,嘉和美康,20211214,SSE,科创板,bundled_seed,2026-06-02
688247,宣泰医药,20220825,SSE,科创板,bundled_seed,2026-06-02
688248,南网科技,20211222,SSE,科创板,bundled_seed,2026-06-02
688249,晶合集成,20230505,SSE,科创板,bundled_seed,2026-06-02
688251,井松智能,20220606,SSE,科创板,bundled_seed,2026-06-02
688252,天德钰,20220927,SSE,科创板,bundled_seed,2026-06-02
688253,英诺特,20220728,SSE,科创板,bundled_seed,2026-06-02
688255,凯尔达,20211025,SSE,科创板,bundled_seed,2026-06-02
688256,寒武纪,20200720,SSE,科创板,bundled_seed,2026-06-02
688257,新锐股份,20211027,SSE,科创板,bundled_seed,2026-06-02
688258,卓易信息,20191209,SSE,科创板,bundled_seed,2026-06-02
688259,创耀科技,20220112,SSE,科创板,bundled_seed,2026-06-02
688260,昀冢科技,20210406,SSE,科创板,bundled_seed,2026-06-02
688261,东微半导,20220210,SSE,科创板,bundled_seed,2026-06-02
688262,国芯科技,20220106,SSE,科创板,bundled_seed,2026-06-02
688265,南模生物,20211228,SSE,科创板,bundled_seed,2026-06-02
688266,泽璟制药-U,20200123,SSE,科创板,bundled_seed,2026-06-02
688267,中触媒,20220216,SSE,科创板,bundled_seed,2026-06-02
688268,华特气体,20191226,SSE,科创板,bundled_seed,2026-06-02
688269,凯立新材,20210609,SSE,科创板,bundled_seed,2026-06-02
688270,ST臻镭,20220127,SSE,科创板,bundled_seed,2026-06-02
688271,联影医疗,20220822,SSE,科创板,bundled_seed,2026-06-02
688272,富吉瑞,20211018,SSE,科创板,bundled_seed,2026-06-02
688273,麦澜德,20220811,SSE,科创板,bundled_seed,2026-06-02
688275,万润新能,20220929,SSE,科创板,bundled_seed,2026-06-02
688276,百克生物,20210625,SSE,科创板,bundled_seed,2026-06-02
688277,天智航-U,20200707,SSE,科创板,bundled_seed,2026-06-02
688278,XD特宝生,20200117,SSE,科创板,bundled_seed,2026-06-02
688279,峰岹科技,20220420,SSE,科创板,bundled_seed,2026-06-02
688280,精进电动-W,20211027,SSE,科创板,bundled_seed,2026-06-02
688281,华秦科技,20220307,SSE,科创板,bundled_seed,2026-06-02
688282,理工导航,20220318,SSE,科创板,bundled_seed,2026-06-02
688283,坤恒顺维,20220215,SSE,科创板,bundled_seed,2026-06-02
688285,高铁电气,20211020,SSE,科创板,bundled_seed,2026-06-02
688286,敏芯股份,20200810,SSE,科创板,bundled_seed,2026-06-02
688287,退市观典,20220525,SSE,科创板,bundled_seed,2026-06-02
688288,鸿泉技术,20191106,SSE,科创板,bundled_seed,2026-06-02
688289,圣湘生物,20200828,SSE,科创板,bundled_seed,2026-06-02
688290,景业智能,20220429,SSE,科创板,bundled_seed,2026-06-02
688291,金橙子,20221026,SSE,科创板,bundled_seed,2026-06-02
688292,浩瀚深度,20220818,SSE,科创板,bundled_seed,2026-06-02
688293,奥浦迈,20220902,SSE,科创板,bundled_seed,2026-06-02
688295,中复神鹰,20220406,SSE,科创板,bundled_seed,2026-06-02
688296,和达科技,20210727,SSE,科创板,bundled_seed,2026-06-02
688297,中无人机,20220629,SSE,科创板,bundled_seed,2026-06-02
688298,东方生物,20200205,SSE,科创板,bundled_seed,2026-06-02
688299,长阳科技,20191106,SSE,科创板,bundled_seed,2026-06-02
688300,联瑞新材,20191115,SSE,科创板,bundled_seed,2026-06-02
688301,奕瑞科技,20200918,SSE,科创板,bundled_seed,2026-06-02
688302,海创药业-U,20220412,SSE,科创板,bundled_seed,2026-06-02
688303,大全能源,20210722,SSE,科创板,bundled_seed,2026-06-02
688305,科德数控,20210709,SSE,科创板,bundled_seed,2026-06-02
688306,均普智能,20220322,SSE,科创板,bundled_seed,2026-06-02
688307,中润光学,20230216,SSE,科创板,bundled_seed,2026-06-02
688308,欧科亿,20201210,SSE,科创板,bundled_seed,2026-06-02
688309,恒誉环保,20200714,SSE,科创板,bundled_seed,2026-06-02
688310,迈得医疗,20191203,SSE,科创板,bundled_seed,2026-06-02
688311,盟升电子,20200731,SSE,科创板,bundled_seed,2026-06-02
688312,燕麦科技,20200608,SSE,科创板,bundled_seed,2026-06-02
688313,仕佳光子,20200812,SSE,科创板,bundled_seed,2026-06-02
688314,康拓医疗,20210518,SSE,科创板,bundled_seed,2026-06-02
688315,诺禾致源,20210413,SSE,科创板,bundled_seed,2026-06-02
688316,青云科技-U,20210316,SSE,科创板,bundled_seed,2026-06-02
688317,之江生物,20210118,SSE,科创板,bundled_seed,2026-06-02
688318,财富趋势,20200427,SSE,科创板,bundled_seed,2026-06-02
688319,欧林生物,20210608,SSE,科创板,bundled_seed,2026-06-02
688320,禾川科技,20220428,SSE,科创板,bundled_seed,2026-06-02
688321,微芯生物,20190812,SSE,科创板,bundled_seed,2026-06-02
688322,奥比中光-W,20220707,SSE,科创板,bundled_seed,2026-06-02
688323,瑞华泰,20210428,SSE,科创板,bundled_seed,2026-06-02
688325,赛微微电,20220422,SSE,科创板,bundled_seed,2026-06-02
688326,经纬恒润-W,20220419,SSE,科创板,bundled_seed,2026-06-02
688327,云从科技-UW,20220527,SSE,科创板,bundled_seed,2026-06-02
688328,深科达,20210309,SSE,科创板,bundled_seed,2026-06-02
688329,艾隆科技,20210329,SSE,科创板,bundled_seed,2026-06-02
688330,宏力达,20201015,SSE,科创板,bundled_seed,2026-06-02
688331,荣昌生物,20220331,SSE,科创板,bundled_seed,2026-06-02
688332,中科蓝讯,20220715,SSE,科创板,bundled_seed,2026-06-02
688333,铂力特,20190722,SSE,科创板,bundled_seed,2026-06-02
688334,西高院,20230619,SSE,科创板,bundled_seed,2026-06-02
688335,复洁科技,20200817,SSE,科创板,bundled_seed,2026-06-02
688336,三生国健,20200722,SSE,科创板,bundled_seed,2026-06-02
688337,普源精电,20220408,SSE,科创板,bundled_seed,2026-06-02
688338,赛科希德,20200806,SSE,科创板,bundled_seed,2026-06-02
688339,亿华通-U,20200810,SSE,科创板,bundled_seed,2026-06-02
688343,云天励飞-U,20230404,SSE,科创板,bundled_seed,2026-06-02
688345,博力威,20210611,SSE,科创板,bundled_seed,2026-06-02
688347,华虹公司,20230807,SSE,科创板,bundled_seed,2026-06-02
688348,昱能科技,20220608,SSE,科创板,bundled_seed,2026-06-02
688349,三一重能,20220622,SSE,科创板,bundled_seed,2026-06-02
688350,富淼科技,20210128,SSE,科创板,bundled_seed,2026-06-02
688351,微电生理,20220831,SSE,科创板,bundled_seed,2026-06-02
688352,颀中科技,20230420,SSE,科创板,bundled_seed,2026-06-02
688353,华盛锂电,20220713,SSE,科创板,bundled_seed,2026-06-02
688355,明志科技,20210512,SSE,科创板,bundled_seed,2026-06-02
688356,键凯科技,20200826,SSE,科创板,bundled_seed,2026-06-02
688357,建龙微纳,20191204,SSE,科创板,bundled_seed,2026-06-02
688358,祥生医疗,20191203,SSE,科创板,bundled_seed,2026-06-02
688359,三孚新科,20210521,SSE,科创板,bundled_seed,2026-06-02
688360,德马科技,20200602,SSE,科创板,bundled_seed,2026-06-02
688361,中科飞测,20230519,SSE,科创板,bundled_seed,2026-06-02
688362,甬矽电子,20221116,SSE,科创板,bundled_seed,2026-06-02
688363,华熙生物,20191106,SSE,科创板,bundled_seed,2026-06-02
688365,光云科技,20200429,SSE,科创板,bundled_seed,2026-06-02
688366,昊海生科,20191030,SSE,科创板,bundled_seed,2026-06-02
688367,工大高科,20210628,SSE,科创板,bundled_seed,2026-06-02
688368,晶丰明源,20191014,SSE,科创板,bundled_seed,2026-06-02
688369,致远互联,20191031,SSE,科创板,bundled_seed,2026-06-02
688370,丛麟科技,20220825,SSE,科创板,bundled_seed,2026-06-02
688371,菲沃泰,20220802,SSE,科创板,bundled_seed,2026-06-02
688372,伟测科技,20221026,SSE,科创板,bundled_seed,2026-06-02
688373,盟科药业-U,20220805,SSE,科创板,bundled_seed,2026-06-02
688375,国博电子,20220722,SSE,科创板,bundled_seed,2026-06-02
688376,美埃科技,20221118,SSE,科创板,bundled_seed,2026-06-02
688377,迪威尔,20200708,SSE,科创板,bundled_seed,2026-06-02
688378,奥来德,20200903,SSE,科创板,bundled_seed,2026-06-02
688379,华光新材,20200819,SSE,科创板,bundled_seed,2026-06-02
688380,中微半导,20220805,SSE,科创板,bundled_seed,2026-06-02
688381,帝奥微,20220823,SSE,科创板,bundled_seed,2026-06-02
688382,益方生物-U,20220725,SSE,科创板,bundled_seed,2026-06-02
688383,新益昌,20210428,SSE,科创板,bundled_seed,2026-06-02
688385,复旦微电,20210804,SSE,科创板,bundled_seed,2026-06-02
688386,泛亚微透,20201016,SSE,科创板,bundled_seed,2026-06-02
688387,信科移动-U,20220926,SSE,科创板,bundled_seed,2026-06-02
688388,嘉元科技,20190722,SSE,科创板,bundled_seed,2026-06-02
688389,普门科技,20191105,SSE,科创板,bundled_seed,2026-06-02
688390,固德威,20200904,SSE,科创板,bundled_seed,2026-06-02
688391,钜泉科技,20220913,SSE,科创板,bundled_seed,2026-06-02
688392,骄成超声,20220927,SSE,科创板,bundled_seed,2026-06-02
688393,安必平,20200820,SSE,科创板,bundled_seed,2026-06-02
688395,正弦电气,20210429,SSE,科创板,bundled_seed,2026-06-02
688396,华润微,20200227,SSE,科创板,bundled_seed,2026-06-02
688398,赛特新材,20200211,SSE,科创板,bundled_seed,2026-06-02
688399,硕世生物,20191205,SSE,科创板,bundled_seed,2026-06-02
688400,凌云光,20220706,SSE,科创板,bundled_seed,2026-06-02
688401,路维光电,20220817,SSE,科创板,bundled_seed,2026-06-02
688403,汇成股份,20220818,SSE,科创板,bundled_seed,2026-06-02
688408,中信博,20200828,SSE,科创板,bundled_seed,2026-06-02
688409,富创精密,20221010,SSE,科创板,bundled_seed,2026-06-02
688410,山外山,20221226,SSE,科创板,bundled_seed,2026-06-02
688411,海博思创,20250127,SSE,科创板,bundled_seed,2026-06-02
688416,恒烁股份,20220829,SSE,科创板,bundled_seed,2026-06-02
688418,震有科技,20200722,SSE,科创板,bundled_seed,2026-06-02
688419,耐科装备,20221107,SSE,科创板,bundled_seed,2026-06-02
688420,美腾科技,20221209,SSE,科创板,bundled_seed,2026-06-02
688425,铁建重工,20210622,SSE,科创板,bundled_seed,2026-06-02
688426,康为世纪,20221025,SSE,科创板,bundled_seed,2026-06-02
688428,诺诚健华,20220921,SSE,科创板,bundled_seed,2026-06-02
688429,时创能源,20230629,SSE,科创板,bundled_seed,2026-06-02
688432,有研硅,20221110,SSE,科创板,bundled_seed,2026-06-02
688433,华曙高科,20230417,SSE,科创板,bundled_seed,2026-06-02
688435,英方软件,20230119,SSE,科创板,bundled_seed,2026-06-02
688439,振华风光,20220826,SSE,科创板,bundled_seed,2026-06-02
688443,智翔金泰-U,20230620,SSE,科创板,bundled_seed,2026-06-02
688448,磁谷科技,20220921,SSE,科创板,bundled_seed,2026-06-02
688449,联芸科技,20241129,SSE,科创板,bundled_seed,2026-06-02
688450,光格科技,20230724,SSE,科创板,bundled_seed,2026-06-02
688455,科捷智能,20220915,SSE,科创板,bundled_seed,2026-06-02
688456,有研粉材,20210317,SSE,科创板,bundled_seed,2026-06-02
688458,美芯晟,20230522,SSE,科创板,bundled_seed,2026-06-02
688459,哈铁科技,20221012,SSE,科创板,bundled_seed,2026-06-02
688466,金科环境,20200508,SSE,科创板,bundled_seed,2026-06-02
688468,科美诊断,20210409,SSE,科创板,bundled_seed,2026-06-02
688469,芯联集成-U,20230510,SSE,科创板,bundled_seed,2026-06-02
688472,阿特斯,20230609,SSE,科创板,bundled_seed,2026-06-02
688475,萤石网络,20221228,SSE,科创板,bundled_seed,2026-06-02
688478,晶升股份,20230424,SSE,科创板,bundled_seed,2026-06-02
688479,友车科技,20230511,SSE,科创板,bundled_seed,2026-06-02
688480,赛恩斯,20221125,SSE,科创板,bundled_seed,2026-06-02
688484,南芯科技,20230407,SSE,科创板,bundled_seed,2026-06-02
688485,九州一轨,20230118,SSE,科创板,bundled_seed,2026-06-02
688486,龙迅股份,20230221,SSE,科创板,bundled_seed,2026-06-02
688488,艾迪药业,20200720,SSE,科创板,bundled_seed,2026-06-02
688489,三未信安,20221202,SSE,科创板,bundled_seed,2026-06-02
688496,*ST清越,20221228,SSE,科创板,bundled_seed,2026-06-02
688498,源杰科技,20221221,SSE,科创板,bundled_seed,2026-06-02
688499,利元亨,20210701,SSE,科创板,bundled_seed,2026-06-02
688500,慧辰股份,20200716,SSE,科创板,bundled_seed,2026-06-02
688501,青达环保,20210716,SSE,科创板,bundled_seed,2026-06-02
688502,茂莱光学,20230309,SSE,科创板,bundled_seed,2026-06-02
688503,聚和材料,20221209,SSE,科创板,bundled_seed,2026-06-02
688505,复旦张江,20200619,SSE,科创板,bundled_seed,2026-06-02
688506,百利天恒,20230106,SSE,科创板,bundled_seed,2026-06-02
688507,索辰科技,20230418,SSE,科创板,bundled_seed,2026-06-02
688508,芯朋微,20200722,SSE,科创板,bundled_seed,2026-06-02
688509,正元地信,20210730,SSE,科创板,bundled_seed,2026-06-02
688510,航亚科技,20201216,SSE,科创板,bundled_seed,2026-06-02
688511,天微电子,20210730,SSE,科创板,bundled_seed,2026-06-02
688512,慧智微-U,20230516,SSE,科创板,bundled_seed,2026-06-02
688513,苑东生物,20200902,SSE,科创板,bundled_seed,2026-06-02
688515,裕太微-U,20230210,SSE,科创板,bundled_seed,2026-06-02
688516,奥特维,20200521,SSE,科创板,bundled_seed,2026-06-02
688517,金冠电气,20210618,SSE,科创板,bundled_seed,2026-06-02
688518,联赢激光,20200622,SSE,科创板,bundled_seed,2026-06-02
688519,南亚新材,20200818,SSE,科创板,bundled_seed,2026-06-02
688520,神州细胞,20200622,SSE,科创板,bundled_seed,2026-06-02
688521,芯原股份,20200818,SSE,科创板,bundled_seed,2026-06-02
688522,纳睿雷达,20230301,SSE,科创板,bundled_seed,2026-06-02
688523,航天环宇,20230602,SSE,科创板,bundled_seed,2026-06-02
688525,佰维存储,20221230,SSE,科创板,bundled_seed,2026-06-02
688526,科前生物,20200922,SSE,科创板,bundled_seed,2026-06-02
688528,秦川物联,20200701,SSE,科创板,bundled_seed,2026-06-02
688529,豪森智能,20201109,SSE,科创板,bundled_seed,2026-06-02
688530,欧莱新材,20240509,SSE,科创板,bundled_seed,2026-06-02
688531,日联科技,20230331,SSE,科创板,bundled_seed,2026-06-02
688533,上声电子,20210419,SSE,科创板,bundled_seed,2026-06-02
688535,华海诚科,20230404,SSE,科创板,bundled_seed,2026-06-02
688536,思瑞浦,20200921,SSE,科创板,bundled_seed,2026-06-02
688538,和辉光电-U,20210528,SSE,科创板,bundled_seed,2026-06-02
688539,高华科技,20230418,SSE,科创板,bundled_seed,2026-06-02
688543,国科军工,20230621,SSE,科创板,bundled_seed,2026-06-02
688545,兴福电子,20250122,SSE,科创板,bundled_seed,2026-06-02
688548,广钢气体,20230815,SSE,科创板,bundled_seed,2026-06-02
688549,中巨芯-U,20230908,SSE,科创板,bundled_seed,2026-06-02
688550,瑞联新材,20200902,SSE,科创板,bundled_seed,2026-06-02
688551,科威尔,20200910,SSE,科创板,bundled_seed,2026-06-02
688552,航天南湖,20230518,SSE,科创板,bundled_seed,2026-06-02
688553,汇宇制药-W,20211026,SSE,科创板,bundled_seed,2026-06-02
688556,高测股份,20200807,SSE,科创板,bundled_seed,2026-06-02
688557,兰剑智能,20201202,SSE,科创板,bundled_seed,2026-06-02
688558,XD国盛智,20200630,SSE,科创板,bundled_seed,2026-06-02
688559,海目星,20200909,SSE,科创板,bundled_seed,2026-06-02
688560,明冠新材,20201224,SSE,科创板,bundled_seed,2026-06-02
688561,奇安信-U,20200722,SSE,科创板,bundled_seed,2026-06-02
688562,航天软件,20230524,SSE,科创板,bundled_seed,2026-06-02
688563,航材股份,20230719,SSE,科创板,bundled_seed,2026-06-02
688565,力源科技,20210513,SSE,科创板,bundled_seed,2026-06-02
688566,吉贝尔,20200518,SSE,科创板,bundled_seed,2026-06-02
688567,孚能科技,20200717,SSE,科创板,bundled_seed,2026-06-02
688568,中科星图,20200708,SSE,科创板,bundled_seed,2026-06-02
688569,铁科轨道,20200831,SSE,科创板,bundled_seed,2026-06-02
688570,天玛智控,20230605,SSE,科创板,bundled_seed,2026-06-02
688571,杭华股份,20201211,SSE,科创板,bundled_seed,2026-06-02
688573,信宇人,20230817,SSE,科创板,bundled_seed,2026-06-02
688575,亚辉龙,20210517,SSE,科创板,bundled_seed,2026-06-02
688576,西山科技,20230606,SSE,科创板,bundled_seed,2026-06-02
688577,浙海德曼,20200916,SSE,科创板,bundled_seed,2026-06-02
688578,艾力斯,20201202,SSE,科创板,bundled_seed,2026-06-02
688579,地纬智能,20200717,SSE,科创板,bundled_seed,2026-06-02
688580,伟思医疗,20200721,SSE,科创板,bundled_seed,2026-06-02
688581,安杰思,20230519,SSE,科创板,bundled_seed,2026-06-02
688582,芯动联科,20230630,SSE,科创板,bundled_seed,2026-06-02
688583,思看科技,20250115,SSE,科创板,bundled_seed,2026-06-02
688584,上海合晶,20240208,SSE,科创板,bundled_seed,2026-06-02
688585,上纬新材,20200928,SSE,科创板,bundled_seed,2026-06-02
688586,江航装备,20200731,SSE,科创板,bundled_seed,2026-06-02
688588,凌志软件,20200511,SSE,科创板,bundled_seed,2026-06-02
688589,力合微,20200722,SSE,科创板,bundled_seed,2026-06-02
688590,新致软件,20201207,SSE,科创板,bundled_seed,2026-06-02
688591,泰凌微,20230825,SSE,科创板,bundled_seed,2026-06-02
688592,司南导航,20230816,SSE,科创板,bundled_seed,2026-06-02
688593,新相微,20230601,SSE,科创板,bundled_seed,2026-06-02
688595,芯海科技,20200928,SSE,科创板,bundled_seed,2026-06-02
688596,正帆科技,20200820,SSE,科创板,bundled_seed,2026-06-02
688597,煜邦电力,20210617,SSE,科创板,bundled_seed,2026-06-02
688598,金博股份,20200518,SSE,科创板,bundled_seed,2026-06-02
688599,天合光能,20200610,SSE,科创板,bundled_seed,2026-06-02
688600,皖仪科技,20200703,SSE,科创板,bundled_seed,2026-06-02
688601,力芯微,20210628,SSE,科创板,bundled_seed,2026-06-02
688602,康鹏科技,20230720,SSE,科创板,bundled_seed,2026-06-02
688603,天承科技,20230710,SSE,科创板,bundled_seed,2026-06-02
688605,先锋精科,20241212,SSE,科创板,bundled_seed,2026-06-02
688606,奥泰生物,20210325,SSE,科创板,bundled_seed,2026-06-02
688607,康众医疗,20210201,SSE,科创板,bundled_seed,2026-06-02
688608,恒玄科技,20201216,SSE,科创板,bundled_seed,2026-06-02
688609,九联科技,20210323,SSE,科创板,bundled_seed,2026-06-02
688610,埃科光电,20230719,SSE,科创板,bundled_seed,2026-06-02
688611,杭州柯林,20210412,SSE,科创板,bundled_seed,2026-06-02
688612,威迈斯,20230726,SSE,科创板,bundled_seed,2026-06-02
688613,奥精医疗,20210521,SSE,科创板,bundled_seed,2026-06-02
688615,合合信息,20240926,SSE,科创板,bundled_seed,2026-06-02
688616,西力科技,20210318,SSE,科创板,bundled_seed,2026-06-02
688617,惠泰医疗,20210107,SSE,科创板,bundled_seed,2026-06-02
688618,三旺通信,20201230,SSE,科创板,bundled_seed,2026-06-02
688619,罗普特,20210223,SSE,科创板,bundled_seed,2026-06-02
688620,安凯微,20230627,SSE,科创板,bundled_seed,2026-06-02
688621,阳光诺和,20210621,SSE,科创板,bundled_seed,2026-06-02
688622,*ST禾信,20210913,SSE,科创板,bundled_seed,2026-06-02
688623,双元科技,20230608,SSE,科创板,bundled_seed,2026-06-02
688625,呈和科技,20210607,SSE,科创板,bundled_seed,2026-06-02
688626,翔宇医疗,20210331,SSE,科创板,bundled_seed,2026-06-02
688627,精智达,20230718,SSE,科创板,bundled_seed,2026-06-02
688628,优利德,20210201,SSE,科创板,bundled_seed,2026-06-02
688629,华丰科技,20230627,SSE,科创板,bundled_seed,2026-06-02
688630,芯碁微装,20210401,SSE,科创板,bundled_seed,2026-06-02
688631,莱斯信息,20230628,SSE,科创板,bundled_seed,2026-06-02
688633,星球石墨,20210324,SSE,科创板,bundled_seed,2026-06-02
688635,C长进,20260527,SSE,科创板,bundled_seed,2026-06-02
688636,智明达,20210408,SSE,科创板,bundled_seed,2026-06-02
688638,誉辰智能,20230712,SSE,科创板,bundled_seed,2026-06-02
688639,华恒生物,20210422,SSE,科创板,bundled_seed,2026-06-02
688646,ST逸飞,20230728,SSE,科创板,bundled_seed,2026-06-02
688648,中邮科技,20231113,SSE,科创板,bundled_seed,2026-06-02
688651,盛邦安全,20230726,SSE,科创板,bundled_seed,2026-06-02
688652,京仪装备,20231129,SSE,科创板,bundled_seed,2026-06-02
688653,康希通信,20231117,SSE,科创板,bundled_seed,2026-06-02
688655,迅捷兴,20210511,SSE,科创板,bundled_seed,2026-06-02
688656,XD浩欧博,20210113,SSE,科创板,bundled_seed,2026-06-02
688657,浩辰软件,20231010,SSE,科创板,bundled_seed,2026-06-02
688658,悦康药业,20201224,SSE,科创板,bundled_seed,2026-06-02
688659,元琛科技,20210331,SSE,科创板,bundled_seed,2026-06-02
688660,电气风电,20210519,SSE,科创板,bundled_seed,2026-06-02
688661,和林微纳,20210329,SSE,科创板,bundled_seed,2026-06-02
688662,富信科技,20210401,SSE,科创板,bundled_seed,2026-06-02
688663,新风光,20210413,SSE,科创板,bundled_seed,2026-06-02
688665,四方光电,20210209,SSE,科创板,bundled_seed,2026-06-02
688667,菱电电控,20210312,SSE,科创板,bundled_seed,2026-06-02
688668,鼎通科技,20201221,SSE,科创板,bundled_seed,2026-06-02
688669,聚石化学,20210125,SSE,科创板,bundled_seed,2026-06-02
688670,金迪克,20210802,SSE,科创板,bundled_seed,2026-06-02
688671,碧兴物联,20230809,SSE,科创板,bundled_seed,2026-06-02
688676,金盘科技,20210309,SSE,科创板,bundled_seed,2026-06-02
688677,海泰新光,20210226,SSE,科创板,bundled_seed,2026-06-02
688678,福立旺,20201223,SSE,科创板,bundled_seed,2026-06-02
688679,通源环境,20201225,SSE,科创板,bundled_seed,2026-06-02
688680,海优新材,20210122,SSE,科创板,bundled_seed,2026-06-02
688681,科汇股份,20210616,SSE,科创板,bundled_seed,2026-06-02
688682,霍莱沃,20210420,SSE,科创板,bundled_seed,2026-06-02
688683,莱尔科技,20210412,SSE,科创板,bundled_seed,2026-06-02
688685,迈信林,20210513,SSE,科创板,bundled_seed,2026-06-02
688686,奥普特,20201231,SSE,科创板,bundled_seed,2026-06-02
688687,凯因科技,20210208,SSE,科创板,bundled_seed,2026-06-02
688689,银河微电,20210127,SSE,科创板,bundled_seed,2026-06-02
688690,纳微科技,20210623,SSE,科创板,bundled_seed,2026-06-02
688691,灿芯股份,20240411,SSE,科创板,bundled_seed,2026-06-02
688692,达梦数据,20240612,SSE,科创板,bundled_seed,2026-06-02
688693,锴威特,20230818,SSE,科创板,bundled_seed,2026-06-02
688695,中创股份,20240313,SSE,科创板,bundled_seed,2026-06-02
688696,极米科技,20210303,SSE,科创板,bundled_seed,2026-06-02
688697,纽威数控,20210917,SSE,科创板,bundled_seed,2026-06-02
688698,伟创电气,20201229,SSE,科创板,bundled_seed,2026-06-02
688699,明微电子,20201218,SSE,科创板,bundled_seed,2026-06-02
688700,东威科技,20210615,SSE,科创板,bundled_seed,2026-06-02
688701,卓锦股份,20210916,SSE,科创板,bundled_seed,2026-06-02
688702,盛科通信-U,20230914,SSE,科创板,bundled_seed,2026-06-02
688707,振华新材,20210914,SSE,科创板,bundled_seed,2026-06-02
688708,佳驰科技,20241205,SSE,科创板,bundled_seed,2026-06-02
688709,成都华微,20240207,SSE,科创板,bundled_seed,2026-06-02
688710,益诺思,20240903,SSE,科创板,bundled_seed,2026-06-02
688711,宏微科技,20210901,SSE,科创板,bundled_seed,2026-06-02
688712,北芯生命,20260205,SSE,科创板,bundled_seed,2026-06-02
688716,中研股份,20230920,SSE,科创板,bundled_seed,2026-06-02
688717,艾罗能源,20240103,SSE,科创板,bundled_seed,2026-06-02
688718,唯赛勃,20210728,SSE,科创板,bundled_seed,2026-06-02
688719,爱科赛博,20230928,SSE,科创板,bundled_seed,2026-06-02
688720,艾森股份,20231206,SSE,科创板,bundled_seed,2026-06-02
688721,龙图光罩,20240806,SSE,科创板,bundled_seed,2026-06-02
688722,同益中,20211019,SSE,科创板,bundled_seed,2026-06-02
688726,拉普拉斯,20241029,SSE,科创板,bundled_seed,2026-06-02
688727,恒坤新材,20251118,SSE,科创板,bundled_seed,2026-06-02
688728,格科微,20210818,SSE,科创板,bundled_seed,2026-06-02
688729,屹唐股份,20250708,SSE,科创板,bundled_seed,2026-06-02
688733,壹石通,20210817,SSE,科创板,bundled_seed,2026-06-02
688737,中自科技,20211022,SSE,科创板,bundled_seed,2026-06-02
688739,成大生物,20211028,SSE,科创板,bundled_seed,2026-06-02
688750,金天钛业,20241120,SSE,科创板,bundled_seed,2026-06-02
688755,汉邦科技,20250516,SSE,科创板,bundled_seed,2026-06-02
688757,胜科纳米,20250325,SSE,科创板,bundled_seed,2026-06-02
688758,赛分科技,20250110,SSE,科创板,bundled_seed,2026-06-02
688759,必贝特-U,20251028,SSE,科创板,bundled_seed,2026-06-02
688765,禾元生物-U,20251028,SSE,科创板,bundled_seed,2026-06-02
688766,普冉股份,20210823,SSE,科创板,bundled_seed,2026-06-02
688767,博拓生物,20210908,SSE,科创板,bundled_seed,2026-06-02
688768,容知日新,20210726,SSE,科创板,bundled_seed,2026-06-02
688772,珠海冠宇,20211015,SSE,科创板,bundled_seed,2026-06-02
688775,影石创新,20250611,SSE,科创板,bundled_seed,2026-06-02
688776,国光电气,20210831,SSE,科创板,bundled_seed,2026-06-02
688777,中控技术,20201124,SSE,科创板,bundled_seed,2026-06-02
688778,厦钨新能,20210805,SSE,科创板,bundled_seed,2026-06-02
688779,五矿新能,20210811,SSE,科创板,bundled_seed,2026-06-02
688781,视涯科技-UW,20260325,SSE,科创板,bundled_seed,2026-06-02
688783,西安奕材-U,20251028,SSE,科创板,bundled_seed,2026-06-02
688785,恒运昌,20260128,SSE,科创板,bundled_seed,2026-06-02
688786,悦安新材,20210826,SSE,科创板,bundled_seed,2026-06-02
688787,海天瑞声,20210813,SSE,科创板,bundled_seed,2026-06-02
688788,科思科技,20201022,SSE,科创板,bundled_seed,2026-06-02
688789,宏华数科,20210708,SSE,科创板,bundled_seed,2026-06-02
688790,昂瑞微-UW,20251216,SSE,科创板,bundled_seed,2026-06-02
688793,倍轻松,20210715,SSE,科创板,bundled_seed,2026-06-02
688795,摩尔线程-U,20251205,SSE,科创板,bundled_seed,2026-06-02
688796,百奥赛图,20251210,SSE,科创板,bundled_seed,2026-06-02
688798,艾为电子,20210816,SSE,科创板,bundled_seed,2026-06-02
688799,华纳药厂,20210713,SSE,科创板,bundled_seed,2026-06-02
688800,瑞可达,20210722,SSE,科创板,bundled_seed,2026-06-02
688802,沐曦股份-U,20251217,SSE,科创板,bundled_seed,2026-06-02
688805,健信超导,20251224,SSE,科创板,bundled_seed,2026-06-02
688807,优迅股份,20251219,SSE,科创板,bundled_seed,2026-06-02
688808,联讯仪器,20260424,SSE,科创板,bundled_seed,2026-06-02
688809,强一股份,20251230,SSE,科创板,bundled_seed,2026-06-02
688811,有研复材,20260410,SSE,科创板,bundled_seed,2026-06-02
688813,泰金新能,20260331,SSE,科创板,bundled_seed,2026-06-02
688816,易思维,20260211,SSE,科创板,bundled_seed,2026-06-02
688818,电科蓝天,20260210,SSE,科创板,bundled_seed,2026-06-02
688819,天能股份,20210118,SSE,科创板,bundled_seed,2026-06-02
688820,盛合晶微,20260421,SSE,科创板,bundled_seed,2026-06-02
688981,中芯国际,20200716,SSE,科创板,bundled_seed,2026-06-02
689009,九号公司-WD,20201029,SSE,科创板,bundled_seed,2026-06-02
